Субъекты РФ;Год;Экспорт (млн. дол. США);Импорт (млн. дол. США)
Центральный федеральный округ;2000;103092.8;33880.1
Белгородская область;2000;32260.9;15546.3
Брянская область;2000;536.4;576.8
Владимирская область;2000;80.7;131
Воронежская область;2000;101.1;147.3
Ивановская область;2000;182.4;168.2
Калужская область;2000;65.7;198.4
Костромская область;2000;84.8;127.7
Курская область;2000;69.8;19.3
Липецкая область;2000;111.1;179.9
Московская область;2000;1053.6;161
Орловская область;2000;2079.8;2109.3
Рязанская область;2000;83.3;121.4
Смоленская область;2000;788;64.5
Тамбовская область;2000;412.3;107.3
Тверская область;2000;32.8;45.4
Тульская область;2000;105;174.2
Ярославская область;2000;651.5;139.9
г. Москва;2000;869.5;191.9
Северо-Западный федеральный округ;2000;24953.1;10882.8
Республика Карелия;2000;10005.1;4666.5
Республика Коми;2000;538.8;157.8
Архангельская область;2000;1121.5;138
в том числе: ;2000;769.6;104
Ненецкий автономный округ;2000;0;0
Архангельская область без автономного округа;2000;0;0
Вологодская область;2000;0;0
Калининградская область;2000;1518.2;126.8
Ленинградская область;2000;441.6;809
Мурманская область;2000;2098.6;460
Новгородская область;2000;592.6;130.3
Псковская область;2000;271.6;64.4
г. Санкт-Петербург;2000;108.2;77.6
Южный             федеральный округ;2000;2544.4;2598.6
Республика Адыгея;2000;3023.1;1452.3
Республика Калмыкия;2000;2.5;7.9
Республика Крым;2000;196.2;47.4
Краснодарский край;2000;0;0
Астраханская область;2000;995.7;571.7
Волгоградская область;2000;249.7;53
Ростовская область;2000;869.8;252.7
г. Севастополь;2000;709.2;519.6
Северо-Кавказский        федеральный округ;2000;0;0
Республика Дагестан;2000;558.3;298.5
Республика Ингушетия;2000;132.9;23.5
Кабардино-Балкарская Республика;2000;72.6;91.6
Карачаево-Черкесская Республика;2000;9;14.2
Республика Северная Осетия - Алания;2000;5.1;4.5
Чеченская Республика;2000;67.1;67.4
Ставропольский край;2000;0;0
Приволжский федеральный округ;2000;271.6;97.3
Республика Башкортостан;2000;15909.9;2857.2
Республика Марий Эл;2000;2668.6;242
Республика Мордовия;2000;32.6;12.6
Республика Татарстан;2000;19.7;25.8
Удмуртская Республика;2000;2990.2;363.1
Чувашская Республика;2000;959.6;77.6
Пермский край;2000;62;55.7
Кировская область;2000;387.8;224
Нижегородская область ;2000;861.8;109
Оренбургская область;2000;1333.1;720.4
Пензенская область;2000;53.7;121.1
Самарская область;2000;2341.8;79.6
Саратовская область;2000;3514.6;626.2
Ульяновская область;2000;511.3;147.2
Уральский         федеральный округ;2000;173.1;52.9
Курганская область;2000;20645.9;2040.7
Свердловская область ;2000;183.9;68.1
Тюменская область;2000;2779.6;578.7
в том числе:;2000;15821.4;807
Ханты-Мансийский автономный округ - Югра;2000;0;0
Ямало-Ненецкий автономный округ;2000;0;0
Тюменская область  без автономных округов;2000;0;0
Челябинская область;2000;0;0
Сибирский        федеральный округ;2000;1861;586.9
Республика Алтай;2000;11201.8;2207.6
Республика Тыва;2000;51.8;68.5
Республика Хакасия;2000;39.5;18.1
Алтайский край;2000;380;187.2
Красноярский край;2000;206.6;114
Иркутская область;2000;3632.9;649.6
Кемеровская область;2000;2942.2;537.3
Новосибирская область ;2000;1854.7;169
Омская область;2000;463.8;262.2
Томская область;2000;911.2;150.9
Дальневосточный федеральный округ;2000;719.1;50.8
Республика Бурятия;2000;3852.6;759.7
Республика Саха (Якутия);2000;116.5;29.7
Забайкальский край;2000;1089.5;39
Камчатский край;2000;103.6;59.9
Приморский край;2000;126;39.3
Хабаровский край ;2000;610.1;327.2
Амурская область;2000;1307;115.1
Магаданская область;2000;58.4;16.6
Сахалинская область;2000;3.8;41.3
Еврейская автономная область;2000;425.3;85.1
Чукотский автономный округ;2000;12.1;4.6
Центральный федеральный округ;2001;99969.6;41881.3
Белгородская область;2001;32089.2;19997.6
Брянская область;2001;719.4;789.2
Владимирская область;2001;116.9;181.9
Воронежская область;2001;116.2;195.7
Ивановская область;2001;224.2;180.4
Калужская область;2001;73.5;180.6
Костромская область;2001;69.2;135.8
Курская область;2001;91.6;14.1
Липецкая область;2001;96;150.8
Московская область;2001;923.7;223.2
Орловская область;2001;1592.4;2524.3
Рязанская область;2001;131.2;115.4
Смоленская область;2001;765.8;94.3
Тамбовская область;2001;419.8;133.5
Тверская область;2001;44.2;67.1
Тульская область;2001;117.2;156.5
Ярославская область;2001;859.1;126.3
г. Москва;2001;1314.2;247.8
Северо-Западный федеральный округ;2001;24414.7;14480.6
Республика Карелия;2001;8752;6705.1
Республика Коми;2001;569.6;117.2
Архангельская область;2001;1009.8;102.5
в том числе: ;2001;648.7;114.2
Ненецкий автономный округ;2001;0;0
Архангельская область без автономного округа;2001;0;0
Вологодская область;2001;0;0
Калининградская область;2001;1122.6;142.6
Ленинградская область;2001;386.9;984.4
Мурманская область;2001;2115.4;807.6
Новгородская область;2001;539.5;120.9
Псковская область;2001;298.3;113.5
г. Санкт-Петербург;2001;114.4;165.8
Южный             федеральный округ;2001;1946.8;4036.3
Республика Адыгея;2001;973.5;1678.6
Республика Калмыкия;2001;1.3;22
Республика Крым;2001;34.5;61.9
Краснодарский край;2001;0;0
Астраханская область;2001;149.3;627.2
Волгоградская область;2001;112.2;48.2
Ростовская область;2001;207;272.1
г. Севастополь;2001;469.2;647.2
Северо-Кавказский        федеральный округ;2001;0;0
Республика Дагестан;2001;626.8;216.9
Республика Ингушетия;2001;92.4;18.4
Кабардино-Балкарская Республика;2001;83.4;4.2
Карачаево-Черкесская Республика;2001;4.6;5.4
Республика Северная Осетия - Алания;2001;4.4;8.5
Чеченская Республика;2001;68.1;68
Ставропольский край;2001;81.7;0
Приволжский федеральный округ;2001;292.2;112.4
Республика Башкортостан;2001;14764.6;2882.8
Республика Марий Эл;2001;2226.8;262.3
Республика Мордовия;2001;33;13.9
Республика Татарстан;2001;31.7;28.8
Удмуртская Республика;2001;2826.8;346.8
Чувашская Республика;2001;658;93.1
Пермский край;2001;71.4;69.6
Кировская область;2001;1915;38
Нижегородская область ;2001;473.6;397.1
Оренбургская область;2001;909.8;459.1
Пензенская область;2001;1347.2;52.5
Самарская область;2001;156.7;255.6
Саратовская область;2001;3600.5;655.7
Ульяновская область;2001;403.1;161.9
Уральский         федеральный округ;2001;111;48.4
Курганская область;2001;19900.4;2319.9
Свердловская область ;2001;113.2;50.2
Тюменская область;2001;2912.8;747.5
в том числе:;2001;15153.1;830.2
Ханты-Мансийский автономный округ - Югра;2001;0;0
Ямало-Ненецкий автономный округ;2001;0;0
Тюменская область  без автономных округов;2001;0;0
Челябинская область;2001;0;0
Сибирский        федеральный округ;2001;1721.3;692
Республика Алтай;2001;10307.4;2241.3
Республика Тыва;2001;42;138.1
Республика Хакасия;2001;14.4;9.8
Алтайский край;2001;360.8;169.6
Красноярский край;2001;274.9;144
Иркутская область;2001;2859.5;610.5
Кемеровская область;2001;2710.1;434.4
Новосибирская область ;2001;2102.8;181
Омская область;2001;502.3;326.8
Томская область;2001;809.7;163.8
Дальневосточный федеральный округ;2001;630.9;63.3
Республика Бурятия;2001;5626.4;1236.1
Республика Саха (Якутия);2001;141.8;30.2
Забайкальский край;2001;1298.3;31.8
Камчатский край;2001;85.4;263.4
Приморский край;2001;156.5;60.4
Хабаровский край ;2001;1146.9;459.1
Амурская область;2001;2350.3;140.5
Магаданская область;2001;96.4;20.4
Сахалинская область;2001;2.8;55.4
Еврейская автономная область;2001;331.2;168.7
Чукотский автономный округ;2001;16.7;4
Центральный федеральный округ;2002;106154.3;46153
Белгородская область;2002;31768.7;22193.1
Брянская область;2002;507.8;611.6
Владимирская область;2002;164.7;212.2
Воронежская область;2002;147.5;197
Ивановская область;2002;196;224.5
Калужская область;2002;82.7;146.4
Костромская область;2002;68.3;208.1
Курская область;2002;82.8;47.4
Липецкая область;2002;95.5;113.8
Московская область;2002;1218;254.1
Орловская область;2002;1513.5;3144.2
Рязанская область;2002;216.4;190.6
Смоленская область;2002;517.4;164.9
Тамбовская область;2002;401.2;174.5
Тверская область;2002;48.4;74.3
Тульская область;2002;120.5;119.3
Ярославская область;2002;806.1;183.5
г. Москва;2002;344.3;233.1
Северо-Западный федеральный округ;2002;25237.7;15893.6
Республика Карелия;2002;8891.9;8455.8
Республика Коми;2002;521.6;132
Архангельская область;2002;1139.6;90
в том числе: ;2002;656.4;147.6
Ненецкий автономный округ;2002;0;0
Архангельская область без автономного округа;2002;0;0
Вологодская область;2002;0;0
Калининградская область;2002;1302.8;190.1
Ленинградская область;2002;394.4;1577.3
Мурманская область;2002;2193.8;981.4
Новгородская область;2002;471.9;91.2
Псковская область;2002;365.6;136.3
г. Санкт-Петербург;2002;122.5;174.9
Южный             федеральный округ;2002;1723.4;4934.9
Республика Адыгея;2002;3650.6;2096
Республика Калмыкия;2002;2.6;11.8
Республика Крым;2002;25;45.3
Краснодарский край;2002;0;0
Астраханская область;2002;1083.2;954.8
Волгоградская область;2002;234.5;116.1
Ростовская область;2002;1293.1;286.6
г. Севастополь;2002;1012.2;681.4
Северо-Кавказский        федеральный округ;2002;0;0
Республика Дагестан;2002;449;265.9
Республика Ингушетия;2002;73.8;45.3
Кабардино-Балкарская Республика;2002;18.7;0.2
Карачаево-Черкесская Республика;2002;6.7;7.6
Республика Северная Осетия - Алания;2002;4.9;6.6
Чеченская Республика;2002;90.5;63.1
Ставропольский край;2002;11.9;0
Приволжский федеральный округ;2002;242.5;143.1
Республика Башкортостан;2002;16885;3128.2
Республика Марий Эл;2002;2389.6;290
Республика Мордовия;2002;35;15.6
Республика Татарстан;2002;37.4;32.5
Удмуртская Республика;2002;3212.2;300.3
Чувашская Республика;2002;692.6;80.6
Пермский край;2002;87.4;61.5
Кировская область;2002;1958.5;36.2
Нижегородская область ;2002;569.5;500.8
Оренбургская область;2002;1586.7;418.5
Пензенская область;2002;1638.6;69.3
Самарская область;2002;249.7;287.2
Саратовская область;2002;3511.1;798.8
Ульяновская область;2002;750.9;177.8
Уральский         федеральный округ;2002;165.8;59.1
Курганская область;2002;23960.9;2177.6
Свердловская область ;2002;74;31.6
Тюменская область;2002;3076.8;771
в том числе:;2002;18699.4;740.1
Ханты-Мансийский автономный округ - Югра;2002;0;0
Ямало-Ненецкий автономный округ;2002;0;0
Тюменская область  без автономных округов;2002;0;0
Челябинская область;2002;0;0
Сибирский        федеральный округ;2002;2110.7;634.9
Республика Алтай;2002;10414.5;2068.2
Республика Тыва;2002;28.6;157.2
Республика Хакасия;2002;1.5;7.8
Алтайский край;2002;345.1;160.9
Красноярский край;2002;262.8;116
Иркутская область;2002;3285.1;476.6
Кемеровская область;2002;2668.6;435.2
Новосибирская область ;2002;1773.4;147.9
Омская область;2002;586.2;356.3
Томская область;2002;870.5;169.4
Дальневосточный федеральный округ;2002;592.7;40.9
Республика Бурятия;2002;4087.1;1604.1
Республика Саха (Якутия);2002;212.4;38.5
Забайкальский край;2002;957.4;37.5
Камчатский край;2002;87.7;206.6
Приморский край;2002;143.9;27.3
Хабаровский край ;2002;790.5;761.3
Амурская область;2002;1173.5;209.4
Магаданская область;2002;70.8;23.9
Сахалинская область;2002;6.4;47.9
Еврейская автономная область;2002;636.3;233.4
Чукотский автономный округ;2002;8.1;4.1
Центральный федеральный округ;2003;133655;57346
Белгородская область;2003;37977.9;28735.5
Брянская область;2003;713.6;927.5
Владимирская область;2003;99.7;427.7
Воронежская область;2003;205;230.5
Ивановская область;2003;309.8;337.2
Калужская область;2003;100.5;144.9
Костромская область;2003;128.3;228
Курская область;2003;93.5;55.8
Липецкая область;2003;133.9;182.3
Московская область;2003;1650.1;282.7
Орловская область;2003;1814.4;4646.5
Рязанская область;2003;387.7;355.3
Смоленская область;2003;667.1;263.3
Тамбовская область;2003;467.5;171.9
Тверская область;2003;52.9;98.7
Тульская область;2003;129;154.9
Ярославская область;2003;969.1;215.7
г. Москва;2003;410.9;276.5
Северо-Западный федеральный округ;2003;29644.9;19736.1
Республика Карелия;2003;11710;10592.1
Республика Коми;2003;639.1;180.5
Архангельская область;2003;1284.5;173.8
в том числе: ;2003;754;115.6
Ненецкий автономный округ;2003;0;0
Архангельская область без автономного округа;2003;181.2;27.5
Вологодская область;2003;572.8;88.1
Калининградская область;2003;1524.1;195.4
Ленинградская область;2003;470.7;2097.8
Мурманская область;2003;2920.5;1390.5
Новгородская область;2003;709.6;177
Псковская область;2003;428.7;227.2
г. Санкт-Петербург;2003;146.5;208.6
Южный             федеральный округ;2003;2832.2;5825.7
Республика Адыгея;2003;4899.6;2314.6
Республика Калмыкия;2003;61.6;8.6
Республика Крым;2003;49.1;44.8
Краснодарский край;2003;0;0
Астраханская область;2003;1494.2;834.1
Волгоградская область;2003;334.7;126.5
Ростовская область;2003;1639.9;374.5
г. Севастополь;2003;1320.1;926.1
Северо-Кавказский        федеральный округ;2003;0;0
Республика Дагестан;2003;475.9;375.6
Республика Ингушетия;2003;64.2;73.4
Кабардино-Балкарская Республика;2003;0;0.3
Карачаево-Черкесская Республика;2003;12.1;8.2
Республика Северная Осетия - Алания;2003;7.9;11.5
Чеченская Республика;2003;47.1;84.1
Ставропольский край;2003;0;0
Приволжский федеральный округ;2003;344.6;198.1
Республика Башкортостан;2003;20544.3;3550.6
Республика Марий Эл;2003;2755.5;266.7
Республика Мордовия;2003;83.4;18.1
Республика Татарстан;2003;32;40.8
Удмуртская Республика;2003;3676.5;384.7
Чувашская Республика;2003;660.4;79.9
Пермский край;2003;107;55.3
Кировская область;2003;2359.5;40.3
Нижегородская область ;2003;299.9;679.7
Оренбургская область;2003;1831.5;458.8
Пензенская область;2003;2266.2;70.3
Самарская область;2003;73.2;323.6
Саратовская область;2003;5070.6;865.5
Ульяновская область;2003;1139;190.8
Уральский         федеральный округ;2003;189.6;76.1
Курганская область;2003;28868.1;2552.9
Свердловская область ;2003;101;76.9
Тюменская область;2003;3305.1;900.6
в том числе:;2003;22877.2;684.6
Ханты-Мансийский автономный округ - Югра;2003;0;0
Ямало-Ненецкий автономный округ;2003;18718.8;355.7
Тюменская область  без автономных округов;2003;2885.5;235.5
Челябинская область;2003;1272.9;93.4
Сибирский        федеральный округ;2003;2584.8;890.8
Республика Алтай;2003;12851.9;2246.9
Республика Тыва;2003;20;119.6
Республика Хакасия;2003;4.5;2.9
Алтайский край;2003;465.3;195.6
Красноярский край;2003;402.5;135
Иркутская область;2003;3999;498.5
Кемеровская область;2003;2754.1;418.8
Новосибирская область ;2003;2649.6;160.8
Омская область;2003;672.3;447.7
Томская область;2003;1312.1;183.2
Дальневосточный федеральный округ;2003;572.5;84.8
Республика Бурятия;2003;4847.8;1927.5
Республика Саха (Якутия);2003;340.2;29.4
Забайкальский край;2003;1162.3;48.3
Камчатский край;2003;89.4;106.1
Приморский край;2003;155.4;42.6
Хабаровский край ;2003;761.5;937.4
Амурская область;2003;1600.6;272.3
Магаданская область;2003;76.2;36.8
Сахалинская область;2003;7.7;51.3
Еврейская автономная область;2003;646;364.2
Чукотский автономный округ;2003;8.4;3.8
Центральный федеральный округ;2004;181634;75589
Белгородская область;2004;66549.4;37436.5
Брянская область;2004;981.4;1291.6
Владимирская область;2004;444.4;566.7
Воронежская область;2004;188.1;237.7
Ивановская область;2004;417.8;347.8
Калужская область;2004;109.2;215.1
Костромская область;2004;152.3;344
Курская область;2004;137.1;191.8
Липецкая область;2004;171.8;178.3
Московская область;2004;3216.1;527.7
Орловская область;2004;2977.2;5210.2
Рязанская область;2004;150.5;213.3
Смоленская область;2004;270.9;163.1
Тамбовская область;2004;546.8;188.9
Тверская область;2004;54.2;89.2
Тульская область;2004;114.4;175
Ярославская область;2004;1689.7;255.8
г. Москва;2004;462.7;297.5
Северо-Западный федеральный округ;2004;54464.7;26942.7
Республика Карелия;2004;16353.7;13554.3
Республика Коми;2004;805.4;182.7
Архангельская область;2004;700;129.1
в том числе: ;2004;849.6;132.9
Ненецкий автономный округ;2004;0;0
Архангельская область без автономного округа;2004;0;0
Вологодская область;2004;849.6;132.9
Калининградская область;2004;2694.6;339.9
Ленинградская область;2004;598.1;2845.3
Мурманская область;2004;4748.5;2075.4
Новгородская область;2004;1036.3;119.2
Псковская область;2004;531.5;199.2
г. Санкт-Петербург;2004;271.9;283.8
Южный             федеральный округ;2004;4117.8;7246.7
Республика Адыгея;2004;4120.7;3154.4
Республика Калмыкия;2004;5.5;18.4
Республика Крым;2004;63.4;64.9
Краснодарский край;2004;0;0
Астраханская область;2004;904.3;943.2
Волгоградская область;2004;195.6;85.2
Ростовская область;2004;1381.1;411
г. Севастополь;2004;1570.8;1631.7
Северо-Кавказский        федеральный округ;2004;0;0
Республика Дагестан;2004;1129.1;282.6
Республика Ингушетия;2004;49.9;68.5
Кабардино-Балкарская Республика;2004;599.6;16
Карачаево-Черкесская Республика;2004;15.9;8.5
Республика Северная Осетия - Алания;2004;9.1;8.1
Чеченская Республика;2004;39.3;41.9
Ставропольский край;2004;0;0.1
Приволжский федеральный округ;2004;415.3;139.5
Республика Башкортостан;2004;23246.9;4121.2
Республика Марий Эл;2004;3808.7;325
Республика Мордовия;2004;64.7;33.7
Республика Татарстан;2004;65.5;44.8
Удмуртская Республика;2004;5243.5;414.8
Чувашская Республика;2004;261.7;93.5
Пермский край;2004;141.8;84.1
Кировская область;2004;2710;233
Нижегородская область ;2004;347.4;185.3
Оренбургская область;2004;1419.6;1132.1
Пензенская область;2004;1685.4;69.5
Самарская область;2004;120.2;151.8
Саратовская область;2004;5808.4;979.6
Ульяновская область;2004;1396;296.1
Уральский         федеральный округ;2004;174;77.9
Курганская область;2004;32295.8;3802.9
Свердловская область ;2004;193;184.4
Тюменская область;2004;4917.3;1334.9
в том числе:;2004;22909.5;654.1
Ханты-Мансийский автономный округ - Югра;2004;0;0
Ямало-Ненецкий автономный округ;2004;14163.6;410.3
Тюменская область  без автономных округов;2004;289.6;158.5
Челябинская область;2004;8456.3;85.3
Сибирский        федеральный округ;2004;4276;1629.5
Республика Алтай;2004;20014.7;3229.9
Республика Тыва;2004;50.8;114.9
Республика Хакасия;2004;2.5;3.7
Алтайский край;2004;673;229.3
Красноярский край;2004;652.9;242.4
Иркутская область;2004;5210.5;656.6
Кемеровская область;2004;3380.1;681.3
Новосибирская область ;2004;4203.8;425
Омская область;2004;814.3;553.9
Томская область;2004;4165.1;259.9
Дальневосточный федеральный округ;2004;861.7;62.9
Республика Бурятия;2004;6379.4;2772.7
Республика Саха (Якутия);2004;288.7;27.2
Забайкальский край;2004;1684.3;51.7
Камчатский край;2004;84.8;101.7
Приморский край;2004;111;35
Хабаровский край ;2004;812.6;1351.5
Амурская область;2004;1836.2;282.9
Магаданская область;2004;99.6;50.6
Сахалинская область;2004;25.2;78.6
Еврейская автономная область;2004;707.8;759.9
Чукотский автономный округ;2004;5.4;4.8
Центральный федеральный округ;2005;241473;98708
Белгородская область;2005;96439.6;50164.1
Брянская область;2005;1418.1;1919.2
Владимирская область;2005;260.4;677
Воронежская область;2005;236.6;300.9
Ивановская область;2005;620.6;387.9
Калужская область;2005;124.2;228.6
Костромская область;2005;167.8;435.7
Курская область;2005;195.8;143.4
Липецкая область;2005;344;256.1
Московская область;2005;2795.1;535.7
Орловская область;2005;2091.4;6510.5
Рязанская область;2005;181.8;242.9
Смоленская область;2005;172.2;192.2
Тамбовская область;2005;677.3;282.4
Тверская область;2005;50.7;70.7
Тульская область;2005;123.2;207.4
Ярославская область;2005;2128.9;375.1
г. Москва;2005;355.3;198.7
Северо-Западный федеральный округ;2005;84496.2;37199.6
Республика Карелия;2005;19927.6;18811.1
Республика Коми;2005;998.6;183.4
Архангельская область;2005;696.3;224.2
в том числе: ;2005;1037.3;131.7
Ненецкий автономный округ;2005;0;0
Архангельская область без автономного округа;2005;12.9;1.5
Вологодская область;2005;1024.4;130.2
Калининградская область;2005;3016.3;316.4
Ленинградская область;2005;859.6;3796.6
Мурманская область;2005;6048.9;3206.2
Новгородская область;2005;1190.7;210.4
Псковская область;2005;763.2;299.3
г. Санкт-Петербург;2005;402.1;327.4
Южный             федеральный округ;2005;4914.5;10115.6
Республика Адыгея;2005;5707.8;4233.8
Республика Калмыкия;2005;3.1;7.6
Республика Крым;2005;148.6;73.6
Краснодарский край;2005;0;0
Астраханская область;2005;1425.9;1406.6
Волгоградская область;2005;247;152.1
Ростовская область;2005;2067.2;546.4
г. Севастополь;2005;1816;2047.5
Северо-Кавказский        федеральный округ;2005;0;0
Республика Дагестан;2005;1390.8;460.7
Республика Ингушетия;2005;123.9;182.1
Кабардино-Балкарская Республика;2005;497.5;21
Карачаево-Черкесская Республика;2005;47.4;12.3
Республика Северная Осетия - Алания;2005;17.3;12.7
Чеченская Республика;2005;63.5;54.8
Ставропольский край;2005;0;0
Приволжский федеральный округ;2005;641.2;177.8
Республика Башкортостан;2005;31454.2;5288.1
Республика Марий Эл;2005;6455.6;478.9
Республика Мордовия;2005;54;30.9
Республика Татарстан;2005;58.6;86.5
Удмуртская Республика;2005;8962.2;564.2
Чувашская Республика;2005;412.7;211.6
Пермский край;2005;188.4;92.5
Кировская область;2005;2980.7;320.5
Нижегородская область ;2005;389.8;47.1
Оренбургская область;2005;1672.9;1013.4
Пензенская область;2005;2077;795.8
Самарская область;2005;66.8;78
Саратовская область;2005;6260;1046.1
Ульяновская область;2005;1681.9;453.9
Уральский         федеральный округ;2005;193.6;68.7
Курганская область;2005;41827.1;3997.7
Свердловская область ;2005;182.1;158.4
Тюменская область;2005;6013.7;1590.4
в том числе:;2005;30725;693.8
Ханты-Мансийский автономный округ - Югра;2005;0;0
Ямало-Ненецкий автономный округ;2005;11615.2;434.2
Тюменская область  без автономных округов;2005;532.2;130.4
Челябинская область;2005;18577.6;129.2
Сибирский        федеральный округ;2005;4906.3;1555.1
Республика Алтай;2005;25158.4;3772.9
Республика Тыва;2005;32.1;102.6
Республика Хакасия;2005;3;4.2
Алтайский край;2005;703.8;326.3
Красноярский край;2005;744.1;205.3
Иркутская область;2005;6214.9;647.2
Кемеровская область;2005;3307.4;837.3
Новосибирская область ;2005;4905.8;697
Омская область;2005;954.1;608
Томская область;2005;7180.3;290.1
Дальневосточный федеральный округ;2005;1112.9;54.9
Республика Бурятия;2005;9413.1;5849.4
Республика Саха (Якутия);2005;228.3;42
Забайкальский край;2005;2151.8;70.6
Камчатский край;2005;246.7;165.8
Приморский край;2005;148.6;40.3
Хабаровский край ;2005;1049.2;2208.1
Амурская область;2005;2808.5;561.4
Магаданская область;2005;164.7;113.9
Сахалинская область;2005;19.9;80.4
Еврейская автономная область;2005;1062.7;2486.9
Чукотский автономный округ;2005;8.4;9.1
Центральный федеральный округ;2006;301455;137710
Белгородская область;2006;122914.1;73878
Брянская область;2006;1609;2659.8
Владимирская область;2006;162.7;641.1
Воронежская область;2006;253.9;533.7
Ивановская область;2006;752.5;470.6
Калужская область;2006;147.7;259.4
Костромская область;2006;206.1;555.5
Курская область;2006;208.1;125.1
Липецкая область;2006;349.7;362.8
Московская область;2006;3065.1;768.6
Орловская область;2006;2723;9648.5
Рязанская область;2006;179.9;228.5
Смоленская область;2006;199.5;204.7
Тамбовская область;2006;651;467.5
Тверская область;2006;55.6;189.3
Тульская область;2006;194.4;239.7
Ярославская область;2006;2265.1;370.5
г. Москва;2006;387.5;226.2
Северо-Западный федеральный округ;2006;109503.4;55926.7
Республика Карелия;2006;30154;26011.3
Республика Коми;2006;1206;210.9
Архангельская область;2006;838.1;174.4
в том числе: ;2006;1580.8;388.9
Ненецкий автономный округ;2006;0;0
Архангельская область без автономного округа;2006;1.2;2.6
Вологодская область;2006;1579.6;386.3
Калининградская область;2006;2413.5;384.7
Ленинградская область;2006;1248;5156.8
Мурманская область;2006;6829.6;4690.2
Новгородская область;2006;2078.3;145.4
Псковская область;2006;833.4;249.1
г. Санкт-Петербург;2006;459.1;440.3
Южный             федеральный округ;2006;12667.1;14170.5
Республика Адыгея;2006;7287;5435.3
Республика Калмыкия;2006;6.6;12.8
Республика Крым;2006;114.4;44.2
Краснодарский край;2006;0;0
Астраханская область;2006;2085.4;1860.4
Волгоградская область;2006;313.5;230.6
Ростовская область;2006;2679.8;502.2
г. Севастополь;2006;2087.3;2785.1
Северо-Кавказский        федеральный округ;2006;0;0
Республика Дагестан;2006;1159.8;652.7
Республика Ингушетия;2006;61.7;285.7
Кабардино-Балкарская Республика;2006;239;16.8
Карачаево-Черкесская Республика;2006;25.4;27.4
Республика Северная Осетия - Алания;2006;30.7;17
Чеченская Республика;2006;113.3;62
Ставропольский край;2006;0;0.4
Приволжский федеральный округ;2006;689.7;243.4
Республика Башкортостан;2006;37055.7;6358.2
Республика Марий Эл;2006;7656.1;468.6
Республика Мордовия;2006;70.4;29.6
Республика Татарстан;2006;63.7;98.3
Удмуртская Республика;2006;10611.1;922.5
Чувашская Республика;2006;794.5;268.7
Пермский край;2006;266.4;105.3
Кировская область;2006;3092.1;488.8
Нижегородская область ;2006;629.9;90.6
Оренбургская область;2006;1830.6;932.9
Пензенская область;2006;2096;1103.5
Самарская область;2006;111.8;89.4
Саратовская область;2006;7799.1;1102.8
Ульяновская область;2006;1737.3;530.4
Уральский         федеральный округ;2006;296.7;126.8
Курганская область;2006;53247.8;4913.9
Свердловская область ;2006;146.3;245.4
Тюменская область;2006;7690.8;2135.7
в том числе:;2006;40069;845.7
Ханты-Мансийский автономный округ - Югра;2006;0;0
Ямало-Ненецкий автономный округ;2006;16060.7;491.8
Тюменская область  без автономных округов;2006;830.4;92.8
Челябинская область;2006;23177.9;261.1
Сибирский        федеральный округ;2006;5341.7;1687.1
Республика Алтай;2006;27609.1;5387.8
Республика Тыва;2006;22.1;170.6
Республика Хакасия;2006;2;15.7
Алтайский край;2006;1243.5;524.8
Красноярский край;2006;594.1;308.7
Иркутская область;2006;8454.2;1059.6
Кемеровская область;2006;4375;1055.4
Новосибирская область ;2006;6332.2;687.8
Омская область;2006;1046.7;1018.2
Томская область;2006;4819.8;411.9
Дальневосточный федеральный округ;2006;719.5;135.1
Республика Бурятия;2006;8688.3;7184.7
Республика Саха (Якутия);2006;281.1;71.8
Забайкальский край;2006;2155.8;86.5
Камчатский край;2006;250.5;249.1
Приморский край;2006;144;57.2
Хабаровский край ;2006;1071.7;2947.2
Амурская область;2006;3437.2;883
Магаданская область;2006;156.8;145
Сахалинская область;2006;20;84.3
Еврейская автономная область;2006;1037.4;2575.7
Чукотский автономный округ;2006;11.7;17.4
Центральный федеральный округ;2007;351919;199730
Белгородская область;2007;145426.4;111818.7
Брянская область;2007;2320.4;4044.4
Владимирская область;2007;683;781.4
Воронежская область;2007;463.1;823.4
Ивановская область;2007;962.5;827.4
Калужская область;2007;147.2;330.5
Костромская область;2007;263.7;2363.6
Курская область;2007;248.8;140.6
Липецкая область;2007;617.7;363
Московская область;2007;3820.3;1075.1
Орловская область;2007;3721.5;13529.6
Рязанская область;2007;301.4;596.4
Смоленская область;2007;279.3;490.9
Тамбовская область;2007;745.5;595.9
Тверская область;2007;86.8;147.9
Тульская область;2007;203.6;378.8
Ярославская область;2007;2657.6;634.1
г. Москва;2007;509.2;328.1
Северо-Западный федеральный округ;2007;127394.9;84367.7
Республика Карелия;2007;36639.7;36997.8
Республика Коми;2007;1228.2;339.5
Архангельская область;2007;1077.2;227
в том числе: ;2007;1407.5;328.1
Ненецкий автономный округ;2007;0;0
Архангельская область без автономного округа;2007;228.7;4.6
Вологодская область;2007;1178.8;323.5
Калининградская область;2007;2927.5;503.4
Ленинградская область;2007;597.7;7858.7
Мурманская область;2007;8281;6538.3
Новгородская область;2007;2118.5;282.7
Псковская область;2007;930.1;316.1
г. Санкт-Петербург;2007;264;593.9
Южный             федеральный округ;2007;17808;20010
Республика Адыгея;2007;10296.7;8458.4
Республика Калмыкия;2007;9;18.7
Республика Крым;2007;63.1;39.5
Краснодарский край;2007;0;0
Астраханская область;2007;3376;2651.7
Волгоградская область;2007;747.1;254.9
Ростовская область;2007;3119;857.4
г. Севастополь;2007;2982.5;4636.2
Северо-Кавказский        федеральный округ;2007;0;0
Республика Дагестан;2007;1270.2;736.9
Республика Ингушетия;2007;112.7;243.7
Кабардино-Балкарская Республика;2007;41;3
Карачаево-Черкесская Республика;2007;22.8;45
Республика Северная Осетия - Алания;2007;39.4;39.9
Чеченская Республика;2007;131.6;61.5
Ставропольский край;2007;0.1;1.4
Приволжский федеральный округ;2007;922.6;342.4
Республика Башкортостан;2007;39980.3;10491.5
Республика Марий Эл;2007;6665.6;828.4
Республика Мордовия;2007;257.2;42.9
Республика Татарстан;2007;67.6;136.3
Удмуртская Республика;2007;12934.9;1532.1
Чувашская Республика;2007;337.1;712.4
Пермский край;2007;251.3;167.4
Кировская область;2007;3585.5;518.7
Нижегородская область ;2007;748.7;256.2
Оренбургская область;2007;2760.8;2474.3
Пензенская область;2007;3538.8;1325.4
Самарская область;2007;146.1;164.2
Саратовская область;2007;6909.8;1627.3
Ульяновская область;2007;1356.7;483.2
Уральский         федеральный округ;2007;420.2;222.7
Курганская область;2007;59226.8;7172.2
Свердловская область ;2007;219.7;328.3
Тюменская область;2007;9284.7;2951.5
в том числе:;2007;42745.2;1148.9
Ханты-Мансийский автономный округ - Югра;2007;0;0
Ямало-Ненецкий автономный округ;2007;17434.3;628.4
Тюменская область  без автономных округов;2007;404.7;224.3
Челябинская область;2007;24906.2;296.2
Сибирский        федеральный округ;2007;6977.2;2743.5
Республика Алтай;2007;28607.8;6614.6
Республика Тыва;2007;20.6;147.6
Республика Хакасия;2007;0.8;19.8
Алтайский край;2007;1439.8;633.4
Красноярский край;2007;942.4;337.4
Иркутская область;2007;11831.2;1258.5
Кемеровская область;2007;4579;1423.9
Новосибирская область ;2007;6961.9;667.9
Омская область;2007;1421.4;1451.9
Томская область;2007;556.5;529.8
Дальневосточный федеральный округ;2007;854.2;144.4
Республика Бурятия;2007;13171.4;8302.7
Республика Саха (Якутия);2007;330;187.5
Забайкальский край;2007;2094;64.5
Камчатский край;2007;353.4;401.8
Приморский край;2007;145.3;75.2
Хабаровский край ;2007;1111.8;4214.9
Амурская область;2007;1753.8;1052.7
Магаданская область;2007;209.4;278.2
Сахалинская область;2007;117.2;103.7
Еврейская автономная область;2007;7037.8;1791.9
Чукотский автономный округ;2007;18;16.4
Центральный федеральный округ;2008;467581;267101
Белгородская область;2008;201983.6;154116.1
Брянская область;2008;3770.1;5047.6
Владимирская область;2008;329.2;1033.2
Воронежская область;2008;467;983.7
Ивановская область;2008;975.4;908.1
Калужская область;2008;114.8;472.2
Костромская область;2008;266.3;5331.5
Курская область;2008;226.1;219.1
Липецкая область;2008;868.4;496.6
Московская область;2008;5257.1;1487.4
Орловская область;2008;4616.1;18505
Рязанская область;2008;474.1;579.3
Смоленская область;2008;278.8;728.5
Тамбовская область;2008;687.5;746.5
Тверская область;2008;74.8;191.7
Тульская область;2008;302.3;438.5
Ярославская область;2008;4093.6;1039.7
г. Москва;2008;517.4;481.6
Северо-Западный федеральный округ;2008;178664.6;115425.9
Республика Карелия;2008;49321.1;47360.2
Республика Коми;2008;1402.7;395.8
Архангельская область;2008;1193.9;378.5
в том числе: ;2008;2399.6;400.2
Ненецкий автономный округ;2008;0;0
Архангельская область без автономного округа;2008;316.8;0.2
Вологодская область;2008;2082.8;400
Калининградская область;2008;4550.3;571.8
Ленинградская область;2008;697.1;9425.8
Мурманская область;2008;11565.2;8736.9
Новгородская область;2008;2307.9;357.2
Псковская область;2008;1326.2;447.1
г. Санкт-Петербург;2008;225.4;908.3
Южный             федеральный округ;2008;23652.8;25738.5
Республика Адыгея;2008;13553.2;10830.7
Республика Калмыкия;2008;14.7;63
Республика Крым;2008;70.9;59.5
Краснодарский край;2008;0;0
Астраханская область;2008;4259;3510.9
Волгоградская область;2008;1321.3;240.2
Ростовская область;2008;4166.3;990.3
г. Севастополь;2008;3721;5966.8
Северо-Кавказский        федеральный округ;2008;0;0
Республика Дагестан;2008;1651.1;1250.4
Республика Ингушетия;2008;282.8;504.1
Кабардино-Балкарская Республика;2008;32.7;3.6
Карачаево-Черкесская Республика;2008;16.4;91.8
Республика Северная Осетия - Алания;2008;36.5;69.5
Чеченская Республика;2008;97.1;66.4
Ставропольский край;2008;1.2;13.3
Приволжский федеральный округ;2008;1184.4;501.7
Республика Башкортостан;2008;54666.9;13445
Республика Марий Эл;2008;8202.5;870.3
Республика Мордовия;2008;318.6;72.4
Республика Татарстан;2008;116.4;264.3
Удмуртская Республика;2008;17570.7;2571.5
Чувашская Республика;2008;361.6;545.5
Пермский край;2008;308.7;165
Кировская область;2008;6936.4;782.3
Нижегородская область ;2008;906.6;261.8
Оренбургская область;2008;2796.4;3050.7
Пензенская область;2008;4590;1736.5
Самарская область;2008;139.1;212.1
Саратовская область;2008;9726.3;1969.4
Ульяновская область;2008;2294.8;730.9
Уральский         федеральный округ;2008;398.8;212.3
Курганская область;2008;78027.7;10792
Свердловская область ;2008;232.5;375
Тюменская область;2008;10263.5;4541.8
в том числе:;2008;59553;1874.2
Ханты-Мансийский автономный округ - Югра;2008;0;0
Ямало-Ненецкий автономный округ;2008;24538.7;887.6
Тюменская область  без автономных округов;2008;149.9;624.6
Челябинская область;2008;34864.4;362
Сибирский        федеральный округ;2008;7978.7;4001
Республика Алтай;2008;29983.3;9113.7
Республика Тыва;2008;28.7;48.2
Республика Хакасия;2008;0.8;6.6
Алтайский край;2008;2088.4;811.9
Красноярский край;2008;1317.3;663.4
Иркутская область;2008;8754.4;2039.7
Кемеровская область;2008;5189;1785
Новосибирская область ;2008;9747.6;997.8
Омская область;2008;1563.8;1838.6
Томская область;2008;558.2;724.2
Дальневосточный федеральный округ;2008;735.1;198.3
Республика Бурятия;2008;14621.5;9517.7
Республика Саха (Якутия);2008;339.2;185.4
Забайкальский край;2008;2291.4;102.7
Камчатский край;2008;218.1;482.2
Приморский край;2008;170.7;117.7
Хабаровский край ;2008;871;5810.1
Амурская область;2008;1714.5;1093.9
Магаданская область;2008;272.2;413.6
Сахалинская область;2008;128.4;128.7
Еврейская автономная область;2008;8592.3;1006.2
Чукотский автономный округ;2008;22.5;36.9
Центральный федеральный округ;2009;301751;167457
Белгородская область;2009;126882.9;96688.9
Брянская область;2009;1761.9;2137.2
Владимирская область;2009;100.3;560.3
Воронежская область;2009;488.2;730.9
Ивановская область;2009;649.6;434.3
Калужская область;2009;87.3;500.2
Костромская область;2009;219.3;3273
Курская область;2009;161;113.5
Липецкая область;2009;381.2;363.4
Московская область;2009;2917.3;824.7
Орловская область;2009;2787.8;13960.8
Рязанская область;2009;283;337.3
Смоленская область;2009;189.9;332.5
Тамбовская область;2009;431.7;409.1
Тверская область;2009;51.8;131.1
Тульская область;2009;216.6;399
Ярославская область;2009;2102.5;830.2
г. Москва;2009;292.4;470.8
Северо-Западный федеральный округ;2009;113761.3;70880.5
Республика Карелия;2009;31816.4;29254.1
Республика Коми;2009;1006.6;224.8
Архангельская область;2009;790.8;351.1
в том числе: ;2009;4086.6;234.5
Ненецкий автономный округ;2009;0;0
Архангельская область без автономного округа;2009;73.4;3.9
Вологодская область;2009;4013.2;230.6
Калининградская область;2009;2340.8;411.3
Ленинградская область;2009;561.8;5242
Мурманская область;2009;7162;3660.4
Новгородская область;2009;1641.3;343.1
Псковская область;2009;726.5;301.3
г. Санкт-Петербург;2009;60.8;644.1
Южный             федеральный округ;2009;13439.2;17841.6
Республика Адыгея;2009;8340.7;7073.5
Республика Калмыкия;2009;9.8;45.4
Республика Крым;2009;2.2;56.5
Краснодарский край;2009;0;0
Астраханская область;2009;3208.6;2781.5
Волгоградская область;2009;457.5;428.2
Ростовская область;2009;2192.2;695.5
г. Севастополь;2009;2470.4;3066.4
Северо-Кавказский        федеральный округ;2009;0;0
Республика Дагестан;2009;1104.1;844.6
Республика Ингушетия;2009;60.5;264.4
Кабардино-Балкарская Республика;2009;5.4;4.8
Карачаево-Черкесская Республика;2009;8.5;71.6
Республика Северная Осетия - Алания;2009;32.6;41.7
Чеченская Республика;2009;87.1;38.5
Ставропольский край;2009;0.2;4
Приволжский федеральный округ;2009;909.8;419.6
Республика Башкортостан;2009;32556;8622
Республика Марий Эл;2009;4736;524.2
Республика Мордовия;2009;250.4;49.6
Республика Татарстан;2009;137.1;199
Удмуртская Республика;2009;11052.8;1576.7
Чувашская Республика;2009;182.7;190.4
Пермский край;2009;201.4;136.2
Кировская область;2009;3093.4;685.7
Нижегородская область ;2009;671.6;121.8
Оренбургская область;2009;2625.9;2251.2
Пензенская область;2009;2649.2;992.3
Самарская область;2009;137.1;101.4
Саратовская область;2009;5220.6;1191.4
Ульяновская область;2009;1360.7;454.8
Уральский         федеральный округ;2009;237.1;147.3
Курганская область;2009;46815;7472.2
Свердловская область ;2009;197.3;240.7
Тюменская область;2009;7461.4;2841.4
в том числе:;2009;34207.6;1780.3
Ханты-Мансийский автономный округ - Югра;2009;0;0
Ямало-Ненецкий автономный округ;2009;12934;1335.3
Тюменская область  без автономных округов;2009;203.2;117
Челябинская область;2009;21070.4;328
Сибирский        федеральный округ;2009;4948.7;2609.8
Республика Алтай;2009;24795;5429.6
Республика Тыва;2009;26.6;15.9
Республика Хакасия;2009;7.4;3.5
Алтайский край;2009;1470;434.9
Красноярский край;2009;752.2;343.1
Иркутская область;2009;7763.3;1310.6
Кемеровская область;2009;4108.8;1157.7
Новосибирская область ;2009;8401.3;569.6
Омская область;2009;1202.6;1043.2
Томская область;2009;414.2;389.6
Дальневосточный федеральный округ;2009;648.6;161.5
Республика Бурятия;2009;12716.7;5356.2
Республика Саха (Якутия);2009;498.1;113.1
Забайкальский край;2009;1469;88.2
Камчатский край;2009;248.3;281.4
Приморский край;2009;540.3;66.9
Хабаровский край ;2009;1067;2927.3
Амурская область;2009;974.4;537.7
Магаданская область;2009;170.4;211.6
Сахалинская область;2009;90.6;76.2
Еврейская автономная область;2009;7609.2;934.9
Чукотский автономный округ;2009;13;16.7
Центральный федеральный округ;2010;397068;228912
Белгородская область;2010;161833.7;131931.4
Брянская область;2010;2704.2;4201.1
Владимирская область;2010;181.7;867.4
Воронежская область;2010;536.3;1054.9
Ивановская область;2010;923.7;840.2
Калужская область;2010;101;528.9
Костромская область;2010;370.8;6037.3
Курская область;2010;174.2;129.7
Липецкая область;2010;671.4;535.3
Московская область;2010;3907.1;1258.5
Орловская область;2010;3192.9;20658.5
Рязанская область;2010;375.1;1151.8
Смоленская область;2010;255.1;408.1
Тамбовская область;2010;631.9;481.1
Тверская область;2010;37.3;341.9
Тульская область;2010;236.9;771
Ярославская область;2010;2493.8;885.1
г. Москва;2010;440.6;489.1
Северо-Западный федеральный округ;2010;144599.7;91291.6
Республика Карелия;2010;36890.6;39857.5
Республика Коми;2010;1425.9;238.7
Архангельская область;2010;1040.2;240.1
в том числе: ;2010;5509.6;200
Ненецкий автономный округ;2010;0;0
Архангельская область без автономного округа;2010;2343.8;0.9
Вологодская область;2010;3165.8;199.1
Калининградская область;2010;3639.6;383
Ленинградская область;2010;629.6;7966.8
Мурманская область;2010;9946;4579.5
Новгородская область;2010;1783.3;206.6
Псковская область;2010;1026.3;444.7
г. Санкт-Петербург;2010;64.4;1074
Южный             федеральный округ;2010;11825.6;24524.1
Республика Адыгея;2010;10551.1;9890.3
Республика Калмыкия;2010;9;71.6
Республика Крым;2010;31.1;70.7
Краснодарский край;2010;0;0
Астраханская область;2010;4264.5;4426
Волгоградская область;2010;380.8;310.3
Ростовская область;2010;2565.2;954.1
г. Севастополь;2010;3300.5;4057.6
Северо-Кавказский        федеральный округ;2010;0;0
Республика Дагестан;2010;986.9;1297
Республика Ингушетия;2010;81;362.2
Кабардино-Балкарская Республика;2010;0;10.7
Карачаево-Черкесская Республика;2010;16.6;63.1
Республика Северная Осетия - Алания;2010;34.9;123.7
Чеченская Республика;2010;71.7;70.8
Ставропольский край;2010;0.1;2
Приволжский федеральный округ;2010;782.6;664.5
Республика Башкортостан;2010;46620.6;10630.7
Республика Марий Эл;2010;9359.2;621.9
Республика Мордовия;2010;407.8;58
Республика Татарстан;2010;136.6;182
Удмуртская Республика;2010;15602;2299.8
Чувашская Республика;2010;230.4;248.4
Пермский край;2010;172.8;108.1
Кировская область;2010;4310.7;633.5
Нижегородская область ;2010;647.6;140.3
Оренбургская область;2010;2520.8;2532.3
Пензенская область;2010;2990.4;1114.6
Самарская область;2010;115.6;145.3
Саратовская область;2010;7934.4;1630.8
Ульяновская область;2010;1821.3;621.5
Уральский         федеральный округ;2010;371;294.2
Курганская область;2010;59663.8;8657.9
Свердловская область ;2010;221.1;173.3
Тюменская область;2010;9037.2;3419.8
в том числе:;2010;45267.4;2156.8
Ханты-Мансийский автономный округ - Югра;2010;0;0
Ямало-Ненецкий автономный округ;2010;16069.6;989.5
Тюменская область  без автономных округов;2010;435.5;178.5
Челябинская область;2010;28762.3;988.8
Сибирский        федеральный округ;2010;5138.1;2908
Республика Алтай;2010;37123.7;6821.6
Республика Тыва;2010;44.3;30
Республика Хакасия;2010;3;6.2
Алтайский край;2010;1893.1;613.6
Красноярский край;2010;514.8;427.1
Иркутская область;2010;9880.8;1237.7
Кемеровская область;2010;5111.7;1192.2
Новосибирская область ;2010;10323.4;654.9
Омская область;2010;1680.9;2071.1
Томская область;2010;6912;424.3
Дальневосточный федеральный округ;2010;759.7;164.5
Республика Бурятия;2010;19181.3;8236.9
Республика Саха (Якутия);2010;449.3;161.5
Забайкальский край;2010;3236.5;90.7
Камчатский край;2010;130.3;379.7
Приморский край;2010;632.4;67.4
Хабаровский край ;2010;1411.8;5041.1
Амурская область;2010;1225.8;939.6
Магаданская область;2010;158.8;284.5
Сахалинская область;2010;107.9;128.9
Еврейская автономная область;2010;11778.6;987.4
Чукотский автономный округ;2010;8.7;37.7
Центральный федеральный округ;2011;516718;305761
Белгородская область;2011;210872.7;173277
Брянская область;2011;3840;6656.2
Владимирская область;2011;191.6;1294.3
Воронежская область;2011;904.5;1410.6
Ивановская область;2011;1261.2;1122.3
Калужская область;2011;123;752.9
Костромская область;2011;435.6;8108.4
Курская область;2011;200.9;162.2
Липецкая область;2011;1266.4;710.4
Московская область;2011;4754.9;1693.4
Орловская область;2011;3625.8;29799.9
Рязанская область;2011;116.4;348.2
Смоленская область;2011;319.3;486.5
Тамбовская область;2011;1085.4;633.8
Тверская область;2011;65.8;468.6
Тульская область;2011;228.8;603.3
Ярославская область;2011;3940.4;1053.3
г. Москва;2011;581;874.5
Северо-Западный федеральный округ;2011;187931.6;117098.2
Республика Карелия;2011;55636.2;54655.3
Республика Коми;2011;1458.5;320.4
Архангельская область;2011;2446.8;258.1
в том числе: ;2011;4964;184.4
Ненецкий автономный округ;2011;0;0
Архангельская область без автономного округа;2011;3364.3;2.3
Вологодская область;2011;1599.7;182.1
Калининградская область;2011;4392.3;690.3
Ленинградская область;2011;1268.1;10369.2
Мурманская область;2011;15640.8;7539.6
Новгородская область;2011;2772.9;562
Псковская область;2011;1317.4;576.9
г. Санкт-Петербург;2011;67.2;1372.1
Южный             федеральный округ;2011;21308;32782.4
Республика Адыгея;2011;19127.2;11964.6
Республика Калмыкия;2011;8.6;105.8
Республика Крым;2011;5.4;66.6
Краснодарский край;2011;0;0
Астраханская область;2011;9820.4;5011.2
Волгоградская область;2011;656.4;276
Ростовская область;2011;3495.6;1291.8
г. Севастополь;2011;5140.9;5213.2
Северо-Кавказский        федеральный округ;2011;0;0
Республика Дагестан;2011;1308.3;1903
Республика Ингушетия;2011;78.6;599.3
Кабардино-Балкарская Республика;2011;0.1;23
Карачаево-Черкесская Республика;2011;20.2;144.3
Республика Северная Осетия - Алания;2011;30.4;255.7
Чеченская Республика;2011;69.6;155.5
Ставропольский край;2011;0.8;4.3
Приволжский федеральный округ;2011;1108.6;720.9
Республика Башкортостан;2011;58240.2;14340.5
Республика Марий Эл;2011;10842.7;941
Республика Мордовия;2011;350;77.4
Республика Татарстан;2011;128.6;178
Удмуртская Республика;2011;19946.9;2959.6
Чувашская Республика;2011;1124.1;448.7
Пермский край;2011;130;567.3
Кировская область;2011;6997.8;823.6
Нижегородская область ;2011;1020;243.3
Оренбургская область;2011;6074.3;3553.9
Пензенская область;2011;2368.7;895.6
Самарская область;2011;149.9;183
Саратовская область;2011;6889.8;2313.9
Ульяновская область;2011;1762.9;748.5
Уральский         федеральный округ;2011;454.5;406.7
Курганская область;2011;73928;10397.6
Свердловская область ;2011;327.8;151.8
Тюменская область;2011;8892.1;3849.2
в том числе:;2011;60053.6;3951.4
Ханты-Мансийский автономный округ - Югра;2011;0;0
Ямало-Ненецкий автономный округ;2011;21886.1;1388.4
Тюменская область  без автономных округов;2011;2758;287.8
Челябинская область;2011;35409.5;2275.2
Сибирский        федеральный округ;2011;4654.5;2445.2
Республика Алтай;2011;31764.1;8309.7
Республика Тыва;2011;31.5;102.5
Республика Хакасия;2011;2.1;4.7
Алтайский край;2011;1458.2;691.1
Красноярский край;2011;527.3;417.5
Иркутская область;2011;9329.9;1963.9
Кемеровская область;2011;6265.4;1466.1
Новосибирская область ;2011;11574.9;855.7
Омская область;2011;1349;2290.1
Томская область;2011;510.9;393.8
Дальневосточный федеральный округ;2011;714.9;124.3
Республика Бурятия;2011;25958.8;9824.9
Республика Саха (Якутия);2011;731.4;189.2
Забайкальский край;2011;4581.2;188.3
Камчатский край;2011;213.1;542.6
Приморский край;2011;607.5;107.3
Хабаровский край ;2011;1676.9;5706.5
Амурская область;2011;1649.2;1099.4
Магаданская область;2011;234.8;505.9
Сахалинская область;2011;197;143.2
Еврейская автономная область;2011;16010.9;1141.4
Чукотский автономный округ;2011;11.3;60.5
Центральный федеральный округ;2012;525384;314150
Белгородская область;2012;237657.9;193081.7
Брянская область;2012;3632.8;5241.4
Владимирская область;2012;439.2;1774.5
Воронежская область;2012;812.9;1493.3
Ивановская область;2012;1690.8;1301.9
Калужская область;2012;174.4;704.8
Костромская область;2012;739.2;8388.5
Курская область;2012;282.1;188.4
Липецкая область;2012;690.7;645
Московская область;2012;5112.7;1691.1
Орловская область;2012;5574;32674.1
Рязанская область;2012;260.9;580.1
Смоленская область;2012;357.6;566.2
Тамбовская область;2012;1311.8;1597.8
Тверская область;2012;104.3;285.7
Тульская область;2012;311.1;864.3
Ярославская область;2012;3644.9;1382.3
г. Москва;2012;1031.7;957.1
Северо-Западный федеральный округ;2012;211486.8;132745.2
Республика Карелия;2012;55570.5;57762.3
Республика Коми;2012;1228.6;298.2
Архангельская область;2012;2424.2;264.9
в том числе: ;2012;2784.5;264.7
Ненецкий автономный округ;2012;0;0
Архангельская область без автономного округа;2012;1396.3;1.8
Вологодская область;2012;1388.2;262.9
Калининградская область;2012;4433.6;618.7
Ленинградская область;2012;1844.3;12155.6
Мурманская область;2012;16166.2;5225.9
Новгородская область;2012;1801.4;647.5
Псковская область;2012;1376.4;619.9
г. Санкт-Петербург;2012;128.4;1312.9
Южный             федеральный округ;2012;23382.8;36354
Республика Адыгея;2012;20665.5;11840.7
Республика Калмыкия;2012;9.5;56.7
Республика Крым;2012;0.7;63.3
Краснодарский край;2012;0;0
Астраханская область;2012;9809.7;4940.7
Волгоградская область;2012;622.7;416.3
Ростовская область;2012;4505.9;1407.1
г. Севастополь;2012;5717.1;4956.6
Северо-Кавказский        федеральный округ;2012;0;0
Республика Дагестан;2012;1293.6;2017
Республика Ингушетия;2012;75.6;574.2
Кабардино-Балкарская Республика;2012;0.4;20.7
Карачаево-Черкесская Республика;2012;29.3;136.5
Республика Северная Осетия - Алания;2012;50.3;402.8
Чеченская Республика;2012;54.5;65.2
Ставропольский край;2012;0.1;6.8
Приволжский федеральный округ;2012;1083.4;810.8
Республика Башкортостан;2012;69205.8;16382.1
Республика Марий Эл;2012;13108.2;1379.6
Республика Мордовия;2012;661.6;112.1
Республика Татарстан;2012;211.1;276
Удмуртская Республика;2012;22157.9;3616.9
Чувашская Республика;2012;2140.5;400.6
Пермский край;2012;200.2;367
Кировская область;2012;8641.2;950.4
Нижегородская область ;2012;1080.1;315.4
Оренбургская область;2012;6008.5;3801.6
Пензенская область;2012;3722.6;1137.8
Самарская область;2012;306.4;232.9
Саратовская область;2012;6596.9;2603.7
Ульяновская область;2012;3894.7;761.5
Уральский         федеральный округ;2012;475.9;426.6
Курганская область;2012;78858;10436.1
Свердловская область ;2012;383.5;179.7
Тюменская область;2012;10728.4;4012.5
в том числе:;2012;61889;2423.5
Ханты-Мансийский автономный округ - Югра;2012;0;0
Ямало-Ненецкий автономный округ;2012;23996.3;1039.8
Тюменская область  без автономных округов;2012;3074.2;430.3
Челябинская область;2012;34818.5;953.4
Сибирский        федеральный округ;2012;5857.1;3820.4
Республика Алтай;2012;34253.4;9727.1
Республика Тыва;2012;40.7;16.1
Республика Хакасия;2012;2.3;11.1
Алтайский край;2012;1881.7;698.8
Красноярский край;2012;863;557
Иркутская область;2012;8315.9;1959.1
Кемеровская область;2012;7385.9;1577.1
Новосибирская область ;2012;12238;1870
Омская область;2012;1831.2;2286.8
Томская область;2012;814.7;517.2
Дальневосточный федеральный округ;2012;880;233.9
Республика Бурятия;2012;27217.6;11319.8
Республика Саха (Якутия);2012;949.1;253
Забайкальский край;2012;4707.8;132.7
Камчатский край;2012;310.4;518.9
Приморский край;2012;703.8;101.3
Хабаровский край ;2012;1984.2;6699
Амурская область;2012;1527.9;1086.4
Магаданская область;2012;407.5;770.5
Сахалинская область;2012;195.4;188.9
Еврейская автономная область;2012;16367.7;1362.5
Чукотский автономный округ;2012;16;45.4
Центральный федеральный округ;2013;525976;315298
Белгородская область;2013;256145.4;192955.7
Брянская область;2013;3414.7;4160.4
Владимирская область;2013;360.3;1864.2
Воронежская область;2013;950.2;1632
Ивановская область;2013;1591.4;1215.1
Калужская область;2013;178.6;821.2
Костромская область;2013;701;7447.8
Курская область;2013;349.5;214.3
Липецкая область;2013;696;664.9
Московская область;2013;4492;1573.8
Орловская область;2013;6815.5;31091.4
Рязанская область;2013;232.9;697.8
Смоленская область;2013;416.3;700.6
Тамбовская область;2013;1340.6;1925.8
Тверская область;2013;108.4;339.1
Тульская область;2013;320.6;1070.2
Ярославская область;2013;3922.3;1515.1
г. Москва;2013;2002;950.7
Северо-Западный федеральный округ;2013;228253;135071.3
Республика Карелия;2013;52294.2;57122.6
Республика Коми;2013;1070.9;240.2
Архангельская область;2013;3574.1;298.3
в том числе: ;2013;2284.1;264
Ненецкий автономный округ;2013;0;0
Архангельская область без автономного округа;2013;0;0.7
Вологодская область;2013;2284.1;263.3
Калининградская область;2013;4106.3;620.9
Ленинградская область;2013;1533.1;12233.8
Мурманская область;2013;13648.5;5066.3
Новгородская область;2013;2346;780.9
Псковская область;2013;1273.9;710.5
г. Санкт-Петербург;2013;268.4;1058.8
Южный             федеральный округ;2013;22189;35849
Республика Адыгея;2013;19216.8;12272
Республика Калмыкия;2013;8.3;67.3
Республика Крым;2013;0.9;39.8
Краснодарский край;2013;0;0
Астраханская область;2013;7892.2;5825.9
Волгоградская область;2013;885.2;509.5
Ростовская область;2013;4625.1;1233.3
г. Севастополь;2013;5805;4596.2
Северо-Кавказский        федеральный округ;2013;0;0
Республика Дагестан;2013;1279.8;2187.9
Республика Ингушетия;2013;42.2;724.7
Кабардино-Балкарская Республика;2013;1.4;16.2
Карачаево-Черкесская Республика;2013;23.6;61.8
Республика Северная Осетия - Алания;2013;49.9;489.6
Чеченская Республика;2013;45.4;65.9
Ставропольский край;2013;0.4;30.3
Приволжский федеральный округ;2013;1116.9;799.4
Республика Башкортостан;2013;68839.3;18950.3
Республика Марий Эл;2013;14625.5;1171.5
Республика Мордовия;2013;470.7;138.2
Республика Татарстан;2013;149.8;154.9
Удмуртская Республика;2013;22321.6;5089.5
Чувашская Республика;2013;1259.7;746.8
Пермский край;2013;223.2;334.5
Кировская область;2013;7405.4;1155.9
Нижегородская область ;2013;1026.2;281.4
Оренбургская область;2013;5601.3;3690
Пензенская область;2013;3466.2;894.2
Самарская область;2013;217.4;280.5
Саратовская область;2013;9018.6;3566.8
Ульяновская область;2013;2626.2;829.5
Уральский         федеральный округ;2013;427.5;616.6
Курганская область;2013;63958.9;10417.5
Свердловская область ;2013;469;149.4
Тюменская область;2013;8734.1;4177.2
в том числе:;2013;49382.3;2069
Ханты-Мансийский автономный округ - Югра;2013;0;0
Ямало-Ненецкий автономный округ;2013;24669.6;1135.5
Тюменская область  без автономных округов;2013;2326.1;369.6
Челябинская область;2013;22386.6;563.9
Сибирский        федеральный округ;2013;5373.5;4021.9
Республика Алтай;2013;34473.9;8573.5
Республика Тыва;2013;26.7;13.9
Республика Хакасия;2013;0.2;15.2
Алтайский край;2013;1742.3;574
Красноярский край;2013;833.5;508.1
Иркутская область;2013;7840.1;2103.9
Кемеровская область;2013;8156.4;1174
Новосибирская область ;2013;12642.9;1059.4
Омская область;2013;1710.1;2198
Томская область;2013;877.2;532.1
Дальневосточный федеральный округ;2013;644.5;394.9
Республика Бурятия;2013;29764.9;12805.6
Республика Саха (Якутия);2013;1299.6;164
Забайкальский край;2013;4734.3;178.4
Камчатский край;2013;277.8;536.7
Приморский край;2013;617.7;94.4
Хабаровский край ;2013;3335.1;8486.9
Амурская область;2013;1508.1;929.9
Магаданская область;2013;446.4;501.6
Сахалинская область;2013;429.3;458.1
Еврейская автономная область;2013;17009.5;1199.9
Чукотский автономный округ;2013;17.9;84.4
Центральный федеральный округ;2014;497359;287063
Белгородская область;2014;255352.6;173818.2
Брянская область;2014;3176.1;3268.3
Владимирская область;2014;362.7;1344.5
Воронежская область;2014;980.9;1603.6
Ивановская область;2014;1542.4;1079.1
Калужская область;2014;183.1;771.4
Костромская область;2014;626.8;5936.7
Курская область;2014;363.7;368.3
Липецкая область;2014;576.7;578.9
Московская область;2014;4378.8;1206.5
Орловская область;2014;5742.3;25314.3
Рязанская область;2014;188.6;656.7
Смоленская область;2014;375.4;703
Тамбовская область;2014;1203.5;1874.3
Тверская область;2014;101.2;372.1
Тульская область;2014;343.8;1002.1
Ярославская область;2014;3734.5;1211.6
г. Москва;2014;1029.2;889.6
Северо-Западный федеральный округ;2014;230443.1;125637.5
Республика Карелия;2014;55750.3;54531.1
Республика Коми;2014;999.6;219.5
Архангельская область;2014;3248.9;251.3
в том числе: ;2014;2302.6;202.5
Ненецкий автономный округ;2014;0;0
Архангельская область без автономного округа;2014;0.1;1.9
Вологодская область;2014;2302.5;200.6
Калининградская область;2014;3538.3;642.2
Ленинградская область;2014;3696.4;15895.8
Мурманская область;2014;15767.6;4366
Новгородская область;2014;2280.8;449.5
Псковская область;2014;1294.2;768.8
г. Санкт-Петербург;2014;295.4;865.6
Южный             федеральный округ;2014;22326.7;30870
Республика Адыгея;2014;20236.4;11191.9
Республика Калмыкия;2014;13.8;70.8
Республика Крым;2014;1.4;21.3
Краснодарский край;2014;97.9;57.9
Астраханская область;2014;10199.9;5288.9
Волгоградская область;2014;994.3;497.8
Ростовская область;2014;4276.1;1761.6
г. Севастополь;2014;4730;3407.2
Северо-Кавказский        федеральный округ;2014;15.9;86.4
Республика Дагестан;2014;1286.5;2077.7
Республика Ингушетия;2014;51.2;567.4
Кабардино-Балкарская Республика;2014;0;15.3
Карачаево-Черкесская Республика;2014;27;80.9
Республика Северная Осетия - Алания;2014;33.8;445.4
Чеченская Республика;2014;48.1;48.7
Ставропольский край;2014;0.2;34.9
Приволжский федеральный округ;2014;1126.2;885.1
Республика Башкортостан;2014;63727.6;17639.8
Республика Марий Эл;2014;13854.3;1186.5
Республика Мордовия;2014;230.1;146.1
Республика Татарстан;2014;228.4;115.3
Удмуртская Республика;2014;18105.8;4208
Чувашская Республика;2014;1310.6;835.7
Пермский край;2014;179.5;281.4
Кировская область;2014;7989.2;1162.3
Нижегородская область ;2014;1031.4;266.5
Оренбургская область;2014;5507.1;3302.5
Пензенская область;2014;3119.2;1112.9
Самарская область;2014;189.9;223.7
Саратовская область;2014;10017;3584.5
Ульяновская область;2014;1382.4;720.9
Уральский         федеральный округ;2014;582.7;493.5
Курганская область;2014;37735.5;8684.1
Свердловская область ;2014;326.7;140.3
Тюменская область;2014;8527.8;3705.9
в том числе:;2014;23638;2077
Ханты-Мансийский автономный округ - Югра;2014;0;0
Ямало-Ненецкий автономный округ;2014;20477.5;1281.9
Тюменская область  без автономных округов;2014;507.8;208.9
Челябинская область;2014;2652.7;586.2
Сибирский        федеральный округ;2014;5243;2760.9
Республика Алтай;2014;33474;7375.3
Республика Тыва;2014;25.6;41.9
Республика Хакасия;2014;0.5;10.6
Алтайский край;2014;1929.9;328.9
Красноярский край;2014;735.7;432.6
Иркутская область;2014;7731;1479.4
Кемеровская область;2014;7133.9;1553.1
Новосибирская область ;2014;12741.2;695.7
Омская область;2014;1893.8;1934.9
Томская область;2014;842.5;428.5
Дальневосточный федеральный округ;2014;439.9;469.7
Республика Бурятия;2014;30177.7;11350.6
Республика Саха (Якутия);2014;1278.9;146.1
Забайкальский край;2014;5050.2;75.1
Камчатский край;2014;217.6;551.3
Приморский край;2014;520.7;87.1
Хабаровский край ;2014;3972.6;7555.2
Амурская область;2014;1437.7;818.2
Магаданская область;2014;383.4;501.1
Сахалинская область;2014;462.1;112.9
Еврейская автономная область;2014;16696.7;1306.5
Чукотский автономный округ;2014;23.5;70.6
Центральный федеральный округ;2015;343512;182903
Белгородская область;2015;168875.9;108797.8
Брянская область;2015;2426.1;1822.7
Владимирская область;2015;352;636.5
Воронежская область;2015;670.4;1212
Ивановская область;2015;1356.5;716.5
Калужская область;2015;138.1;470.2
Костромская область;2015;501.3;3264.2
Курская область;2015;286.3;122.5
Липецкая область;2015;396.3;481.9
Московская область;2015;3203.1;934.5
Орловская область;2015;4886.5;16272.1
Рязанская область;2015;161.8;293.4
Смоленская область;2015;358.2;513.5
Тамбовская область;2015;891.7;1492.1
Тверская область;2015;96.4;209.1
Тульская область;2015;238.7;463.7
Ярославская область;2015;2963.5;748.3
г. Москва;2015;811.5;580.1
Северо-Западный федеральный округ;2015;149137.6;78564.5
Республика Карелия;2015;39697.6;34008.8
Республика Коми;2015;690.1;146.1
Архангельская область;2015;1674.6;173.8
в том числе: ;2015;2048;125.9
Ненецкий автономный округ;2015;0;0
Архангельская область без автономного округа;2015;0;0.7
Вологодская область;2015;2048;125.2
Калининградская область;2015;3359.1;676.3
Ленинградская область;2015;2741.9;7966.7
Мурманская область;2015;10004.9;3151.5
Новгородская область;2015;2205.6;366.4
Псковская область;2015;1040.1;623.4
г. Санкт-Петербург;2015;206.5;530.5
Южный             федеральный округ;2015;15726.8;20248.3
Республика Адыгея;2015;13620.8;7617.7
Республика Калмыкия;2015;32;52.6
Республика Крым;2015;1.2;1.1
Краснодарский край;2015;79.5;100.2
Астраханская область;2015;6275.8;4004
Волгоградская область;2015;416.7;264.5
Ростовская область;2015;2052;1036
г. Севастополь;2015;4804.6;2121.1
Северо-Кавказский        федеральный округ;2015;18;38.2
Республика Дагестан;2015;1108.4;1072.8
Республика Ингушетия;2015;55.4;305.7
Кабардино-Балкарская Республика;2015;0.3;11.3
Карачаево-Черкесская Республика;2015;23;38.4
Республика Северная Осетия - Алания;2015;15.4;144.5
Чеченская Республика;2015;48.3;40
Ставропольский край;2015;1.8;14.9
Приволжский федеральный округ;2015;964.2;518
Республика Башкортостан;2015;42043.8;11398
Республика Марий Эл;2015;7518.2;648.6
Республика Мордовия;2015;411.3;84.4
Республика Татарстан;2015;121;122.2
Удмуртская Республика;2015;11408.3;2579.9
Чувашская Республика;2015;684.3;501.6
Пермский край;2015;143.1;222.1
Кировская область;2015;6356.3;672.2
Нижегородская область ;2015;906.5;152
Оренбургская область;2015;3163;2130
Пензенская область;2015;2463.9;654.3
Самарская область;2015;278.8;171
Саратовская область;2015;6736.3;2452
Ульяновская область;2015;1375.5;522.1
Уральский         федеральный округ;2015;477.3;485.6
Курганская область;2015;27282.3;7086.4
Свердловская область ;2015;279.6;73.4
Тюменская область;2015;7324;3057.9
в том числе:;2015;15302.2;1986.6
Ханты-Мансийский автономный округ - Югра;2015;0;0
Ямало-Ненецкий автономный округ;2015;12504.8;839.9
Тюменская область  без автономных округов;2015;669;720
Челябинская область;2015;2128.4;426.7
Сибирский        федеральный округ;2015;4376.5;1968.5
Республика Алтай;2015;28449.8;6277.9
Республика Тыва;2015;45.3;14.2
Республика Хакасия;2015;19.8;2.8
Алтайский край;2015;1630.4;295.9
Красноярский край;2015;663.5;255.7
Иркутская область;2015;6555.7;1487.4
Кемеровская область;2015;6196.2;1388.2
Новосибирская область ;2015;10346.6;638.4
Омская область;2015;1891.8;1256.8
Томская область;2015;790.4;369.5
Дальневосточный федеральный округ;2015;310.1;569
Республика Бурятия;2015;22404.7;6460
Республика Саха (Якутия);2015;1567.5;112.7
Забайкальский край;2015;3785.6;187
Камчатский край;2015;204;464.5
Приморский край;2015;554.9;63.4
Хабаровский край ;2015;2707.9;3631.6
Амурская область;2015;1145.4;473.7
Магаданская область;2015;398.6;276.9
Сахалинская область;2015;330.9;45.6
Еврейская автономная область;2015;11583.7;1092.9
Чукотский автономный округ;2015;37.3;40.8
Центральный федеральный округ;2016;285653;182448
Белгородская область;2016;137289;109435.9
Брянская область;2016;2185.7;1401.2
Владимирская область;2016;214.4;584.2
Воронежская область;2016;633.7;1202.4
Ивановская область;2016;1145.5;822.5
Калужская область;2016;146.4;440.9
Костромская область;2016;707.7;4062.7
Курская область;2016;286.4;157.6
Липецкая область;2016;452.7;437.1
Московская область;2016;3036.5;921.9
Орловская область;2016;4761.1;18779.4
Рязанская область;2016;176.9;195.2
Смоленская область;2016;399.6;535.5
Тамбовская область;2016;950.4;1491.5
Тверская область;2016;122.2;154.3
Тульская область;2016;201.1;425.4
Ярославская область;2016;2861;818.6
г. Москва;2016;626.7;651
Северо-Западный федеральный округ;2016;118381;76354.5
Республика Карелия;2016;31855.1;32157.7
Республика Коми;2016;669.8;179.5
Архангельская область;2016;838.6;126.2
в том числе: ;2016;2088.4;217.8
Ненецкий автономный округ;2016;0;0
Архангельская область без автономного округа;2016;0;0
Вологодская область;2016;2088.4;217.8
Калининградская область;2016;2881.5;603.8
Ленинградская область;2016;1238.9;5808.2
Мурманская область;2016;4808.6;2681.5
Новгородская область;2016;2465.6;395.4
Псковская область;2016;937.8;437.4
г. Санкт-Петербург;2016;123;372.7
Южный             федеральный округ;2016;15802.8;21335.3
Республика Адыгея;2016;12850;7001.3
Республика Калмыкия;2016;23.9;51.5
Республика Крым;2016;1.5;0
Краснодарский край;2016;47.8;67
Астраханская область;2016;5588.8;3634.2
Волгоградская область;2016;320.8;357.7
Ростовская область;2016;1315.4;670.8
г. Севастополь;2016;5545.7;2186.6
Северо-Кавказский        федеральный округ;2016;6;33.5
Республика Дагестан;2016;981.9;1013.1
Республика Ингушетия;2016;47.3;207.7
Кабардино-Балкарская Республика;2016;1.2;18
Карачаево-Черкесская Республика;2016;25.6;49.3
Республика Северная Осетия - Алания;2016;16.1;123.4
Чеченская Республика;2016;59;45.3
Ставропольский край;2016;1;37.1
Приволжский федеральный округ;2016;831.7;532.3
Республика Башкортостан;2016;31466.3;10321.4
Республика Марий Эл;2016;5712.4;629.8
Республика Мордовия;2016;220.9;50.6
Республика Татарстан;2016;158.4;129.3
Удмуртская Республика;2016;9316.3;2687.2
Чувашская Республика;2016;511.8;270.7
Пермский край;2016;145.8;232.8
Кировская область;2016;4183.3;713.3
Нижегородская область ;2016;710.3;192
Оренбургская область;2016;2761.8;2056.3
Пензенская область;2016;2152.8;405.1
Самарская область;2016;204.8;157.2
Саратовская область;2016;3826.8;1884
Ульяновская область;2016;1136.1;475.2
Уральский         федеральный округ;2016;424.8;437.9
Курганская область;2016;26904.8;10843.3
Свердловская область ;2016;204.8;72.9
Тюменская область;2016;7118.8;2551
в том числе:;2016;15679.9;6383.3
Ханты-Мансийский автономный округ - Югра;2016;0;0
Ямало-Ненецкий автономный округ;2016;11949.1;761
Тюменская область  без автономных округов;2016;1678.3;5084.8
Челябинская область;2016;2052.5;537.5
Сибирский        федеральный округ;2016;3901.3;1836.1
Республика Алтай;2016;24511.6;5230.9
Республика Тыва;2016;29.8;15.8
Республика Хакасия;2016;53.7;4
Алтайский край;2016;1418.9;249.9
Красноярский край;2016;666.7;301.7
Иркутская область;2016;4824.8;1236.9
Кемеровская область;2016;5373.3;1015.6
Новосибирская область ;2016;9602.5;501.2
Омская область;2016;1812;1377.8
Томская область;2016;499;269.8
Дальневосточный федеральный округ;2016;230.9;258.2
Республика Бурятия;2016;19815.1;6263.4
Республика Саха (Якутия);2016;960;59.1
Забайкальский край;2016;4463.5;98.5
Камчатский край;2016;214.8;412.2
Приморский край;2016;570.6;88.2
Хабаровский край ;2016;2175.5;3187.7
Амурская область;2016;1546.2;418.8
Магаданская область;2016;340.2;165.8
Сахалинская область;2016;415.7;48.5
Еврейская автономная область;2016;8998.7;1705
Чукотский автономный округ;2016;34.5;27.3
Центральный федеральный округ;2017;357766.8499;227464.288
Белгородская область;2017;174915.1933;140460.8913
Брянская область;2017;2790.00859;1609.952283
Владимирская область;2017;272.5435943;724.8592283
Воронежская область;2017;670.3945616;1482.052026
Ивановская область;2017;1322.896633;1308.331694
Калужская область;2017;164.1368176;498.2928072
Костромская область;2017;1330.946885;5288.506706
Курская область;2017;278.9227608;160.5659053
Липецкая область;2017;622.0054223;452.4954891
Московская область;2017;4324.498799;1284.252215
Орловская область;2017;6579.971216;23671.50168
Рязанская область;2017;222.0741888;236.212328
Смоленская область;2017;996.650559;637.2123315
Тамбовская область;2017;1094.592385;1761.993598
Тверская область;2017;168.5577349;213.5164503
Тульская область;2017;238.8638207;502.3500553
Ярославская область;2017;3766.690105;1053.948676
г. Москва;2017;824.8512096;774.6229792
Северо-Западный федеральный округ;2017;149246.5881;98800.22483
Республика Карелия;2017;41364.1674;35983.0329
Республика Коми;2017;1061.0405;240.5792447
Архангельская область;2017;979.0035658;134.175126
в том числе: ;2017;2406.437169;192.8399556
Ненецкий автономный округ;2017;0;0
Архангельская область без автономного округа;2017;0.0046803;0
Вологодская область;2017;2406.437169;192.9
Калининградская область;2017;3419.17812;663.0025816
Ленинградская область;2017;1269.231703;7208.239895
Мурманская область;2017;5652.906972;3585.621678
Новгородская область;2017;3492.996197;358.419282
Псковская область;2017;1054.821673;389.3672542
г. Санкт-Петербург;2017;213.5815858;359.3810825
Южный             федеральный округ;2017;21814.96523;22851.4068
Республика Адыгея;2017;16192.19303;8499.646431
Республика Калмыкия;2017;38.7861745;48.948607
Республика Крым;2017;0.4493648;0.0258151
Краснодарский край;2017;30.0287787;63.5622609
Астраханская область;2017;7000.976604;4604.550937
Волгоградская область;2017;720.0782477;159.5862187
Ростовская область;2017;1551.765313;718.6223661
г. Севастополь;2017;6844.652923;2889.482162
Северо-Кавказский        федеральный округ;2017;5.4556582;14.868064
Республика Дагестан;2017;1166.783748;1136.303132
Республика Ингушетия;2017;55.3517449;155.3241786
Кабардино-Балкарская Республика;2017;3.6663037;9.1053571
Карачаево-Черкесская Республика;2017;25.0490764;70.2031664
Республика Северная Осетия - Алания;2017;16.5016127;168.0611099
Чеченская Республика;2017;64.1830137;33.7477106
Ставропольский край;2017;1.8509514;44.2135623
Приволжский федеральный округ;2017;1000.181046;655.6480469
Республика Башкортостан;2017;37099.63404;13571.28778
Республика Марий Эл;2017;4270.926255;760.4515132
Республика Мордовия;2017;338.7974954;77.9827525
Республика Татарстан;2017;215.8370516;151.2130326
Удмуртская Республика;2017;13106.69071;3876.061773
Чувашская Республика;2017;327.9221421;290.1945996
Пермский край;2017;173.8266464;321.9577851
Кировская область;2017;4981.553914;678.4130543
Нижегородская область ;2017;808.7615682;357.7764405
Оренбургская область;2017;3919.559536;2880.982936
Пензенская область;2017;2455.673192;544.1088451
Самарская область;2017;246.8043746;256.2514635
Саратовская область;2017;4261.171862;2264.819852
Ульяновская область;2017;1304.953438;598.6316617
Уральский         федеральный округ;2017;687.1558586;512.4420719
Курганская область;2017;31850.69356;13968.0577
Свердловская область ;2017;111.4983365;72.7728798
Тюменская область;2017;6923.899871;3709.884435
в том числе:;2017;19845.28032;7488.211127
Ханты-Мансийский автономный округ - Югра;2017;0;0
Ямало-Ненецкий автономный округ;2017;14498.91789;546.2166747
Тюменская область  без автономных округов;2017;2406.122274;5118.300856
Челябинская область;2017;2940.240154;1823.693596
Сибирский        федеральный округ;2017;4970.015035;2697.189255
Республика Алтай;2017;31890.81981;6882.536933
Республика Тыва;2017;24.9286726;14.4172902
Республика Хакасия;2017;41.5953816;10.6242699
Алтайский край;2017;1919.463023;299.4465635
Красноярский край;2017;951.6299189;487.6418474
Иркутская область;2017;5956.183614;1301.202127
Кемеровская область;2017;6142.024181;1256.917657
Новосибирская область ;2017;13873.23701;646.2211552
Омская область;2017;2112.176981;2184.224086
Томская область;2017;613.9469772;362.3452854
Дальневосточный федеральный округ;2017;255.6340535;319.4966511
Республика Бурятия;2017;23287.36498;6962.531878
Республика Саха (Якутия);2017;756.0398926;83.0942638
Забайкальский край;2017;4800.213715;148.1929129
Камчатский край;2017;286.9452151;589.6010035
Приморский край;2017;700.3916785;110.7093352
Хабаровский край ;2017;3073.24103;3744.761341
Амурская область;2017;2138.787316;525.3934352
Магаданская область;2017;308.8003482;208.0731216
Сахалинская область;2017;405.0023512;69.3706156
Еврейская автономная область;2017;10574.59124;1391.281029
Чукотский автономный округ;2017;119.2022713;34.9410736
Центральный федеральный округ;2018;449563.6;238493.5
Белгородская область;2018;225756.8;150168.4
Брянская область;2018;3339.5;1486.5
Владимирская область;2018;325.9;809.5
Воронежская область;2018;843.8;1607.2
Ивановская область;2018;1576.8;928.4
Калужская область;2018;168;566.7
Костромская область;2018;1471.7;6004.2
Курская область;2018;339.1;139.4
Липецкая область;2018;683.5;522.4
Московская область;2018;5530.2;1129.1
Орловская область;2018;7095.2;27806.1
Рязанская область;2018;243.9;325
Смоленская область;2018;486.7;705.3
Тамбовская область;2018;1242.1;1917.3
Тверская область;2018;239.5;183.4
Тульская область;2018;299.5;602.8
Ярославская область;2018;3556;1082.3
г. Москва;2018;1213.2;778
Северо-Западный федеральный округ;2018;197102.2;103575
Республика Карелия;2018;50868.6;37573.6
Республика Коми;2018;1224.8;200.4
Архангельская область;2018;1022.6;206.3
в том числе: ;2018;2958.3;232.1
Ненецкий автономный округ;2018;0;0
Архангельская область без автономного округа;2018;0;0
Вологодская область;2018;2958.3;232.1
Калининградская область;2018;4711;711.1
Ленинградская область;2018;2000;8251.2
Мурманская область;2018;7112.3;4117.5
Новгородская область;2018;3648.6;330.3
Псковская область;2018;1343.1;440.7
г. Санкт-Петербург;2018;283.5;310.2
Южный             федеральный округ;2018;26564.2;22773.8
Республика Адыгея;2018;20457.5;9415.6
Республика Калмыкия;2018;40.4;55.8
Республика Крым;2018;0;4.6
Краснодарский край;2018;23.8;56.5
Астраханская область;2018;8441.7;4677.3
Волгоградская область;2018;951.1;646.8
Ростовская область;2018;1933.2;910.7
г. Севастополь;2018;9062.5;3054.3
Северо-Кавказский        федеральный округ;2018;4.6;9.5
Республика Дагестан;2018;1295.4;1050.8
Республика Ингушетия;2018;64.2;109.5
Кабардино-Балкарская Республика;2018;0.6;15.9
Карачаево-Черкесская Республика;2018;35.6;68.5
Республика Северная Осетия - Алания;2018;21.6;111.4
Чеченская Республика;2018;96.5;48.5
Ставропольский край;2018;3.7;53.6
Приволжский федеральный округ;2018;1072.8;643.4
Республика Башкортостан;2018;43570.3;14828.2
Республика Марий Эл;2018;4464.7;1019.4
Республика Мордовия;2018;467.5;95.7
Республика Татарстан;2018;287.1;218.5
Удмуртская Республика;2018;15476.5;3855
Чувашская Республика;2018;402.7;382.9
Пермский край;2018;207.7;358.3
Кировская область;2018;5387.4;793
Нижегородская область ;2018;893.9;323.2
Оренбургская область;2018;5494.3;3246.7
Пензенская область;2018;2758.7;529.6
Самарская область;2018;298.6;272.5
Саратовская область;2018;5047.2;2448.5
Ульяновская область;2018;1594.5;637.1
Уральский         федеральный округ;2018;789.3;647.8
Курганская область;2018;40953.4;9531
Свердловская область ;2018;216.8;82.7
Тюменская область;2018;8566.7;4519.1
в том числе:;2018;26915.6;2153.4
Ханты-Мансийский автономный округ - Югра;2018;0;0
Ямало-Ненецкий автономный округ;2018;20154.2;497.4
Тюменская область  без автономных округов;2018;2999.9;137.7
Челябинская область;2018;3761.5;1518.3
Сибирский        федеральный округ;2018;5254.2;2775.8
Республика Алтай;2018;37460.4;9096.5
Республика Тыва;2018;23.7;15.6
Республика Хакасия;2018;128;13.1
Алтайский край;2018;2213.7;369.4
Красноярский край;2018;1138.2;510.5
Иркутская область;2018;6785.9;2099.9
Кемеровская область;2018;6991.6;1769.4
Новосибирская область ;2018;16435.6;892.7
Омская область;2018;2597;2703.4
Томская область;2018;825.6;397
Дальневосточный федеральный округ;2018;321.1;325.5
Республика Бурятия;2018;29201.2;6829.4
Республика Саха (Якутия);2018;950;105.2
Забайкальский край;2018;4643;271.7
Камчатский край;2018;433.9;548.5
Приморский край;2018;843.1;74
Хабаровский край ;2018;3414.8;4138.1
Амурская область;2018;2581.9;538.8
Магаданская область;2018;371.8;312.8
Сахалинская область;2018;407.2;65.2
Еврейская автономная область;2018;15272.7;690.6
Чукотский автономный округ;2018;149.6;29.1
Центральный федеральный округ;2019;424467.6;244348.4
Белгородская область;2019;211619.2;154549.5
Брянская область;2019;3264.9;1487.4
Владимирская область;2019;388.2;883.7
Воронежская область;2019;642.3;1496.7
Ивановская область;2019;1226.5;906.5
Калужская область;2019;183.3;539.5
Костромская область;2019;1161.6;6682
Курская область;2019;721.6;147.5
Липецкая область;2019;793;601
Московская область;2019;3766.5;1227.4
Орловская область;2019;7859.1;27538
Рязанская область;2019;246.9;343.9
Смоленская область;2019;1311.2;672.4
Тамбовская область;2019;1133;1954.3
Тверская область;2019;227.2;239
Тульская область;2019;350.4;573
Ярославская область;2019;3035.8;1185.5
г. Москва;2019;1038.9;733.9
Северо-Западный федеральный округ;2019;184269;107338
Республика Карелия;2019;50816.9;37760.9
Республика Коми;2019;991.9;191.4
Архангельская область;2019;1002.9;152.8
в том числе: ;2019;2541.2;281.5
Ненецкий автономный округ;2019;0;0
Архангельская область без автономного округа;2019;624;0.2
Вологодская область;2019;1917.2;281.3
Калининградская область;2019;4306.9;828.8
Ленинградская область;2019;1509;7998.7
Мурманская область;2019;6849.6;3928.3
Новгородская область;2019;4076.1;335.2
Псковская область;2019;1600.3;588.7
г. Санкт-Петербург;2019;270.7;322.1
Южный             федеральный округ;2019;27668.2;23133.7
Республика Адыгея;2019;17830.7;8219
Республика Калмыкия;2019;28.6;68.3
Республика Крым;2019;5.1;0.7
Краснодарский край;2019;33.7;60.4
Астраханская область;2019;7414.3;4303.1
Волгоградская область;2019;507.3;131.6
Ростовская область;2019;1560.5;779.2
г. Севастополь;2019;8275;2869.3
Северо-Кавказский        федеральный округ;2019;6.4;6.2
Республика Дагестан;2019;1401.3;948.8
Республика Ингушетия;2019;62.8;108.4
Кабардино-Балкарская Республика;2019;4.2;6.2
Карачаево-Черкесская Республика;2019;63.5;25
Республика Северная Осетия - Алания;2019;49.9;19
Чеченская Республика;2019;71.1;61.4
Ставропольский край;2019;59.6;6.7
Приволжский федеральный округ;2019;1225.3;586.7
Республика Башкортостан;2019;39531.6;14265
Республика Марий Эл;2019;4256.9;764.6
Республика Мордовия;2019;347.1;97.3
Республика Татарстан;2019;269.9;174
Удмуртская Республика;2019;12866.4;3168.8
Чувашская Республика;2019;619.4;384.3
Пермский край;2019;200.7;325.6
Кировская область;2019;5781.5;1150.4
Нижегородская область ;2019;773.8;376.4
Оренбургская область;2019;4896.3;3434
Пензенская область;2019;2052.9;297.7
Самарская область;2019;308.4;252.4
Саратовская область;2019;4667.3;2432.3
Ульяновская область;2019;1368.6;676.9
Уральский         федеральный округ;2019;1122.4;730.3
Курганская область;2019;38042.2;10477.6
Свердловская область ;2019;253.1;129.2
Тюменская область;2019;7351.7;4743.2
в том числе:;2019;26105;2589.9
Ханты-Мансийский автономный округ - Югра;2019;0;0
Ямало-Ненецкий автономный округ;2019;19348.5;467.7
Тюменская область  без автономных округов;2019;4950.3;152.9
Челябинская область;2019;1806.2;1969.3
Сибирский        федеральный округ;2019;4332.3;3015.2
Республика Алтай;2019;36318;9656.3
Республика Тыва;2019;37.5;14.6
Республика Хакасия;2019;103.6;16.7
Алтайский край;2019;1761;328.6
Красноярский край;2019;1207.1;526
Иркутская область;2019;6787.1;2481.6
Кемеровская область;2019;7006.9;1645.9
Новосибирская область ;2019;14885.7;864.9
Омская область;2019;3199.6;2916.6
Томская область;2019;1013.7;473.7
Дальневосточный федеральный округ;2019;315.6;387.5
Республика Бурятия;2019;28832.9;8421.7
Республика Саха (Якутия);2019;910.4;95.8
Забайкальский край;2019;4051.7;281.2
Камчатский край;2019;633.3;377.9
Приморский край;2019;869.4;178.2
Хабаровский край ;2019;4064.2;5211.1
Амурская область;2019;1870;897.1
Магаданская область;2019;480.4;276
Сахалинская область;2019;463.6;68.9
Еврейская автономная область;2019;15188.2;951.1
Чукотский автономный округ;2019;118.4;23.5
Центральный федеральный округ;2020;337105.3;231668
Белгородская область;2020;163419.1;147197.5
Брянская область;2020;3144.1;1422.6
Владимирская область;2020;379.2;1025
Воронежская область;2020;718.3;1346.9
Ивановская область;2020;1068.7;992.5
Калужская область;2020;182.6;562.9
Костромская область;2020;1027.3;5963.9
Курская область;2020;3665.3;150.1
Липецкая область;2020;834;618.4
Московская область;2020;3203.6;1177.1
Орловская область;2020;6840.8;25404.7
Рязанская область;2020;289.6;274.8
Смоленская область;2020;502.9;721.4
Тамбовская область;2020;1003.7;1981.4
Тверская область;2020;400;214.6
Тульская область;2020;439.9;532.8
Ярославская область;2020;3053;1125.2
г. Москва;2020;949.7;626
Северо-Западный федеральный округ;2020;135716.3;103057.3
Республика Карелия;2020;42242.8;34528
Республика Коми;2020;695;223.8
Архангельская область;2020;824.4;133
в том числе: ;2020;2086.7;232.3
Ненецкий автономный округ;2020;0;0
Архангельская область без автономного округа;2020;445.5;0
Вологодская область;2020;1641.2;232.3
Калининградская область;2020;4218.1;808.9
Ленинградская область;2020;1716.1;6759.5
Мурманская область;2020;5398.7;3576.2
Новгородская область;2020;4729;328
Псковская область;2020;1348.9;567.2
г. Санкт-Петербург;2020;208.5;309.7
Южный             федеральный округ;2020;21017.4;21589.4
Республика Адыгея;2020;16997.5;8133.4
Республика Калмыкия;2020;25.3;54
Республика Крым;2020;2.5;0.3
Краснодарский край;2020;33.9;41.2
Астраханская область;2020;5637.6;4521.3
Волгоградская область;2020;657.3;335.9
Ростовская область;2020;1887.8;648.8
г. Севастополь;2020;8748.1;2526.9
Северо-Кавказский        федеральный округ;2020;4.7;5.1
Республика Дагестан;2020;1303.3;891.1
Республика Ингушетия;2020;56.3;108.2
Кабардино-Балкарская Республика;2020;4.2;9
Карачаево-Черкесская Республика;2020;31.9;80.2
Республика Северная Осетия - Алания;2020;15.2;47.5
Чеченская Республика;2020;124.2;43.7
Ставропольский край;2020;12.9;32.9
Приволжский федеральный округ;2020;1058.5;569.5
Республика Башкортостан;2020;31203;13846.5
Республика Марий Эл;2020;3152.4;927.8
Республика Мордовия;2020;168.2;98.6
Республика Татарстан;2020;251.1;205.9
Удмуртская Республика;2020;8825.1;3640.3
Чувашская Республика;2020;497.3;358.6
Пермский край;2020;248.5;291
Кировская область;2020;4460.2;827.4
Нижегородская область ;2020;825.3;357.3
Оренбургская область;2020;4898;2936.7
Пензенская область;2020;1805.8;322.3
Самарская область;2020;403.6;301.5
Саратовская область;2020;3801.6;2271.3
Ульяновская область;2020;1371.2;762.1
Уральский         федеральный округ;2020;494.9;545.7
Курганская область;2020;27425.1;9849.9
Свердловская область ;2020;130.7;141.3
Тюменская область;2020;7663;5004.7
в том числе:;2020;15443.1;2265.9
Ханты-Мансийский автономный округ - Югра;2020;0;0
Ямало-Ненецкий автономный округ;2020;11052.7;360.5
Тюменская область  без автономных округов;2020;3914.1;307.9
Челябинская область;2020;476.4;1597.5
Сибирский        федеральный округ;2020;4188.3;2438
Республика Алтай;2020;30460.7;9157.9
Республика Тыва;2020;49.9;13.9
Республика Хакасия;2020;79;9.2
Алтайский край;2020;1636.3;308.7
Красноярский край;2020;949.9;467.9
Иркутская область;2020;6395;2510.7
Кемеровская область;2020;5723.6;1548.6
Новосибирская область ;2020;11623.4;790.4
Омская область;2020;2932.3;2719.5
Томская область;2020;760.9;451.3
Дальневосточный федеральный округ;2020;310.3;337.9
Республика Бурятия;2020;24053.7;8063.7
Республика Саха (Якутия);2020;1163.1;69.1
Забайкальский край;2020;3427.8;97.3
Камчатский край;2020;1074.3;445.3
Приморский край;2020;823.2;228.5
Хабаровский край ;2020;2844.8;5087.4
Амурская область;2020;1805.3;779.9
Магаданская область;2020;647.1;277.6
Сахалинская область;2020;457.2;83.4
Еврейская автономная область;2020;11323.8;901.8
Чукотский автономный округ;2020;198.3;9
Центральный федеральный округ;2021;493096.1;293531.1
Белгородская область;2021;252122.6;185610.2
Брянская область;2021;5052.5;1479.1
Владимирская область;2021;414.8;785.4
Воронежская область;2021;1137.7;1760.3
Ивановская область;2021;1508.9;1220.5
Калужская область;2021;272.6;796.4
Костромская область;2021;1513.3;7531.6
Курская область;2021;5480.9;253.5
Липецкая область;2021;1631.3;596.7
Московская область;2021;6824.1;1374.6
Орловская область;2021;11413.4;33561.7
Рязанская область;2021;418.8;396.2
Смоленская область;2021;1561;916.7
Тамбовская область;2021;1488.3;2391
Тверская область;2021;426.4;235.8
Тульская область;2021;605.8;678.4
Ярославская область;2021;3953.2;1797.1
г. Москва;2021;1134.4;855.2
Северо-Западный федеральный округ;2021;207285.3;128979.8
Республика Карелия;2021;61026.6;42863
Республика Коми;2021;1232.3;405.4
Архангельская область;2021;1281.4;128.8
в том числе: ;2021;3207.3;374.4
Ненецкий автономный округ;2021;0;0
Архангельская область без автономного округа;2021;1119.9;6.1
Вологодская область;2021;2087.4;368.3
Калининградская область;2021;7165.7;630.6
Ленинградская область;2021;2384.8;8764.8
Мурманская область;2021;8369.8;4353.2
Новгородская область;2021;4668.8;543.4
Псковская область;2021;2550;565.6
г. Санкт-Петербург;2021;256.3;472.5
Южный             федеральный округ;2021;29910;26624.5
Республика Адыгея;2021;23528.4;9614
Республика Калмыкия;2021;38.1;67.5
Республика Крым;2021;1;0.5
Краснодарский край;2021;36.6;31.7
Астраханская область;2021;7566.8;5628
Волгоградская область;2021;1022.8;138.8
Ростовская область;2021;3289;761.1
г. Севастополь;2021;11568.7;2981.5
Северо-Кавказский        федеральный округ;2021;5.5;4.9
Республика Дагестан;2021;1768.5;1092.4
Республика Ингушетия;2021;68.1;146.5
Кабардино-Балкарская Республика;2021;6.2;5.4
Карачаево-Черкесская Республика;2021;21.5;78.6
Республика Северная Осетия - Алания;2021;16.1;40.4
Чеченская Республика;2021;122.8;33.5
Ставропольский край;2021;23.1;49.2
Приволжский федеральный округ;2021;1510.9;738.7
Республика Башкортостан;2021;44248.8;17277.3
Республика Марий Эл;2021;3716.7;901.7
Республика Мордовия;2021;324.6;134.1
Республика Татарстан;2021;375.8;147.2
Удмуртская Республика;2021;12072.9;5475
Чувашская Республика;2021;600.2;565.2
Пермский край;2021;301.6;322.1
Кировская область;2021;7949.4;847.2
Нижегородская область ;2021;1258.3;453.9
Оренбургская область;2021;6632.3;3212.4
Пензенская область;2021;2628.6;295.5
Самарская область;2021;358;359.4
Саратовская область;2021;5181.7;2879.2
Ульяновская область;2021;2263.2;955.3
Уральский         федеральный округ;2021;585.7;729
Курганская область;2021;41610.2;15226.4
Свердловская область ;2021;142.3;112.6
Тюменская область;2021;9287.3;8010.7
в том числе:;2021;24827.7;3579.2
Ханты-Мансийский автономный округ - Югра;2021;0;0
Ямало-Ненецкий автономный округ;2021;17484.2;458.9
Тюменская область  без автономных округов;2021;5722.3;1976.8
Челябинская область;2021;1621.1;1143.6
Сибирский        федеральный округ;2021;7353;3523.8
Республика Алтай;2021;40183.1;11260.2
Республика Тыва;2021;75.8;15.8
Республика Хакасия;2021;140.2;12.2
Алтайский край;2021;2681.6;419.3
Красноярский край;2021;1148.2;680.9
Иркутская область;2021;7164.7;2668.1
Кемеровская область;2021;8385.5;2126.9
Новосибирская область ;2021;15326.8;825.7
Омская область;2021;3837.6;3749.6
Томская область;2021;996.8;414.3
Дальневосточный федеральный округ;2021;426;347.6
Республика Бурятия;2021;28607.9;10587.6
Республика Саха (Якутия);2021;1329.5;88.1
Забайкальский край;2021;5550.5;180
Камчатский край;2021;1458.2;633.3
Приморский край;2021;977.1;213.6
Хабаровский край ;2021;3428.2;7219.4
Амурская область;2021;2538.9;1109.9
Магаданская область;2021;627.2;532
Сахалинская область;2021;551.8;94.8
Еврейская автономная область;2021;11469.5;425.2
Чукотский автономный округ;2021;395.4;10.9
