Субъект РФ;Год;Валовый региональный продукт: всего (млн. руб.);Валовый региональный продукт: на душу населения (руб.)
Центральный федеральный округ;2000;1841498.9;48205
Белгородская область;2000;42074.5;27969.5
Брянская область;2000;24650.5;17413.5
Владимирская область;2000;33017.7;21073.3
Воронежская область;2000;49523.9;20365.1
Ивановская область;2000;16900;14240
Калужская область;2000;23903.3;22438
Костромская область;2000;16662.2;21984.7
Курская область;2000;30167.7;23677.7
Липецкая область;2000;48067.7;39050.9
Московская область;2000;176693.6;26687.7
Орловская область;2000;22160.8;25168.4
Рязанская область;2000;27956.5;22070.3
Смоленская область;2000;28140.6;25798.1
Тамбовская область;2000;23387.3;19133.8
Тверская область;2000;35341.1;23073.1
Тульская область;2000;42061.3;24291.8
Ярославская область;2000;41756.2;29828
г. Москва;2000;1159034;115630.5
Северо-Западный федеральный округ;2000;578504.7;40564.9
Республика Карелия;2000;28214.6;38539.2
Республика Коми;2000;59473.1;56619.5
Архангельская область;2000;61806.9;44797.4
в том числе: ;2000;0;0
Ненецкий автономный округ;2000;11924;0
Архангельская область без автономного округа;2000;0;0
Вологодская область;2000;69195.5;53432.8
Калининградская область;2000;23290.3;24308.8
Ленинградская область;2000;56001.9;33265.1
Мурманская область;2000;55135;59157.8
Новгородская область;2000;20965.5;29347
Псковская область;2000;16178.9;20544.7
г. Санкт-Петербург;2000;188243;39811.1
Южный             федеральный округ;2000;329695.3;23417.9
Республика Адыгея;2000;5519.6;12315.1
Республика Калмыкия;2000;6212.6;20183.7
Республика Крым;2000;0;0
Краснодарский край;2000;137125.3;26713.9
Астраханская область;2000;28115.7;27815.3
Волгоградская область;2000;63767.1;23340.8
Ростовская область;2000;88955;20003.8
г. Севастополь;2000;0;0
Северо-Кавказский        федеральный округ;2000;105178;13802.7
Республика Дагестан;2000;20921.1;8489.7
Республика Ингушетия;2000;2618.5;6667.9
Кабардино-Балкарская Республика;2000;14081.3;15948.9
Карачаево-Черкесская Республика;2000;5461.5;12404.2
Республика Северная Осетия - Алания;2000;8363.2;11964.5
Чеченская Республика;2000;0;0
Ставропольский край;2000;53732.4;19603.9
Приволжский федеральный округ;2000;1036789;32791.7
Республика Башкортостан;2000;145125;35245.9
Республика Марий Эл;2000;11207.6;15114.8
Республика Мордовия;2000;17553.4;19219.8
Республика Татарстан;2000;186154.4;49139.3
Удмуртская Республика;2000;53307.4;33488.8
Чувашская Республика;2000;22995.1;17276.5
Пермский край;2000;124142.2;43273.2
Кировская область;2000;35795.4;23165.6
Нижегородская область ;2000;105055.9;29090.1
Оренбургская область;2000;76343.3;34585.2
Пензенская область;2000;25218.7;16900.3
Самарская область;2000;140407.4;42758.9
Саратовская область;2000;63068.2;23315.4
Ульяновская область;2000;30415;21411.5
Уральский         федеральный округ;2000;866133.4;69327.3
Курганская область;2000;18705.2;17758.7
Свердловская область ;2000;156077;34214.7
Тюменская область;2000;570790.2;176917.9
в том числе:;2000;0;0
Ханты-Мансийский автономный округ - Югра;2000;403822.2;0
Ямало-Ненецкий автономный округ;2000;117100.8;0
Тюменская область  без автономных округов;2000;0;0
Челябинская область;2000;120561;33012.3
Сибирский        федеральный округ;2000;635471.7;34893
Республика Алтай;2000;2737.5;13505.1
Республика Тыва;2000;3594.1;11749.3
Республика Хакасия;2000;17418.1;31333.2
Алтайский край;2000;46736.8;17660.5
Красноярский край;2000;214662.7;71281
Иркутская область;2000;103013.8;39115.2
Кемеровская область;2000;88728.1;30047.8
Новосибирская область ;2000;72012.7;26472.3
Омская область;2000;46028.4;21643.1
Томская область;2000;40539.5;38386
Дальневосточный федеральный округ;2000;360400.6;39782
Республика Бурятия;2000;21574.5;21555.1
Республика Саха (Якутия);2000;81960.4;85375.5
Забайкальский край;2000;30024.6;25320.1
Камчатский край;2000;18140.7;49108.7
Приморский край;2000;62088.5;29139.9
Хабаровский край ;2000;64794.8;44171.2
Амурская область;2000;26315.2;28317.2
Магаданская область;2000;13009.5;65704.6
Сахалинская область;2000;34777;61595.8
Еврейская автономная область;2000;3784;19484.8
Чукотский автономный округ;2000;3931.4;65963
Центральный федеральный округ;2001;2243525;58851.5
Белгородская область;2001;49941.8;33126.7
Брянская область;2001;30110.3;21511.9
Владимирская область;2001;42075.4;27170
Воронежская область;2001;60014.6;24905.4
Ивановская область;2001;22175.9;18947.2
Калужская область;2001;31860;30201.9
Костромская область;2001;22221.5;29668.3
Курская область;2001;36399.8;28946.1
Липецкая область;2001;50574.1;41308.6
Московская область;2001;235159.6;35569.3
Орловская область;2001;27624.8;31676.1
Рязанская область;2001;37054.3;29645.8
Смоленская область;2001;36016.3;33575.4
Тамбовская область;2001;31086.6;25830.2
Тверская область;2001;46986.4;31209.8
Тульская область;2001;52891.2;30988.5
Ярославская область;2001;61149.6;44116.3
г. Москва;2001;1370182.8;134435.8
Северо-Западный федеральный округ;2001;709025.1;50157.8
Республика Карелия;2001;33721.2;46499.2
Республика Коми;2001;78276.5;75534.6
Архангельская область;2001;67274.7;49474
в том числе: ;2001;0;0
Ненецкий автономный округ;2001;11883.5;0
Архангельская область без автономного округа;2001;0;0
Вологодская область;2001;65425.3;50934.4
Калининградская область;2001;32327.2;33797.4
Ленинградская область;2001;75858.6;45248.2
Мурманская область;2001;57569.3;62965.4
Новгородская область;2001;27501;38975.3
Псковская область;2001;19416.9;25031.4
г. Санкт-Петербург;2001;251654.4;53525.3
Южный             федеральный округ;2001;426507.8;30388.9
Республика Адыгея;2001;6641.8;14858.6
Республика Калмыкия;2001;6732;22261.8
Республика Крым;2001;0;0
Краснодарский край;2001;179177.5;34912.4
Астраханская область;2001;32274.3;32037.2
Волгоградская область;2001;82919.7;30513.2
Ростовская область;2001;118762.5;26817.8
г. Севастополь;2001;0;0
Северо-Кавказский        федеральный округ;2001;142442.1;18408.8
Республика Дагестан;2001;31544;12562.3
Республика Ингушетия;2001;3604.3;8000.7
Кабардино-Балкарская Республика;2001;19443.3;21834.2
Карачаево-Черкесская Республика;2001;7324.8;16639.7
Республика Северная Осетия - Алания;2001;12665.3;17914.2
Чеченская Республика;2001;0;0
Ставропольский край;2001;67860.4;24780.1
Приволжский федеральный округ;2001;1292756.5;41139.5
Республика Башкортостан;2001;166974.8;40609.7
Республика Марий Эл;2001;15087.8;20502.6
Республика Мордовия;2001;22089.5;24473.2
Республика Татарстан;2001;213740;56479.2
Удмуртская Республика;2001;65551.4;41407
Чувашская Республика;2001;30778.5;23253.6
Пермский край;2001;166803.4;58570.7
Кировская область;2001;41699;27297.1
Нижегородская область ;2001;149322.6;41773.2
Оренбургская область;2001;85168.3;38769.3
Пензенская область;2001;33262.6;22547.8
Самарская область;2001;180049.3;55147
Саратовская область;2001;83665.7;31094.4
Ульяновская область;2001;38563.6;27453.2
Уральский         федеральный округ;2001;1120819.8;90065.5
Курганская область;2001;25379.6;24429.3
Свердловская область ;2001;199859.1;44119
Тюменская область;2001;753119.2;232236.3
в том числе:;2001;0;0
Ханты-Мансийский автономный округ - Югра;2001;497981.4;0
Ямало-Ненецкий автономный округ;2001;184315.9;0
Тюменская область  без автономных округов;2001;0;0
Челябинская область;2001;142461.9;39216.5
Сибирский        федеральный округ;2001;778927.9;43055.2
Республика Алтай;2001;4499.4;22164.4
Республика Тыва;2001;5197.2;17012.1
Республика Хакасия;2001;20041;36306.2
Алтайский край;2001;61854.4;23509
Красноярский край;2001;239420;80038.8
Иркутская область;2001;120240;46044.3
Кемеровская область;2001;113800.2;38839.7
Новосибирская область ;2001;95298.9;35177.3
Омская область;2001;61535.7;29219.2
Томская область;2001;57041.1;54221.6
Дальневосточный федеральный округ;2001;456964;51048.3
Республика Бурятия;2001;30075.1;30314.6
Республика Саха (Якутия);2001;100922.4;105733.3
Забайкальский край;2001;35139.2;29979.7
Камчатский край;2001;23031.7;63274
Приморский край;2001;72826.1;34628
Хабаровский край ;2001;79891.5;54983.9
Амурская область;2001;39052.8;42578.3
Магаданская область;2001;17151.6;89987.5
Сахалинская область;2001;47140.1;84769.1
Еврейская автономная область;2001;4788.9;24877.5
Чукотский автономный округ;2001;6944.6;123130.9
Центральный федеральный округ;2002;2878664.5;75739.2
Белгородская область;2002;62404.4;41327.4
Брянская область;2002;37374.1;27020
Владимирская область;2002;50359.9;32923.6
Воронежская область;2002;83001.1;34789.6
Ивановская область;2002;26981.3;23396.9
Калужская область;2002;37283.1;35708.4
Костромская область;2002;25952.9;35109.5
Курская область;2002;45309.4;36545.7
Липецкая область;2002;70590.5;58065.7
Московская область;2002;312950;47323.5
Орловская область;2002;35657.4;41322.8
Рязанская область;2002;45797.5;37164.2
Смоленская область;2002;42166.1;39983.1
Тамбовская область;2002;38897.8;32858.4
Тверская область;2002;55732.6;37695.3
Тульская область;2002;65416.3;38894.3
Ярославская область;2002;75313.4;54917.2
г. Москва;2002;1767476.7;171127.8
Северо-Западный федеральный округ;2002;886843.2;63297.1
Республика Карелия;2002;41362.4;57575.7
Республика Коми;2002;86019.4;84101.9
Архангельская область;2002;83158.8;61989.4
в том числе: ;2002;0;0
Ненецкий автономный округ;2002;16480.8;0
Архангельская область без автономного округа;2002;0;0
Вологодская область;2002;80731.9;63433.6
Калининградская область;2002;40120.3;42019.6
Ленинградская область;2002;94747;56738.1
Мурманская область;2002;68445.4;76236.9
Новгородская область;2002;31466.8;45178.5
Псковская область;2002;24098.9;31547.3
г. Санкт-Петербург;2002;336692.3;72059.8
Южный             федеральный округ;2002;519019.2;37122.4
Республика Адыгея;2002;7909.9;17707.5
Республика Калмыкия;2002;7272.3;24676.8
Республика Крым;2002;0;0
Краснодарский край;2002;217727.6;42477.6
Астраханская область;2002;40994.9;40786.8
Волгоградская область;2002;104341.2;38617.7
Ростовская область;2002;140773.3;31941.7
г. Севастополь;2002;0;0
Северо-Кавказский        федеральный округ;2002;174564.1;22374.6
Республика Дагестан;2002;41441;16195.5
Республика Ингушетия;2002;3582.1;7751.7
Кабардино-Балкарская Республика;2002;22774.5;25369.9
Карачаево-Черкесская Республика;2002;10234.5;23297.3
Республика Северная Осетия - Алания;2002;15997.5;22541.2
Чеченская Республика;2002;0;0
Ставропольский край;2002;80534.5;29453.4
Приволжский федеральный округ;2002;1483309.6;47526.3
Республика Башкортостан;2002;187842.2;45756
Республика Марий Эл;2002;17815.3;24411.2
Республика Мордовия;2002;27508;30848.9
Республика Татарстан;2002;250596;66298.7
Удмуртская Республика;2002;78346.3;49800.6
Чувашская Республика;2002;37180.6;28261.3
Пермский край;2002;178091;63032.2
Кировская область;2002;49974.2;33124
Нижегородская область ;2002;170826.5;48321.6
Оренбургская область;2002;94182.5;43145.6
Пензенская область;2002;41623.4;28554.2
Самарская область;2002;206320.2;63582.9
Саратовская область;2002;97326.4;36413.6
Ульяновская область;2002;45677;32922.8
Уральский         федеральный округ;2002;1335976;107831.3
Курганская область;2002;29940.8;29253.3
Свердловская область ;2002;234866.4;52241.3
Тюменская область;2002;898722.4;275622.5
в том числе:;2002;0;0
Ханты-Мансийский автономный округ - Югра;2002;552483.5;0
Ямало-Ненецкий автономный округ;2002;262447.4;0
Тюменская область  без автономных округов;2002;0;0
Челябинская область;2002;172446.4;47775.7
Сибирский        федеральный округ;2002;909296.4;50622.8
Республика Алтай;2002;5310.6;26160.6
Республика Тыва;2002;6847.4;22421
Республика Хакасия;2002;25423.3;46443.7
Алтайский край;2002;73107.4;27991.2
Красноярский край;2002;230994.9;77729
Иркутская область;2002;140195.9;54156.9
Кемеровская область;2002;136156.7;46860.1
Новосибирская область ;2002;123084.5;45659.6
Омская область;2002;92628.7;44424.1
Томская область;2002;75547;72107.4
Дальневосточный федеральный округ;2002;553546.2;62521.4
Республика Бурятия;2002;37884.5;38524
Республика Саха (Якутия);2002;115117.1;121163.1
Забайкальский край;2002;44555.8;38443.3
Камчатский край;2002;25881.9;71934.1
Приморский край;2002;96832.3;46632.5
Хабаровский край ;2002;101048.6;70162.9
Амурская область;2002;45717.5;50449.6
Магаданская область;2002;22374.8;121272.5
Сахалинская область;2002;47139.8;85927.4
Еврейская автономная область;2002;6838.5;35766
Чукотский автономный округ;2002;10155.4;187368.1
Центральный федеральный округ;2003;3577142.5;94244.6
Белгородская область;2003;76054.5;50271.4
Брянская область;2003;43700.3;31953.4
Владимирская область;2003;61818.6;40809.4
Воронежская область;2003;100143.3;42237.5
Ивановская область;2003;33214.6;29192.4
Калужская область;2003;48792.7;47136.5
Костромская область;2003;29692.1;40741.1
Курская область;2003;56383.1;46131.2
Липецкая область;2003;96241.9;79661.2
Московская область;2003;412089.3;62023.3
Орловская область;2003;42073.3;49342.3
Рязанская область;2003;59607.2;48977.6
Смоленская область;2003;49085.7;47084.3
Тамбовская область;2003;46877.7;40133.5
Тверская область;2003;68805.3;47233.8
Тульская область;2003;72258;43541.9
Ярославская область;2003;92073.4;67915.1
г. Москва;2003;2188231.5;209174.1
Северо-Западный федеральный округ;2003;1091026.5;78466.3
Республика Карелия;2003;46588.9;65708
Республика Коми;2003;107149;106304.1
Архангельская область;2003;103951.3;78507
в том числе: ;2003;0;0
Ненецкий автономный округ;2003;25040.6;599201.7
Архангельская область без автономного округа;2003;0;0
Вологодская область;2003;107544.6;85259.1
Калининградская область;2003;46757.7;49167.4
Ленинградская область;2003;121222.3;72578.7
Мурманская область;2003;80604.1;91442.1
Новгородская область;2003;38081.7;55387.3
Псковская область;2003;29488.4;39190.7
г. Санкт-Петербург;2003;409638.5;87919.3
Южный             федеральный округ;2003;616085.3;44227
Республика Адыгея;2003;9849.3;22091.7
Республика Калмыкия;2003;6539.5;22394.9
Республика Крым;2003;0;0
Краснодарский край;2003;248565.5;48572.8
Астраханская область;2003;50659.8;50386.3
Волгоградская область;2003;128622.2;47934.1
Ростовская область;2003;171849;39180.4
г. Севастополь;2003;0;0
Северо-Кавказский        федеральный округ;2003;220169.6;28078.5
Республика Дагестан;2003;57626.7;22168.7
Республика Ингушетия;2003;4756.6;10332.4
Кабардино-Балкарская Республика;2003;25997.4;29036.2
Карачаево-Черкесская Республика;2003;11481.1;25999
Республика Северная Осетия - Алания;2003;18925.2;26705.1
Чеченская Республика;2003;0;0
Ставропольский край;2003;101382.6;37058
Приволжский федеральный округ;2003;1807987;58324.4
Республика Башкортостан;2003;242920.5;59274.3
Республика Марий Эл;2003;22987.3;31719
Республика Мордовия;2003;33244;37681.7
Республика Татарстан;2003;305086.1;80809.2
Удмуртская Республика;2003;89034.5;56904.4
Чувашская Республика;2003;45133.1;34540.2
Пермский край;2003;209275.7;74783.8
Кировская область;2003;57795.8;38900.6
Нижегородская область ;2003;206926;59149.2
Оренбургская область;2003;115824.6;53548.8
Пензенская область;2003;48111.5;33304.2
Самарская область;2003;256554.6;79369.1
Саратовская область;2003;119909;45223
Ульяновская область;2003;55184.3;40195.3
Уральский         федеральный округ;2003;1659322.1;134653.5
Курганская область;2003;37046.2;36759
Свердловская область ;2003;284576.3;63865.6
Тюменская область;2003;1117514.4;341146.7
в том числе:;2003;0;0
Ханты-Мансийский автономный округ - Югра;2003;717219.7;496127.8
Ямало-Ненецкий автономный округ;2003;283181.2;555559.1
Тюменская область  без автономных округов;2003;0;0
Челябинская область;2003;220185.2;61444.7
Сибирский        федеральный округ;2003;1104197.5;61979.9
Республика Алтай;2003;6903.9;34042.3
Республика Тыва;2003;8121.2;26607.4
Республика Хакасия;2003;28969.2;53320.2
Алтайский край;2003;88733.3;34295.8
Красноярский край;2003;272727;92547.5
Иркутская область;2003;167927.1;65468.6
Кемеровская область;2003;164903.1;57302.3
Новосибирская область ;2003;153798.9;57360.1
Омская область;2003;115029.5;55729.2
Томская область;2003;97084.3;93193.8
Дальневосточный федеральный округ;2003;666492.8;76007.9
Республика Бурятия;2003;52253.7;53479.2
Республика Саха (Якутия);2003;132964.1;140065.1
Забайкальский край;2003;53145.5;46308.5
Камчатский край;2003;29747;83980.4
Приморский край;2003;119333.7;57986.3
Хабаровский край ;2003;116318.1;81613.4
Амурская область;2003;53199.9;59480.3
Магаданская область;2003;24325.9;135180.6
Сахалинская область;2003;63139.2;116731
Еврейская автономная область;2003;8564.6;45196.1
Чукотский автономный округ;2003;13501.1;256992.1
Центральный федеральный округ;2004;4617086.1;121487.7
Белгородская область;2004;114409.3;75629.4
Брянская область;2004;51003.4;37719.1
Владимирская область;2004;74207;49353.4
Воронежская область;2004;117197.6;49530
Ивановская область;2004;40159.4;35732.7
Калужская область;2004;57993.8;56325.6
Костромская область;2004;37787.4;52661
Курская область;2004;76506.1;63512.1
Липецкая область;2004;141778.3;117959.2
Московская область;2004;535204.4;79833.2
Орловская область;2004;46042.3;54740.1
Рязанская область;2004;69996;58094.5
Смоленская область;2004;56113.9;54178.9
Тамбовская область;2004;56775;49098.8
Тверская область;2004;88081.5;61158.4
Тульская область;2004;88119.6;53715.1
Ярославская область;2004;112438.7;84008.1
г. Москва;2004;2853272.4;268390.3
Северо-Западный федеральный округ;2004;1474882;106667.8
Республика Карелия;2004;53964.1;77509.7
Республика Коми;2004;131588;132733.1
Архангельская область;2004;142564.7;109045.7
в том числе: ;2004;0;0
Ненецкий автономный округ;2004;39586.7;944926.1
Архангельская область без автономного округа;2004;0;0
Вологодская область;2004;161378.6;129015.6
Калининградская область;2004;66552.1;70426
Ленинградская область;2004;166445;99230
Мурманская область;2004;124972;144469.3
Новгородская область;2004;49242.3;72549.3
Псковская область;2004;35816;48358.5
г. Санкт-Петербург;2004;542359.2;116030.9
Южный             федеральный округ;2004;766851.3;55215.5
Республика Адыгея;2004;12493.2;28133.2
Республика Калмыкия;2004;8518.5;29105.7
Республика Крым;2004;0;0
Краснодарский край;2004;313623.6;61291.7
Астраханская область;2004;56710.9;56357.5
Волгоградская область;2004;154337.7;57928
Ростовская область;2004;221167.4;50678.6
г. Севастополь;2004;0;0
Северо-Кавказский        федеральный округ;2004;275606.3;35083.2
Республика Дагестан;2004;80712.4;30629.6
Республика Ингушетия;2004;6210.4;14024.9
Кабардино-Балкарская Республика;2004;29052.9;32884.8
Карачаево-Черкесская Республика;2004;13127.2;29348.9
Республика Северная Осетия - Алания;2004;24268;34323.6
Чеченская Республика;2004;0;0
Ставропольский край;2004;122235.4;44610
Приволжский федеральный округ;2004;2284895.8;74218.8
Республика Башкортостан;2004;310845.1;76042.5
Республика Марий Эл;2004;30085.6;41757.6
Республика Мордовия;2004;38334.9;43807.6
Республика Татарстан;2004;391116;103726.8
Удмуртская Республика;2004;100833.1;64732.3
Чувашская Республика;2004;59573.8;45955.1
Пермский край;2004;266325.9;96240.2
Кировская область;2004;70706.2;48464.8
Нижегородская область ;2004;241230.4;69629.5
Оренбургская область;2004;169876.7;79522.8
Пензенская область;2004;59711.7;41595.8
Самарская область;2004;327118.5;101362.5
Саратовская область;2004;151636.9;57710.3
Ульяновская область;2004;67501;49606.5
Уральский         федеральный округ;2004;2234753;182505.2
Курганская область;2004;42470.6;42889.3
Свердловская область ;2004;364368.8;82546.5
Тюменская область;2004;1536733.7;467803.8
в том числе:;2004;0;0
Ханты-Мансийский автономный округ - Югра;2004;956196.5;655886.9
Ямало-Ненецкий автономный округ;2004;355718.4;693795
Тюменская область  без автономных округов;2004;0;0
Челябинская область;2004;291179.9;81894.8
Сибирский        федеральный округ;2004;1506602.2;85348.1
Республика Алтай;2004;8516.7;42067.6
Республика Тыва;2004;9838.5;32309
Республика Хакасия;2004;33102.9;61336.4
Алтайский край;2004;114840.5;44934.9
Красноярский край;2004;365454.1;125287.8
Иркутская область;2004;213244.2;84014.3
Кемеровская область;2004;244462;85850.4
Новосибирская область ;2004;191826.7;71843.4
Омская область;2004;192877.3;94389.6
Томская область;2004;132439.3;128090.8
Дальневосточный федеральный округ;2004;803628.7;92547.2
Республика Бурятия;2004;63918.5;65707.2
Республика Саха (Якутия);2004;153496.7;161309
Забайкальский край;2004;61261.8;53845.5
Камчатский край;2004;35139.3;101205.1
Приморский край;2004;152301.1;74713.1
Хабаровский край ;2004;133330.5;94795.1
Амурская область;2004;64250.2;72937
Магаданская область;2004;24612.3;139840.3
Сахалинская область;2004;91729.6;172004.4
Еврейская автономная область;2004;11230.9;60029.9
Чукотский автономный округ;2004;12357.8;238227.2
Центральный федеральный округ;2005;6278359.2;164887.9
Белгородская область;2005;144987.8;95911.2
Брянская область;2005;66692.3;49923.4
Владимирская область;2005;86926.8;58261
Воронежская область;2005;133586.6;56534.5
Ивановская область;2005;44415.4;40039.1
Калужская область;2005;70953.9;69192.2
Костромская область;2005;44684.7;63304.4
Курская область;2005;86624.9;72995.3
Липецкая область;2005;145194.4;121376.2
Московская область;2005;708062.1;104738.3
Орловская область;2005;53181.9;64180.4
Рязанская область;2005;84382.7;70665.8
Смоленская область;2005;65525.6;63687
Тамбовская область;2005;63614.8;55573.9
Тверская область;2005;96897.4;68048.7
Тульская область;2005;116221.2;71587.4
Ярославская область;2005;131252.1;99335.1
г. Москва;2005;4135154.6;381997.1
Северо-Западный федеральный округ;2005;1799780.2;130846.1
Республика Карелия;2005;77124.8;112950.3
Республика Коми;2005;171307.2;176075.2
Архангельская область;2005;166433.4;128965.3
в том числе: ;2005;0;0
Ненецкий автономный округ;2005;44718.3;1067007.7
Архангельская область без автономного округа;2005;0;0
Вологодская область;2005;193966.1;156379.7
Калининградская область;2005;81837.6;87122.8
Ленинградская область;2005;205416.9;122024.2
Мурманская область;2005;132870.2;156652.5
Новгородская область;2005;63848.3;95286.2
Псковская область;2005;40582.9;55772.9
г. Санкт-Петербург;2005;666392.8;141795.6
Южный             федеральный округ;2005;936055.9;67566
Республика Адыгея;2005;17029.1;38514.5
Республика Калмыкия;2005;9685.7;33017.9
Республика Крым;2005;0;0
Краснодарский край;2005;372929.8;72794.1
Астраханская область;2005;70127.6;69814
Волгоградская область;2005;203232.2;76740.6
Ростовская область;2005;263051.5;60575
г. Севастополь;2005;0;0
Северо-Кавказский        федеральный округ;2005;352070;39050.8
Республика Дагестан;2005;90442.6;33839.8
Республика Ингушетия;2005;7419.3;17435.1
Кабардино-Балкарская Республика;2005;36833.4;42253.1
Карачаево-Черкесская Республика;2005;16724.3;36971.7
Республика Северная Осетия - Алания;2005;31182.2;44127.2
Чеченская Республика;2005;22898.9;20038.4
Ставропольский край;2005;146569.3;53414.6
Приволжский федеральный округ;2005;2799035.9;91573.6
Республика Башкортостан;2005;381646.5;93683.1
Республика Марий Эл;2005;33350.7;46589.5
Республика Мордовия;2005;44267;50982.6
Республика Татарстан;2005;482759.2;128226.9
Удмуртская Республика;2005;139995.3;90316.3
Чувашская Республика;2005;69391.6;54001.9
Пермский край;2005;327273.3;119654
Кировская область;2005;79800.6;55726.6
Нижегородская область ;2005;299723.7;87354.7
Оренбургская область;2005;213138.2;101110.3
Пензенская область;2005;74362.7;52163.8
Самарская область;2005;401812.2;124575.2
Саратовская область;2005;170930.5;65656.6
Ульяновская область;2005;80584.4;59804.8
Уральский         федеральный округ;2005;3091362.9;254078.4
Курганская область;2005;50245.8;51724
Свердловская область ;2005;475575.5;108697.2
Тюменская область;2005;2215584.4;673208.3
в том числе:;2005;0;0
Ханты-Мансийский автономный округ - Югра;2005;1399335.9;955182.6
Ямало-Ненецкий автономный округ;2005;441721.8;856078.1
Тюменская область  без автономных округов;2005;0;0
Челябинская область;2005;349957.2;99159.8
Сибирский        федеральный округ;2005;1806739.4;103308.6
Республика Алтай;2005;8805.8;43592.3
Республика Тыва;2005;11662.5;38429.7
Республика Хакасия;2005;41727.5;77864.6
Алтайский край;2005;135686.4;53812.4
Красноярский край;2005;439736.9;152389
Иркутская область;2005;258095.5;102904.3
Кемеровская область;2005;295378.4;104764.5
Новосибирская область ;2005;235381.8;88475.5
Омская область;2005;220686.1;108970.6
Томская область;2005;159578.5;155365.2
Дальневосточный федеральный округ;2005;970981.7;112957.3
Республика Бурятия;2005;74912.9;77313.2
Республика Саха (Якутия);2005;183027;191896
Забайкальский край;2005;69647.1;61741
Камчатский край;2005;43974.3;129240.8
Приморский край;2005;186623.3;92504.2
Хабаровский край ;2005;161194.4;116257.5
Амурская область;2005;76861.2;88597.1
Магаданская область;2005;27167.8;157798.9
Сахалинская область;2005;121014.1;230298.2
Еврейская автономная область;2005;14204.2;77319.2
Чукотский автономный округ;2005;12355.4;237134.5
Центральный федеральный округ;2006;7965169.5;208806.5
Белгородская область;2006;178846.1;118211.4
Брянская область;2006;82100.4;62187.8
Владимирская область;2006;112841.7;76184.8
Воронежская область;2006;166176.5;70492.7
Ивановская область;2006;55090;50271.5
Калужская область;2006;86150.5;84317.4
Костромская область;2006;54351.1;78226.9
Курская область;2006;104035.7;88949.4
Липецкая область;2006;179057.3;150197.1
Московская область;2006;934328.9;137092.1
Орловская область;2006;64801.6;79341.5
Рязанская область;2006;105491.9;89010.9
Смоленская область;2006;79043.4;77366.8
Тамбовская область;2006;79766.2;70416.2
Тверская область;2006;127363.8;90517.8
Тульская область;2006;142240.1;88476.2
Ярославская область;2006;153251.5;117309.2
г. Москва;2006;5260232.8;477873
Северо-Западный федеральный округ;2006;2198608;160590.9
Республика Карелия;2006;84228.3;125613.2
Республика Коми;2006;218490.7;229053.7
Архангельская область;2006;215932.7;169458.4
в том числе: ;2006;0;0
Ненецкий автономный округ;2006;67248.4;1605587.4
Архангельская область без автономного округа;2006;0;0
Вологодская область;2006;201939.2;164130.2
Калининградская область;2006;103138.7;110255.4
Ленинградская область;2006;265260.4;157122.1
Мурманская область;2006;158127;190124.3
Новгородская область;2006;74923.8;113246.4
Псковская область;2006;51464.9;72029.1
г. Санкт-Петербург;2006;825102.3;174432.8
Южный             федеральный округ;2006;1195194.5;86428.1
Республика Адыгея;2006;21132.4;48050.2
Республика Калмыкия;2006;12844.1;43797.2
Республика Крым;2006;0;0
Краснодарский край;2006;483950.7;94244
Астраханская область;2006;85112.1;84950
Волгоградская область;2006;252142.7;95683.4
Ростовская область;2006;340012.5;78642
г. Севастополь;2006;0;0
Северо-Кавказский        федеральный округ;2006;457117.5;50434.2
Республика Дагестан;2006;124153.5;45741.7
Республика Ингушетия;2006;9033.5;21922.4
Кабардино-Балкарская Республика;2006;43309.7;50225.2
Карачаево-Черкесская Республика;2006;23260.1;50778.7
Республика Северная Осетия - Алания;2006;43341.2;61229.6
Чеченская Республика;2006;32344.4;27831.4
Ставропольский край;2006;181675.1;66136.4
Приволжский федеральный округ;2006;3513341.6;115727.9
Республика Башкортостан;2006;505205.8;124439.6
Республика Марий Эл;2006;43663.7;61413
Республика Мордовия;2006;57974.2;67309.8
Республика Татарстан;2006;605911.5;161045.9
Удмуртская Республика;2006;164848.5;106891
Чувашская Республика;2006;93172;73147.3
Пермский край;2006;383770.1;141864.8
Кировская область;2006;97047.1;68958.3
Нижегородская область ;2006;376180.3;110662.7
Оренбургская область;2006;302808.4;145532.5
Пензенская область;2006;88805;62719.8
Самарская область;2006;487713.5;151238.8
Саратовская область;2006;204291.2;79127
Ульяновская область;2006;101950.3;76474.6
Уральский         федеральный округ;2006;3720616.2;307373.9
Курганская область;2006;68434.5;71738.6
Свердловская область ;2006;653908.3;150548.6
Тюменская область;2006;2551355.4;773076.2
в том числе:;2006;0;0
Ханты-Мансийский автономный округ - Югра;2006;1594097.1;1083321.7
Ямало-Ненецкий автономный округ;2006;546365.8;1051708.7
Тюменская область  без автономных округов;2006;0;0
Челябинская область;2006;446918;127442.5
Сибирский        федеральный округ;2006;2260554.7;130346.4
Республика Алтай;2006;11609.4;57555.4
Республика Тыва;2006;15146.8;50051.7
Республика Хакасия;2006;53689.3;100828.4
Алтайский край;2006;173810.5;69852
Красноярский край;2006;585881.9;205042.4
Иркутская область;2006;330834.3;133413.7
Кемеровская область;2006;342210.6;122394.2
Новосибирская область ;2006;296064.5;111679.3
Омская область;2006;262506.7;130614.3
Томская область;2006;188800.7;184433.6
Дальневосточный федеральный округ;2006;1181517.6;138766
Республика Бурятия;2006;91712.4;94965.1
Республика Саха (Якутия);2006;206845;216535.9
Забайкальский край;2006;90732.1;81066.2
Камчатский край;2006;56119.8;168173.2
Приморский край;2006;215934.4;108099.2
Хабаровский край ;2006;194259.6;141994.7
Амурская область;2006;95090.9;111116.2
Магаданская область;2006;31203.2;185017.6
Сахалинская область;2006;166105.4;321108.8
Еврейская автономная область;2006;17976.8;99578.4
Чукотский автономный округ;2006;15538;295107.1
Центральный федеральный округ;2007;10208917.7;267272.1
Белгородская область;2007;237013.3;156225.1
Брянская область;2007;102706.2;78518.8
Владимирская область;2007;146663;99682.5
Воронежская область;2007;222811.9;94849.5
Ивановская область;2007;74752;68865.7
Калужская область;2007;111869;109790.3
Костромская область;2007;65700.4;95687.2
Курская область;2007;128799;111348.4
Липецкая область;2007;209821.5;176534.6
Московская область;2007;1295649.9;188565.3
Орловская область;2007;77101.2;95387.1
Рязанская область;2007;121305.2;102982.5
Смоленская область;2007;95703.4;94432.4
Тамбовская область;2007;106039.6;94532.5
Тверская область;2007;156034.6;112021.5
Тульская область;2007;174110.9;109225.6
Ярославская область;2007;186577.5;143936.4
г. Москва;2007;6696259.1;601146.9
Северо-Западный федеральный округ;2007;2770190.2;202974.4
Республика Карелия;2007;104603.3;157959
Республика Коми;2007;241150.5;256586.2
Архангельская область;2007;268672.1;212908.3
в том числе: ;2007;0;0
Ненецкий автономный округ;2007;97838.3;2336326.5
Архангельская область без автономного округа;2007;0;0
Вологодская область;2007;243336.3;199003
Калининградская область;2007;143927.7;153964
Ленинградская область;2007;309028.6;182657.9
Мурманская область;2007;191584.6;233765.5
Новгородская область;2007;86664.9;132334.8
Псковская область;2007;61561.9;87456.7
г. Санкт-Петербург;2007;1119660.3;235410.3
Южный             федеральный округ;2007;1577082.9;114085.8
Республика Адыгея;2007;29085.1;66366.2
Республика Калмыкия;2007;17225.8;58925.2
Республика Крым;2007;0;0
Краснодарский край;2007;648211.3;125700.4
Астраханская область;2007;100359.2;99999.4
Волгоградская область;2007;331766.8;126313.1
Ростовская область;2007;450434.7;104603.1
г. Севастополь;2007;0;0
Северо-Кавказский        федеральный округ;2007;573220.1;62724.1
Республика Дагестан;2007;156928.8;56812.6
Республика Ингушетия;2007;16812.4;41340.7
Кабардино-Балкарская Республика;2007;48908.7;57011.8
Карачаево-Черкесская Республика;2007;27469.7;59200.9
Республика Северная Осетия - Алания;2007;52804.8;74356.6
Чеченская Республика;2007;48056.1;40572.6
Ставропольский край;2007;222239.6;80715.3
Приволжский федеральный округ;2007;4330427.6;143365.7
Республика Башкортостан;2007;590054.1;145543.9
Республика Марий Эл;2007;55069.2;77919.2
Республика Мордовия;2007;77048.8;90138.7
Республика Татарстан;2007;757401.4;201172.1
Удмуртская Республика;2007;205647.4;133904.7
Чувашская Республика;2007;123453.3;97528.7
Пермский край;2007;477794.2;178096.8
Кировская область;2007;118154.9;85144.4
Нижегородская область ;2007;473307.4;140297.9
Оренбургская область;2007;370880.9;179882.4
Пензенская область;2007;119104;84558.3
Самарская область;2007;584968.6;181529.8
Саратовская область;2007;252867.2;98569.9
Ульяновская область;2007;124676.2;94375.6
Уральский         федеральный округ;2007;4236325.3;350766.8
Курганская область;2007;81076;86224.4
Свердловская область ;2007;820792.5;189763.4
Тюменская область;2007;2758813.1;831305.3
в том числе:;2007;0;0
Ханты-Мансийский автономный округ - Югра;2007;1728340.2;1165266.9
Ямало-Ненецкий автономный округ;2007;594678.6;1137450.8
Тюменская область  без автономных округов;2007;0;0
Челябинская область;2007;575643.7;164797.5
Сибирский        федеральный округ;2007;2772400.7;160685.1
Республика Алтай;2007;15108.5;74633.6
Республика Тыва;2007;19384.2;63959.4
Республика Хакасия;2007;63722;119953.2
Алтайский край;2007;223563.4;90759.9
Красноярский край;2007;734154.8;258394.3
Иркутская область;2007;402654.7;163588
Кемеровская область;2007;437790.2;157302.2
Новосибирская область ;2007;365531.2;138199.1
Омская область;2007;296004.7;148129.3
Томская область;2007;214487;209319.9
Дальневосточный федеральный округ;2007;1495391.1;176727
Республика Бурятия;2007;107442;111354
Республика Саха (Якутия);2007;242656.5;253423.5
Забайкальский край;2007;110822.4;99544.9
Камчатский край;2007;66076.8;200610.1
Приморский край;2007;259041.4;130632
Хабаровский край ;2007;231293.2;170398
Амурская область;2007;111761.2;131887.8
Магаданская область;2007;35314.4;213449.6
Сахалинская область;2007;286273;559774.1
Еврейская автономная область;2007;23726.1;132505
Чукотский автономный округ;2007;20984.1;396907.1
Центральный федеральный округ;2008;12674395.4;331472.2
Белгородская область;2008;317656.3;208548.1
Брянская область;2008;125834.4;96885.4
Владимирская область;2008;175395.7;119941.8
Воронежская область;2008;287072.1;122591.1
Ивановская область;2008;86980.3;80708.5
Калужская область;2008;150394.4;147929.5
Костромская область;2008;81040.7;119071.5
Курская область;2008;167865.8;146276.4
Липецкая область;2008;259532.2;219135.8
Московская область;2008;1645753;237595.8
Орловская область;2008;96669.9;120531.4
Рязанская область;2008;150151.2;128211.5
Смоленская область;2008;121601.3;121012.7
Тамбовская область;2008;120836;108653.3
Тверская область;2008;192283;139216.2
Тульская область;2008;231730.8;146465.6
Ярославская область;2008;214946.3;166711.8
г. Москва;2008;8248652;734242
Северо-Западный федеральный округ;2008;3388222.1;248742.7
Республика Карелия;2008;115208.2;175465.8
Республика Коми;2008;291812.1;314251.6
Архангельская область;2008;289755.9;231492.8
в том числе: ;2008;0;0
Ненецкий автономный округ;2008;91476.4;2184301.8
Архангельская область без автономного округа;2008;0;0
Вологодская область;2008;294926.2;242347.7
Калининградская область;2008;179266.7;191533.4
Ленинградская область;2008;383255.4;226011
Мурманская область;2008;213733.5;263755.5
Новгородская область;2008;115141.3;177472.4
Псковская область;2008;73283.2;105449
г. Санкт-Петербург;2008;1431839.6;299436
Южный             федеральный округ;2008;2001111.5;144633.8
Республика Адыгея;2008;36134.4;82378.2
Республика Калмыкия;2008;20789.7;71450.7
Республика Крым;2008;0;0
Краснодарский край;2008;803834.1;155103.6
Астраханская область;2008;147549.1;146391
Волгоградская область;2008;416678.5;159001.5
Ростовская область;2008;576125.7;134137.4
г. Севастополь;2008;0;0
Северо-Кавказский        федеральный округ;2008;728230.9;78921.5
Республика Дагестан;2008;216277.2;77033.8
Республика Ингушетия;2008;19172.9;47002.3
Кабардино-Балкарская Республика;2008;58093.4;67731.3
Карачаево-Черкесская Республика;2008;35714.2;76277.2
Республика Северная Осетия - Алания;2008;57707.4;81097
Чеченская Республика;2008;66273.8;54742.1
Ставропольский край;2008;274992;99503.3
Приволжский федеральный округ;2008;5324051.1;176879.4
Республика Башкортостан;2008;743133.4;183168.7
Республика Марий Эл;2008;65765.3;93512.4
Республика Мордовия;2008;94058.3;110877.3
Республика Татарстан;2008;926056.7;245628.5
Удмуртская Республика;2008;243135.5;158850.7
Чувашская Республика;2008;155032.3;122980.3
Пермский край;2008;607362.7;227719
Кировская область;2008;151116.7;110127.9
Нижегородская область ;2008;588790.8;175587.1
Оренбургская область;2008;430023.1;209769.6
Пензенская область;2008;147853.2;105477.2
Самарская область;2008;699295.6;217089.9
Саратовская область;2008;321747.2;126085.9
Ульяновская область;2008;150680.3;114808
Уральский         федеральный округ;2008;4815668;398807.4
Курганская область;2008;106223.2;114237.4
Свердловская область ;2008;923550.8;213922.3
Тюменская область;2008;3121401.3;934229.6
в том числе:;2008;0;0
Ханты-Мансийский автономный округ - Югра;2008;1937159.1;1293353.6
Ямало-Ненецкий автономный округ;2008;719397;1374235.3
Тюменская область  без автономных округов;2008;0;0
Челябинская область;2008;664492.7;190565.5
Сибирский        федеральный округ;2008;3177169.3;184543
Республика Алтай;2008;18701;91713.1
Республика Тыва;2008;23870.5;78381
Республика Хакасия;2008;72308.8;136023.7
Алтайский край;2008;259343.1;106019.5
Красноярский край;2008;737950.5;260318.2
Иркутская область;2008;438852.4;178988.3
Кемеровская область;2008;575901.9;207286.2
Новосибирская область ;2008;453574.6;171430.3
Омская область;2008;347760.3;174709.8
Томская область;2008;248906.2;241911.3
Дальневосточный федеральный округ;2008;1799908.4;213516.9
Республика Бурятия;2008;124738.5;129145.4
Республика Саха (Якутия);2008;309518.3;322922.2
Забайкальский край;2008;140302;126362.1
Камчатский край;2008;77854.3;238404.5
Приморский край;2008;316581.9;160416.7
Хабаровский край ;2008;269178.6;198951.6
Амурская область;2008;131563.7;156329.6
Магаданская область;2008;42053.8;258848.1
Сахалинская область;2008;333581.6;657783.3
Еврейская автономная область;2008;23977;134377.5
Чукотский автономный округ;2008;30558.7;582270.4
Центральный федеральный округ;2009;11405184;297793
Белгородская область;2009;304345.3;199046.1
Брянская область;2009;126477.4;98014.5
Владимирская область;2009;185824.6;127815.1
Воронежская область;2009;301729.1;129112.5
Ивановская область;2009;87061.9;81286.7
Калужская область;2009;154946.1;152611.6
Костромская область;2009;78920.7;116856.2
Курская область;2009;161570.9;141833.5
Липецкая область;2009;226662;192165.2
Московская область;2009;1519446.3;217339.7
Орловская область;2009;90623.6;113848.8
Рязанская область;2009;153634.1;131891.2
Смоленская область;2009;125348.9;125743.1
Тамбовская область;2009;136323.9;123512
Тверская область;2009;197687;144257.9
Тульская область;2009;214925.4;136851.6
Ярославская область;2009;212684.4;165757.6
г. Москва;2009;7126972.4;628930.3
Северо-Западный федеральный округ;2009;3415870.7;251018.3
Республика Карелия;2009;105924.1;162649.3
Республика Коми;2009;302629.2;329967.4
Архангельская область;2009;323606.8;260584.7
в том числе: ;2009;0;0
Ненецкий автономный округ;2009;130177.7;3100503.1
Архангельская область без автономного округа;2009;0;0
Вологодская область;2009;213396.9;176179.2
Калининградская область;2009;169519.6;180797.2
Ленинградская область;2009;430395.5;252890.9
Мурманская область;2009;202235.5;251956.9
Новгородская область;2009;117710;183196.9
Псковская область;2009;74647.8;108797.9
г. Санкт-Петербург;2009;1475805.3;306454.8
Южный             федеральный округ;2009;1994912.5;144046
Республика Адыгея;2009;41511.5;94436.5
Республика Калмыкия;2009;23948.1;82586.8
Республика Крым;2009;0;0
Краснодарский край;2009;861603.3;165555.1
Астраханская область;2009;134418.2;133018.5
Волгоградская область;2009;377514.3;144303.4
Ростовская область;2009;555917.1;129626
г. Севастополь;2009;0;0
Северо-Кавказский        федеральный округ;2009;786670.9;84493.9
Республика Дагестан;2009;257832.7;90542.5
Республика Ингушетия;2009;18953.3;46174.4
Кабардино-Балкарская Республика;2009;65660.1;76451.1
Карачаево-Черкесская Республика;2009;38584.1;81758.5
Республика Северная Осетия - Алания;2009;64081.4;90040.7
Чеченская Республика;2009;64308.3;51981.3
Ставропольский край;2009;277251;99994.7
Приволжский федеральный округ;2009;4922531.5;163958.3
Республика Башкортостан;2009;647911.7;159428.7
Республика Марий Эл;2009;69271.5;98888.9
Республика Мордовия;2009;90862.4;107903.3
Республика Татарстан;2009;885064;234206.4
Удмуртская Республика;2009;230938.3;151268.7
Чувашская Республика;2009;139909.5;111300.3
Пермский край;2009;539831.5;203364.2
Кировская область;2009;146321.3;107680.4
Нижегородская область ;2009;547223;164071.8
Оренбургская область;2009;413395.5;202332.4
Пензенская область;2009;147185.1;105487.4
Самарская область;2009;583999.9;181298.2
Саратовская область;2009;326370.4;128473.8
Ульяновская область;2009;154247.4;118179.9
Уральский         федеральный округ;2009;4360451.2;360909.4
Курганская область;2009;107914.5;117058.7
Свердловская область ;2009;825267.4;191415
Тюменская область;2009;2870284;852920
в том числе:;2009;0;0
Ханты-Мансийский автономный округ - Югра;2009;1778637.1;1175747.8
Ямало-Ненецкий автономный округ;2009;649640;1240827.1
Тюменская область  без автономных округов;2009;0;0
Челябинская область;2009;556985.3;159901
Сибирский        федеральный округ;2009;3121312.5;181395.6
Республика Алтай;2009;19911.6;97112.1
Республика Тыва;2009;26921.9;87889.5
Республика Хакасия;2009;81019.9;152205.1
Алтайский край;2009;265613.3;109088.7
Красноярский край;2009;749194.8;264478.7
Иркутская область;2009;458774.9;187688.7
Кемеровская область;2009;512408;184674.1
Новосибирская область ;2009;425400.2;160210.4
Омская область;2009;336259.6;169327.8
Томская область;2009;245808.3;237293.3
Дальневосточный федеральный округ;2009;2000294.8;237943
Республика Бурятия;2009;121187.7;125172.5
Республика Саха (Якутия);2009;328201.7;342520.1
Забайкальский край;2009;148587.9;133973.5
Камчатский край;2009;94643.2;291953.6
Приморский край;2009;368996.7;187556.4
Хабаровский край ;2009;276895.4;205081
Амурская область;2009;151118.6;180572.3
Магаданская область;2009;47895.9;299403.8
Сахалинская область;2009;392380.1;779943.2
Еврейская автономная область;2009;25320;142388
Чукотский автономный округ;2009;45067.6;872422
Центральный федеральный округ;2010;13444440.1;350204.2
Белгородская область;2010;398361.4;260015.6
Брянская область;2010;147024;114777.6
Владимирская область;2010;224759.2;155494.2
Воронежская область;2010;346568.2;148432.6
Ивановская область;2010;109884.5;103280
Калужская область;2010;188601.3;186347.8
Костромская область;2010;98130.7;146536.9
Курская область;2010;193648.6;171322.1
Липецкая область;2010;248544.9;211610.6
Московская область;2010;1832867.3;259421.5
Орловская область;2010;106196.7;134533.8
Рязанская область;2010;179127.9;154844.8
Смоленская область;2010;154681.1;156567.3
Тамбовская область;2010;143902.4;131456.7
Тверская область;2010;219004.9;161305
Тульская область;2010;237629.2;152571.7
Ярославская область;2010;239644;187875.5
г. Москва;2010;8375863.8;730774.2
Северо-Западный федеральный округ;2010;3943053.7;289611.4
Республика Карелия;2010;120511.3;186651.2
Республика Коми;2010;353853;390740.4
Архангельская область;2010;372804.8;302801.3
в том числе: ;2010;0;0
Ненецкий автономный округ;2010;145928.3;3465406.9
Архангельская область без автономного округа;2010;0;0
Вологодская область;2010;262432.7;217826.8
Калининградская область;2010;195749.1;208193.2
Ленинградская область;2010;490303.7;286435.4
Мурманская область;2010;233438.9;292926.1
Новгородская область;2010;127407.8;200248.6
Псковская область;2010;87066;128685.1
г. Санкт-Петербург;2010;1699486.4;349253.6
Южный             федеральный округ;2010;2337936.9;168773.2
Республика Адыгея;2010;47194.5;107297.5
Республика Калмыкия;2010;24404.1;84359.4
Республика Крым;2010;0;0
Краснодарский край;2010;1028308.4;196914.3
Астраханская область;2010;144888.8;143388.8
Волгоградская область;2010;433473.7;166028.8
Ростовская область;2010;659667.4;154127.9
г. Севастополь;2010;0;0
Северо-Кавказский        федеральный округ;2010;891834.3;94915.3
Республика Дагестан;2010;274354.2;94883.6
Республика Ингушетия;2010;19929.1;48239.2
Кабардино-Балкарская Республика;2010;77086.4;89668.3
Карачаево-Черкесская Республика;2010;43651.5;91782.3
Республика Северная Осетия - Алания;2010;75327.4;105781.6
Чеченская Республика;2010;70694.9;55995.7
Ставропольский край;2010;330790.8;118920.6
Приволжский федеральный округ;2010;5709469.8;190719.5
Республика Башкортостан;2010;759203.3;186522
Республика Марий Эл;2010;82374.4;118110.4
Республика Мордовия;2010;105343.8;125975.5
Республика Татарстан;2010;1001622.8;264561.7
Удмуртская Республика;2010;274578.1;180316.9
Чувашская Республика;2010;157704.6;125843
Пермский край;2010;623116.8;235930.6
Кировская область;2010;172352;128073.7
Нижегородская область ;2010;652805.9;196792.5
Оренбургская область;2010;458145.4;224937.2
Пензенская область;2010;172166.7;124020.7
Самарская область;2010;695651.2;216167.6
Саратовская область;2010;376169.4;148839
Ульяновская область;2010;178235.4;137518.4
Уральский         федеральный округ;2010;5118918.4;423495.4
Курганская область;2010;117879.5;129013.4
Свердловская область ;2010;1046600.1;243234.2
Тюменская область;2010;3301573.3;973332.6
в том числе:;2010;0;0
Ханты-Мансийский автономный округ - Югра;2010;1971870.5;1289497
Ямало-Ненецкий автономный округ;2010;782214.9;1491259.7
Тюменская область  без автономных округов;2010;0;0
Челябинская область;2010;652865.5;187673.7
Сибирский        федеральный округ;2010;3831126.3;222853.7
Республика Алтай;2010;22393.7;108729.5
Республика Тыва;2010;30772.8;99999.9
Республика Хакасия;2010;96039.8;180352.1
Алтайский край;2010;302900.7;124955.8
Красноярский край;2010;1055525;372848.1
Иркутская область;2010;546141;224364.2
Кемеровская область;2010;625914.9;226198.1
Новосибирская область ;2010;484141.3;181732.7
Омская область;2010;382620.4;193216
Томская область;2010;284676.7;272576.5
Дальневосточный федеральный округ;2010;2410988.7;287688.4
Республика Бурятия;2010;133525.6;137564.9
Республика Саха (Якутия);2010;386825.1;403658.5
Забайкальский край;2010;166742.5;150548.9
Камчатский край;2010;103123.2;319849.2
Приморский край;2010;470679.2;240220.7
Хабаровский край ;2010;353590.3;262685.8
Амурская область;2010;178689.6;214827.2
Магаданская область;2010;59619.7;377895
Сахалинская область;2010;487659.5;977256
Еврейская автономная область;2010;31555.9;178380.6
Чукотский автономный округ;2010;38978.1;767845.6
Центральный федеральный округ;2011;16062123.8;417288.1
Белгородская область;2011;507839.8;331010
Брянская область;2011;174211.8;137187.1
Владимирская область;2011;261222.6;181842.6
Воронежская область;2011;474973.9;203575.5
Ивановская область;2011;128905.4;121945.5
Калужская область;2011;234749;232722
Костромская область;2011;116629.8;175626.6
Курская область;2011;228851.4;203676
Липецкая область;2011;287816.8;246213.8
Московская область;2011;2176795.3;304342.6
Орловская область;2011;131198.2;167464.9
Рязанская область;2011;214142.6;186187.2
Смоленская область;2011;180811.5;184184.9
Тамбовская область;2011;173283.1;159543
Тверская область;2011;255073;189484.3
Тульская область;2011;279879.3;180866.3
Ярославская область;2011;286967.5;225777.7
г. Москва;2011;9948772.8;859355.1
Северо-Западный федеральный округ;2011;4785458.7;350764.2
Республика Карелия;2011;154953.7;241688
Республика Коми;2011;435959.3;487363.5
Архангельская область;2011;439116.8;360165.9
в том числе: ;2011;0;0
Ненецкий автономный округ;2011;165431.3;3913588.7
Архангельская область без автономного округа;2011;273685.5;232540.7
Вологодская область;2011;323067.9;269252.8
Калининградская область;2011;241004.8;255217.8
Ленинградская область;2011;581712;336981.3
Мурманская область;2011;263811.7;333511.6
Новгородская область;2011;153419.7;243031.9
Псковская область;2011;100498.5;150199.9
г. Санкт-Петербург;2011;2091914.3;424643.7
Южный             федеральный округ;2011;2777791.9;200306.5
Республика Адыгея;2011;56803.3;128749.3
Республика Калмыкия;2011;29318.7;101873.2
Республика Крым;2011;0;0
Краснодарский край;2011;1244652.8;236750.6
Астраханская область;2011;172616.6;170504.7
Волгоградская область;2011;508433.3;195463.7
Ростовская область;2011;765967.2;179470.3
г. Севастополь;2011;0;0
Северо-Кавказский        федеральный округ;2011;1066319.6;112647.6
Республика Дагестан;2011;330322.8;113034.2
Республика Ингушетия;2011;26858.9;63569.7
Кабардино-Балкарская Республика;2011;90594.5;105412.7
Карачаево-Черкесская Республика;2011;49252.1;103462.3
Республика Северная Осетия - Алания;2011;85876.7;120824.3
Чеченская Республика;2011;86623;67220.5
Ставропольский край;2011;396791.6;142409.2
Приволжский федеральный округ;2011;7050735.5;236240.2
Республика Башкортостан;2011;941023.6;231314
Республика Марий Эл;2011;97323.3;140243.8
Республика Мордовия;2011;119955.2;144636
Республика Татарстан;2011;1305947;344092.5
Удмуртская Республика;2011;335984;221152.7
Чувашская Республика;2011;188785.7;151177.9
Пермский край;2011;840101.1;319149.5
Кировская область;2011;195269.5;146451.8
Нижегородская область ;2011;770774;233405.3
Оренбургская область;2011;553320.9;272897.1
Пензенская область;2011;213401.2;154608.1
Самарская область;2011;834149.3;259480.6
Саратовская область;2011;431028;171449.8
Ульяновская область;2011;223672.7;173890.3
Уральский         федеральный округ;2011;6314341.2;521192.2
Курганская область;2011;136325.1;151046.4
Свердловская область ;2011;1291019.1;300068.8
Тюменская область;2011;4112596;1198186
в том числе:;2011;0;0
Ханты-Мансийский автономный округ - Югра;2011;2440432.6;1575300
Ямало-Ненецкий автономный округ;2011;966110.4;1820301.3
Тюменская область  без автономных округов;2011;706053;522064.8
Челябинская область;2011;774401;222664.2
Сибирский        федеральный округ;2011;4445440.7;258724.1
Республика Алтай;2011;26380.8;127150.1
Республика Тыва;2011;33398.9;108178
Республика Хакасия;2011;113088.1;212487.7
Алтайский край;2011;332117.8;137677.2
Красноярский край;2011;1170827.3;413172.4
Иркутская область;2011;634561.4;261550.4
Кемеровская область;2011;751198.4;272564.2
Новосибирская область ;2011;598563.5;223623
Омская область;2011;451418.8;228486.6
Томская область;2011;333885.7;317037.4
Дальневосточный федеральный округ;2011;2890065.3;346131.2
Республика Бурятия;2011;153624.1;158136.6
Республика Саха (Якутия);2011;486830.9;508674.4
Забайкальский край;2011;203869;184869.1
Камчатский край;2011;114375.9;356413.4
Приморский край;2011;549722.8;281618.3
Хабаровский край ;2011;399594.2;297609.2
Амурская область;2011;225401.7;273175.8
Магаданская область;2011;72174.2;464112.9
Сахалинская область;2011;600247.9;1210003.9
Еврейская автономная область;2011;39467;225065.5
Чукотский автономный округ;2011;44757.6;883368.7
Центральный федеральный округ;2012;17432294.6;451517.2
Белгородская область;2012;545517.2;354570.6
Брянская область;2012;207397.5;164726.6
Владимирская область;2012;286018.6;200456.4
Воронежская область;2012;563965.4;241947.4
Ивановская область;2012;136115;129448.3
Калужская область;2012;285256.6;283299.9
Костромская область;2012;130840.4;198142.5
Курская область;2012;248213.1;221537.3
Липецкая область;2012;293301.3;251960.8
Московская область;2012;2357081.9;336650.6
Орловская область;2012;146103.2;187659.7
Рязанская область;2012;253881.6;221430.1
Смоленская область;2012;201817;206391.7
Тамбовская область;2012;203331.5;188418.7
Тверская область;2012;268063.9;200327.2
Тульская область;2012;311240.3;202302.5
Ярославская область;2012;327279.6;257426.7
г. Москва;2012;10666870.5;895017.9
Северо-Западный федеральный округ;2012;5247508.5;383339.4
Республика Карелия;2012;160841.5;251981.4
Республика Коми;2012;479051.3;541155.3
Архангельская область;2012;472470.9;391146.2
в том числе: ;2012;0;0
Ненецкий автономный округ;2012;157067.1;3685897.1
Архангельская область без автономного округа;2012;315403.8;270662.9
Вологодская область;2012;355291.3;296726.1
Калининградская область;2012;265361.2;279096.9
Ленинградская область;2012;672066.9;385686.5
Мурманская область;2012;283846.2;361968.4
Новгородская область;2012;170605.7;271750.9
Псковская область;2012;107547.5;161916.7
г. Санкт-Петербург;2012;2280426;456943.4
Южный             федеральный округ;2012;3185419.8;229214.5
Республика Адыгея;2012;65300.4;147262.9
Республика Калмыкия;2012;35897.8;125773.9
Республика Крым;2012;0;0
Краснодарский край;2012;1459490.8;274995.7
Астраханская область;2012;209654.4;206677.1
Волгоградская область;2012;571516.1;220755.1
Ростовская область;2012;843560.3;198129.2
г. Севастополь;2012;0;0
Северо-Кавказский        федеральный округ;2012;1209038.8;127042.1
Республика Дагестан;2012;374710.3;127528.7
Республика Ингушетия;2012;37413.9;85737.9
Кабардино-Балкарская Республика;2012;106711.2;124226.6
Карачаево-Черкесская Республика;2012;58712.1;124058.6
Республика Северная Осетия - Алания;2012;97448.8;137721.8
Чеченская Республика;2012;102289.1;77877.2
Ставропольский край;2012;431753.4;154811
Приволжский федеральный округ;2012;7864342.2;263976.2
Республика Башкортостан;2012;1149384.6;282918.4
Республика Марий Эл;2012;117201.1;169514.7
Республика Мордовия;2012;134315.6;163399
Республика Татарстан;2012;1437001;376907.1
Удмуртская Республика;2012;372782.7;245592.6
Чувашская Республика;2012;217821.1;174925.5
Пермский край;2012;860342.7;326782.7
Кировская область;2012;208505.4;157541.4
Нижегородская область ;2012;842195.5;255722.7
Оренбургская область;2012;628563.6;311189.3
Пензенская область;2012;239962.5;174823.6
Самарская область;2012;937434.5;291701.5
Саратовская область;2012;478275.8;190850.1
Ульяновская область;2012;240556.1;188185.7
Уральский         федеральный округ;2012;7098364.3;583243.9
Курганская область;2012;146045.5;163909.9
Свердловская область ;2012;1484879;344382.7
Тюменская область;2012;4625467.5;1327227.1
в том числе:;2012;0;0
Ханты-Мансийский автономный округ - Югра;2012;2703558.8;1719109.2
Ямало-Ненецкий автономный округ;2012;1191271.9;2209803.4
Тюменская область  без автономных округов;2012;730636.8;532020.4
Челябинская область;2012;841972.3;241758
Сибирский        федеральный округ;2012;4798101.9;278948.3
Республика Алтай;2012;30444.6;145400.1
Республика Тыва;2012;37369.1;120582.9
Республика Хакасия;2012;130638.5;245293.7
Алтайский край;2012;368995.2;153556.7
Красноярский край;2012;1183228;416272.7
Иркутская область;2012;737971.6;304545.5
Кемеровская область;2012;718320.4;261527.1
Новосибирская область ;2012;728154;269870.4
Омская область;2012;491507.6;248940
Томская область;2012;371472.9;350116.9
Дальневосточный федеральный округ;2012;3090998.6;371177.5
Республика Бурятия;2012;164737.8;169552.9
Республика Саха (Якутия);2012;541306.8;566387
Забайкальский край;2012;223968.8;204112.1
Камчатский край;2012;127412.7;397725.9
Приморский край;2012;557489.3;286057.3
Хабаровский край ;2012;437994.3;326306.5
Амурская область;2012;229407.1;280023.9
Магаданская область;2012;78417.9;511125.4
Сахалинская область;2012;641886.4;1298440
Еврейская автономная область;2012;42743.6;246301.3
Чукотский автономный округ;2012;45633.9;896822.1
Центральный федеральный округ;2013;19160905.7;494482.7
Белгородская область;2013;569006.4;368874.8
Брянская область;2013;219502.8;175865
Владимирская область;2013;306641.4;216320.8
Воронежская область;2013;611720.4;262578.3
Ивановская область;2013;158228.7;151263.6
Калужская область;2013;292841;291365.2
Костромская область;2013;139015.9;211383.4
Курская область;2013;271542.5;242646.1
Липецкая область;2013;315685.4;271896.2
Московская область;2013;2545951.5;359047.3
Орловская область;2013;164797;213218.2
Рязанская область;2013;279286.5;244399.3
Смоленская область;2013;225887.1;232503.7
Тамбовская область;2013;236335.9;220392.5
Тверская область;2013;298669.2;224621.6
Тульская область;2013;348034.8;227925.7
Ярославская область;2013;362861.8;285331.7
г. Москва;2013;11814897.4;980986.6
Северо-Западный федеральный округ;2013;5553389.2;403612.9
Республика Карелия;2013;178636.2;281021.6
Республика Коми;2013;482329.9;550386.2
Архангельская область;2013;500095.1;417776.4
в том числе: ;2013;0;0
Ненецкий автономный округ;2013;173170.2;4035943.2
Архангельская область без автономного округа;2013;326924.9;283264.5
Вологодская область;2013;346227.6;289782.8
Калининградская область;2013;275885.8;287695.4
Ленинградская область;2013;678718.3;386177.6
Мурманская область;2013;306578.7;395213.7
Новгородская область;2013;178818.1;286501.8
Псковская область;2013;114676.2;174006.5
г. Санкт-Петербург;2013;2491423.3;490440.5
Южный             федеральный округ;2013;3574075.7;256444.6
Республика Адыгея;2013;70862.3;159096.3
Республика Калмыкия;2013;41165.9;145420.8
Республика Крым;2013;0;0
Краснодарский край;2013;1662969.1;309837.7
Астраханская область;2013;273917.1;269821.7
Волгоградская область;2013;607472.2;235814.1
Ростовская область;2013;917689.1;215923.2
г. Севастополь;2013;0;0
Северо-Кавказский        федеральный округ;2013;1397672.6;146117.2
Республика Дагестан;2013;452882.2;153260.9
Республика Ингушетия;2013;45766.7;102241.5
Кабардино-Балкарская Республика;2013;110971.5;129236.2
Карачаево-Черкесская Республика;2013;66106.6;140400.9
Республика Северная Осетия - Алания;2013;118637.5;168268.3
Чеченская Республика;2013;122402.8;91646.1
Ставропольский край;2013;480905.3;172204.2
Приволжский федеральный округ;2013;8474685;284810.4
Республика Башкортостан;2013;1163219;286131.7
Республика Марий Эл;2013;125950.2;182664.2
Республика Мордовия;2013;148705.7;182380.2
Республика Татарстан;2013;1551472.1;405069.9
Удмуртская Республика;2013;405126.4;266992.3
Чувашская Республика;2013;223147.9;179710.6
Пермский край;2013;880264.4;334027.2
Кировская область;2013;224152.3;170457.6
Нижегородская область ;2013;925182;281581.1
Оренбургская область;2013;717014.8;356311.4
Пензенская область;2013;270436.8;198177.1
Самарская область;2013;1048545.8;326422.2
Саратовская область;2013;526178.9;210477.6
Ульяновская область;2013;265288.7;208720.5
Уральский         федеральный округ;2013;7568240.1;619540.9
Курганская область;2013;167037.9;189502.7
Свердловская область ;2013;1568655.2;363261.5
Тюменская область;2013;4950207.4;1402915.6
в том числе:;2013;0;0
Ханты-Мансийский автономный округ - Югра;2013;2729122.4;1715722.4
Ямало-Ненецкий автономный округ;2013;1375878.8;2544898
Тюменская область  без автономных округов;2013;845206.2;604921.2
Челябинская область;2013;882339.6;252988.8
Сибирский        федеральный округ;2013;5134467.9;298171
Республика Алтай;2013;33313.5;157887.4
Республика Тыва;2013;41298.7;132745.7
Республика Хакасия;2013;141850.5;265860.7
Алтайский край;2013;416110.3;173763.5
Красноярский край;2013;1256934.1;441084.9
Иркутская область;2013;805197.5;332700.5
Кемеровская область;2013;667950.5;243932.3
Новосибирская область ;2013;817516.7;300522.5
Омская область;2013;551734;279510.4
Томская область;2013;402562.1;377218
Дальневосточный федеральный округ;2013;3239564.1;390089.9
Республика Бурятия;2013;176888.9;181828.2
Республика Саха (Якутия);2013;570284.7;597037.4
Забайкальский край;2013;229239.4;209780.8
Камчатский край;2013;133364;416493
Приморский край;2013;577473.9;297224.3
Хабаровский край ;2013;498067.2;371415.6
Амурская область;2013;210700.9;258817
Магаданская область;2013;88905.9;587477.4
Сахалинская область;2013;671743.6;1364874.7
Еврейская автономная область;2013;38428.7;224042.7
Чукотский автономный округ;2013;44466.9;877612.8
Центральный федеральный округ;2014;20866362;536607.9
Белгородская область;2014;619677.7;400820.8
Брянская область;2014;242722.4;196096.7
Владимирская область;2014;328064.2;232757.6
Воронежская область;2014;717667.2;308004.7
Ивановская область;2014;151876.8;146032.6
Калужская область;2014;326459.5;324024.4
Костромская область;2014;146731.5;223884.2
Курская область;2014;298287.3;266769.3
Липецкая область;2014;398464.5;343840
Московская область;2014;2742886.1;381892.9
Орловская область;2014;178822.5;232961.6
Рязанская область;2014;295611.7;259732
Смоленская область;2014;234710.1;242884.6
Тамбовская область;2014;285656.5;268051.7
Тверская область;2014;316613.2;239829.4
Тульская область;2014;411122.3;270914.9
Ярославская область;2014;391462.8;307827.1
г. Москва;2014;12779525.7;1051559.6
Северо-Западный федеральный округ;2014;5945311.3;430130.6
Республика Карелия;2014;191192.1;301818.1
Республика Коми;2014;484166.5;557641.3
Архангельская область;2014;542695.3;456985.8
в том числе: ;2014;0;0
Ненецкий автономный округ;2014;187009.8;4329031.1
Архангельская область без автономного округа;2014;355685.5;310817.4
Вологодская область;2014;387211.7;324790.3
Калининградская область;2014;314088.3;325131
Ленинградская область;2014;703325.6;397419.3
Мурманская область;2014;328291.8;427090.7
Новгородская область;2014;209304.4;337279.4
Псковская область;2014;123825.6;189383.8
г. Санкт-Петербург;2014;2661210;515556.9
Южный             федеральный округ;2014;4146212.1;255076.2
Республика Адыгея;2014;75622.5;168880.1
Республика Калмыкия;2014;46680.6;165949.9
Республика Крым;2014;189439.2;100526.4
Краснодарский край;2014;1784833.5;328771.2
Астраханская область;2014;296319.3;290822.2
Волгоградская область;2014;715409.6;279101.4
Ростовская область;2014;1007758.8;237465.8
г. Севастополь;2014;30148.6;78009.3
Северо-Кавказский        федеральный округ;2014;1577951.5;163950.4
Республика Дагестан;2014;528131.3;177395.3
Республика Ингушетия;2014;51908.2;113224.9
Кабардино-Балкарская Республика;2014;116886;135984.6
Карачаево-Черкесская Республика;2014;65326.6;139156
Республика Северная Осетия - Алания;2014;125960.5;178762.8
Чеченская Республика;2014;148942.1;109649
Ставропольский край;2014;540796.8;193349.6
Приволжский федеральный округ;2014;9185550;308995.4
Республика Башкортостан;2014;1260010.4;309520.8
Республика Марий Эл;2014;143396.1;208406.1
Республика Мордовия;2014;173872.7;214519.4
Республика Татарстан;2014;1661413.8;431913.8
Удмуртская Республика;2014;450548.9;296948.8
Чувашская Республика;2014;237447.2;191639.9
Пермский край;2014;974192.9;369489.3
Кировская область;2014;254089.4;194311.6
Нижегородская область ;2014;1009460.1;308152.1
Оренбургская область;2014;731277.7;364756.5
Пензенская область;2014;295238.7;217390.7
Самарская область;2014;1149147.8;357774.7
Саратовская область;2014;566646.1;227132
Ульяновская область;2014;278808.2;220392.1
Уральский         федеральный округ;2014;8119343.3;662531
Курганская область;2014;170310.3;194978.6
Свердловская область ;2014;1659783.9;383847.2
Тюменская область;2014;5295348.5;1485863.5
в том числе:;2014;0;0
Ханты-Мансийский автономный округ - Югра;2014;2860498.9;1782617.7
Ямало-Ненецкий автономный округ;2014;1633382.2;3025745.6
Тюменская область  без автономных округов;2014;801467.4;564680.5
Челябинская область;2014;993900.6;284486.7
Сибирский        федеральный округ;2014;5712688.7;331412.9
Республика Алтай;2014;39191.9;184281.7
Республика Тыва;2014;45947.9;146906.9
Республика Хакасия;2014;158372.8;296058.1
Алтайский край;2014;446023.8;186798.6
Красноярский край;2014;1410719.9;493985.7
Иркутская область;2014;916317.5;379171.6
Кемеровская область;2014;752024;275513.8
Новосибирская область ;2014;911219;332683.2
Омская область;2014;602605.1;304957.6
Томская область;2014;430266.8;401259.7
Дальневосточный федеральный округ;2014;3634851.4;438784.7
Республика Бурятия;2014;186492.9;191043.9
Республика Саха (Якутия);2014;658140.4;688540.1
Забайкальский край;2014;234840.8;215668.4
Камчатский край;2014;145761.3;457553.1
Приморский край;2014;642423;331845.1
Хабаровский край ;2014;539338.4;402759.5
Амурская область;2014;232053;286282.6
Магаданская область;2014;96936.8;649745.4
Сахалинская область;2014;799165.4;1631919
Еврейская автономная область;2014;41948.1;247666.9
Чукотский автономный округ;2014;57751.3;1142504.1
Центральный федеральный округ;2015;22663758.1;580706.6
Белгородская область;2015;693379.4;447619.7
Брянская область;2015;271782.5;221080
Владимирская область;2015;368489.2;262945.5
Воронежская область;2015;805969.6;345566.8
Ивановская область;2015;180517.5;174687.5
Калужская область;2015;339760.8;336353.9
Костромская область;2015;160579.8;245940.9
Курская область;2015;336999.4;301242.5
Липецкая область;2015;448994.3;388074.7
Московская область;2015;3180924.6;437249.1
Орловская область;2015;208237.9;273107.5
Рязанская область;2015;323131.8;285257.8
Смоленская область;2015;256706.8;266927.2
Тамбовская область;2015;317213.7;300289.9
Тверская область;2015;329616;251633.2
Тульская область;2015;477537.8;316248.5
Ярославская область;2015;443054.1;348375.7
г. Москва;2015;13520862.9;1102496.4
Северо-Западный федеральный округ;2015;7204794.8;520253.4
Республика Карелия;2015;212049.5;335944.5
Республика Коми;2015;528403.4;613975
Архангельская область;2015;627698.1;532533.7
в том числе: ;2015;0;0
Ненецкий автономный округ;2015;227193.5;5210143.9
Архангельская область без автономного округа;2015;400504.6;352837.9
Вологодская область;2015;478893;402652.1
Калининградская область;2015;349818.6;359639.7
Ленинградская область;2015;849616.6;478065.2
Мурманская область;2015;401582.7;525475.7
Новгородская область;2015;234075.7;379255.5
Псковская область;2015;135239.5;208464.5
г. Санкт-Петербург;2015;3387417.7;650339.7
Южный             федеральный округ;2015;4636315.5;283856.1
Республика Адыгея;2015;84306;187211.1
Республика Калмыкия;2015;51958.5;185798.9
Республика Крым;2015;265970.6;139873.3
Краснодарский край;2015;1933512.1;352601.2
Астраханская область;2015;322303;315996.9
Волгоградская область;2015;740458;290186
Ростовская область;2015;1189144;280522
г. Севастополь;2015;48663.3;119384.5
Северо-Кавказский        федеральный округ;2015;1709050.7;176399.5
Республика Дагестан;2015;569297.3;189575.2
Республика Ингушетия;2015;50091;106955.7
Кабардино-Балкарская Республика;2015;120528.8;139908.7
Карачаево-Черкесская Республика;2015;67482.7;144061.8
Республика Северная Осетия - Алания;2015;126051.2;178921.1
Чеченская Республика;2015;154401.4;111705.4
Ставропольский край;2015;621198.3;221814.1
Приволжский федеральный округ;2015;10068677;339075
Республика Башкортостан;2015;1316598.3;323367.4
Республика Марий Эл;2015;171689.5;250039.3
Республика Мордовия;2015;180352.3;223161.1
Республика Татарстан;2015;1867258.7;483509.9
Удмуртская Республика;2015;517999.8;341391.7
Чувашская Республика;2015;251307;203100.9
Пермский край;2015;1063780.3;403601.4
Кировская область;2015;282191;216918
Нижегородская область ;2015;1104643.2;338304.4
Оренбургская область;2015;774962.1;387881.4
Пензенская область;2015;343328.6;253911
Самарская область;2015;1264910.3;394135.9
Саратовская область;2015;625176.8;251047.1
Ульяновская область;2015;304479.1;241633.8
Уральский         федеральный округ;2015;9063071.8;737316
Курганская область;2015;179436.3;207236
Свердловская область ;2015;1822835;421100.7
Тюменская область;2015;5851557.8;1626160.4
в том числе:;2015;0;0
Ханты-Мансийский автономный округ - Югра;2015;3154058.7;1947653.2
Ямало-Ненецкий автономный округ;2015;1791825.6;3336453.4
Тюменская область  без автономных округов;2015;905673.5;628098.5
Челябинская область;2015;1209242.7;345597.1
Сибирский        федеральный округ;2015;6371103.1;369286.3
Республика Алтай;2015;42165.7;196639.2
Республика Тыва;2015;47289.6;150265.5
Республика Хакасия;2015;170413.1;317763.6
Алтайский край;2015;487903.3;204933.1
Красноярский край;2015;1667041.1;582345.8
Иркутская область;2015;1001717.6;414986.5
Кемеровская область;2015;843345.4;309904.3
Новосибирская область ;2015;1021642.9;370895.7
Омская область;2015;618127.7;312450.2
Томская область;2015;471456.7;438316.5
Дальневосточный федеральный округ;2015;4033862.6;487852.1
Республика Бурятия;2015;202823.4;206880.3
Республика Саха (Якутия);2015;747601.7;780139.8
Забайкальский край;2015;247666.2;228215
Камчатский край;2015;175404.8;553863.9
Приморский край;2015;717609.9;371595.6
Хабаровский край ;2015;595792.3;445809.5
Амурская область;2015;277380.5;343385.7
Магаданская область;2015;125798.3;854561.5
Сахалинская область;2015;837495.2;1716734.4
Еврейская автономная область;2015;44554.8;266405.8
Чукотский автономный округ;2015;61735.5;1226152
Центральный федеральный округ;2016;25995587.5;663881.8
Белгородская область;2016;778027.8;501467.8
Брянская область;2016;316489.4;258752.7
Владимирская область;2016;431549.8;309713.7
Воронежская область;2016;827928.6;354657.9
Ивановская область;2016;205818.6;200504.4
Калужская область;2016;409462.3;404538.6
Костромская область;2016;170225.1;261963.8
Курская область;2016;379011.3;337963.6
Липецкая область;2016;501263.5;433560.1
Московская область;2016;4206506;570678.7
Орловская область;2016;228583.1;301851.9
Рязанская область;2016;366211.3;324534.3
Смоленская область;2016;283725.5;296810.1
Тамбовская область;2016;320623.4;306725.3
Тверская область;2016;397438.9;305541
Тульская область;2016;552308.4;367487.5
Ярославская область;2016;498880.3;392410.1
г. Москва;2016;15121534.2;1223881.1
Северо-Западный федеральный округ;2016;8399737.4;605320.9
Республика Карелия;2016;248140.4;394826.9
Республика Коми;2016;578649.1;677818.8
Архангельская область;2016;713043.9;609484
в том числе: ;2016;0;0
Ненецкий автономный округ;2016;261772.5;5964557
Архангельская область без автономного округа;2016;451271.4;400764.6
Вологодская область;2016;509931.7;430041.5
Калининградская область;2016;417094.9;425021.5
Ленинградская область;2016;953668.3;534152.5
Мурманская область;2016;467006.5;614565.5
Новгородская область;2016;253056.8;412072.9
Псковская область;2016;159206.1;247111.3
г. Санкт-Петербург;2016;4099939.7;780400.7
Южный             федеральный округ;2016;5448896.2;332286.2
Республика Адыгея;2016;101102.7;223469.4
Республика Калмыкия;2016;69564.2;249989.8
Республика Крым;2016;362671.7;189916.6
Краснодарский край;2016;2257074.5;407239.7
Астраханская область;2016;368485.4;361704.8
Волгоградская область;2016;825586.5;324961.1
Ростовская область;2016;1375107.4;324802.1
г. Севастополь;2016;89303.8;211366
Северо-Кавказский        федеральный округ;2016;1970260.4;202142.5
Республика Дагестан;2016;617587.6;203906.4
Республика Ингушетия;2016;58141.5;121985.9
Кабардино-Балкарская Республика;2016;152970.8;177182
Карачаево-Черкесская Республика;2016;78521.1;168098.1
Республика Северная Осетия - Алания;2016;148810.1;211526.9
Чеченская Республика;2016;201634.8;143561.5
Ставропольский край;2016;712594.5;254226.6
Приволжский федеральный округ;2016;11078328.3;373572.3
Республика Башкортостан;2016;1421517.6;349351.5
Республика Марий Эл;2016;170890.5;249375
Республика Мордовия;2016;223297.8;276359.6
Республика Татарстан;2016;2058139.9;530860.1
Удмуртская Республика;2016;570254.8;375910.8
Чувашская Республика;2016;284659.1;230260.9
Пермский край;2016;1147634;435823.7
Кировская область;2016;313533.8;242189.8
Нижегородская область ;2016;1282751.7;394208.9
Оренбургская область;2016;814765.4;408982.9
Пензенская область;2016;358258.2;266340.2
Самарская область;2016;1364822.2;425864.5
Саратовская область;2016;700848.6;282214
Ульяновская область;2016;366954.7;292335
Уральский         федеральный округ;2016;9770442.7;792608.1
Курганская область;2016;202100.4;235547.8
Свердловская область ;2016;2109619.1;487246.6
Тюменская область;2016;6125961.8;1683993.8
в том числе:;2016;0;0
Ханты-Мансийский автономный округ - Югра;2016;3130196.4;1912836.6
Ямало-Ненецкий автономный округ;2016;2028234.6;3790547.2
Тюменская область  без автономных округов;2016;967530.8;659860.8
Челябинская область;2016;1332761.4;380623.8
Сибирский        федеральный округ;2016;6975354.3;404112.9
Республика Алтай;2016;47434.9;219520.8
Республика Тыва;2016;58001.1;182914.4
Республика Хакасия;2016;207742.6;386695.7
Алтайский край;2016;532401.5;224525.8
Красноярский край;2016;1821899.9;634610.4
Иркутская область;2016;1139206.8;472533.3
Кемеровская область;2016;903348.9;332941.6
Новосибирская область ;2016;1074794.7;387887.1
Омская область;2016;669480.4;338878.9
Томская область;2016;521043.5;483420.8
Дальневосточный федеральный округ;2016;4481568;543020.9
Республика Бурятия;2016;220764.6;224534.7
Республика Саха (Якутия);2016;889449.3;925293.3
Забайкальский край;2016;279140.7;258225
Камчатский край;2016;224091;710448.2
Приморский край;2016;860803.6;446924.1
Хабаровский край ;2016;672660.4;504272.3
Амурская область;2016;297531;370192.4
Магаданская область;2016;153879.8;1054274.8
Сахалинская область;2016;762510.3;1564707.9
Еврейская автономная область;2016;48563.2;294021.2
Чукотский автономный округ;2016;72174.1;1443771.7
Центральный федеральный округ;2017;27915455;711031.6
Белгородская область;2017;837306.8;539720.5
Брянская область;2017;341177.8;280630.1
Владимирская область;2017;449849.2;325043.1
Воронежская область;2017;873429.4;374125.7
Ивановская область;2017;212464.7;208522
Калужская область;2017;457052.5;451025.5
Костромская область;2017;178485.6;276404.4
Курская область;2017;404759.8;361694.6
Липецкая область;2017;522266.2;452880
Московская область;2017;4290261.2;574838
Орловская область;2017;231118.4;307734.4
Рязанская область;2017;395276.9;351636.4
Смоленская область;2017;313615.8;329679.7
Тамбовская область;2017;320572.4;309152.6
Тверская область;2017;420671.5;326017
Тульская область;2017;594407.6;397428
Ярославская область;2017;534549.7;421499.3
г. Москва;2017;16538189.5;1329055.5
Северо-Западный федеральный округ;2017;8814880.8;632995.7
Республика Карелия;2017;270802.5;433433.9
Республика Коми;2017;608574.5;719599.3
Архангельская область;2017;759206.5;654268.9
в том числе: ;2017;0;0
Ненецкий автономный округ;2017;265790.9;6045235.6
Архангельская область без автономного округа;2017;493415.6;441961.6
Вологодская область;2017;542663.4;459777.5
Калининградская область;2017;446677.6;450993.6
Ленинградская область;2017;1002543.3;556083.1
Мурманская область;2017;479352.8;634409.5
Новгородская область;2017;256165.8;420289
Псковская область;2017;165858.1;259414.7
г. Санкт-Петербург;2017;4283036.3;805573.1
Южный             федеральный округ;2017;5833454.2;354937.6
Республика Адыгея;2017;109714.5;241997.3
Республика Калмыкия;2017;80126.9;289676.6
Республика Крым;2017;384983.4;201251.2
Краснодарский край;2017;2422752.7;433626.9
Астраханская область;2017;442608.8;434701.5
Волгоградская область;2017;850263.7;336306.7
Ростовская область;2017;1441723.3;341163.4
г. Севастополь;2017;101280.9;234060.8
Северо-Кавказский        федеральный округ;2017;2042468.3;208423.1
Республика Дагестан;2017;639513.3;209477.8
Республика Ингушетия;2017;60855.8;125667.9
Кабардино-Балкарская Республика;2017;155221.8;179417.9
Карачаево-Черкесская Республика;2017;82765.6;177468.1
Республика Северная Осетия - Алания;2017;152526.4;217115.4
Чеченская Республика;2017;215975.9;151464
Ставропольский край;2017;735609.5;262480.7
Приволжский федеральный округ;2017;11822590.9;399551.8
Республика Башкортостан;2017;1487892.2;366013.2
Республика Марий Эл;2017;178193.2;260703.5
Республика Мордовия;2017;236090.8;292626.5
Республика Татарстан;2017;2264655.8;582208.5
Удмуртская Республика;2017;592037.6;390800.7
Чувашская Республика;2017;296505.8;240379.6
Пермский край;2017;1245826.9;474129.3
Кировская область;2017;331754.4;257681.1
Нижегородская область ;2017;1387920.9;428207.8
Оренбургская область;2017;872857.1;440024.7
Пензенская область;2017;376076.2;281369.7
Самарская область;2017;1449005.7;453013
Саратовская область;2017;728946.4;294988
Ульяновская область;2017;374827.9;299921.8
Уральский         федеральный округ;2017;10983195;889254.4
Курганская область;2017;209985.5;247093.2
Свердловская область ;2017;2259526;522156.2
Тюменская область;2017;7097070.2;1930537.3
в том числе:;2017;0;0
Ханты-Мансийский автономный округ - Югра;2017;3557367.1;2155227.7
Ямало-Ненецкий автономный округ;2017;2456293.7;4571566.9
Тюменская область  без автономных округов;2017;1083409.4;727930.9
Челябинская область;2017;1416613.3;405015.2
Сибирский        федеральный округ;2017;7653768.9;443783.8
Республика Алтай;2017;48415.2;222562.9
Республика Тыва;2017;65038.9;203160.1
Республика Хакасия;2017;218148.4;405788.7
Алтайский край;2017;545303;231268.4
Красноярский край;2017;1977016.1;687442.8
Иркутская область;2017;1268311.7;527025.3
Кемеровская область;2017;1097861;406335.3
Новосибирская область ;2017;1179564.2;423663.3
Омская область;2017;699716.5;355839.6
Томская область;2017;554393.9;514001.1
Дальневосточный федеральный округ;2017;4679280.8;568274
Республика Бурятия;2017;224594.1;228171.1
Республика Саха (Якутия);2017;942029.6;977633.1
Забайкальский край;2017;306596.5;284969.1
Камчатский край;2017;228167.2;724011.6
Приморский край;2017;906265;472486.5
Хабаровский край ;2017;697951;524460.5
Амурская область;2017;299181;373935.1
Магаданская область;2017;161851.2;1117517.3
Сахалинская область;2017;784503.4;1605079.4
Еврейская автономная область;2017;55268;338826.6
Чукотский автономный округ;2017;72873.8;1469675
Центральный федеральный округ;2018;31191756.5;792780.9
Белгородская область;2018;911597.9;588641.5
Брянская область;2018;367157.1;304547.1
Владимирская область;2018;480027.8;349856.4
Воронежская область;2018;951292.3;408140.7
Ивановская область;2018;232493.6;230325.5
Калужская область;2018;507632.2;502224.2
Костромская область;2018;191812.9;299569.1
Курская область;2018;451000.5;405890.2
Липецкая область;2018;604396.2;526882.4
Московская область;2018;4644635;615059.9
Орловская область;2018;247105.5;332418.3
Рязанская область;2018;416183.2;372321.8
Смоленская область;2018;335059.9;354239.9
Тамбовская область;2018;352202.6;343693.1
Тверская область;2018;471065.5;368955.6
Тульская область;2018;666763;448896.8
Ярославская область;2018;583605.3;462207.4
г. Москва;2018;18777726;1494938
Северо-Западный федеральный округ;2018;9865793.3;706615.6
Республика Карелия;2018;300977.1;485235.6
Республика Коми;2018;696242.2;833270.1
Архангельская область;2018;865723.3;753081.9
в том числе: ;2018;0;0
Ненецкий автономный округ;2018;320405.7;7296374.4
Архангельская область без автономного округа;2018;545317.6;493205.1
Вологодская область;2018;615647.7;525206.6
Калининградская область;2018;493302.4;494096.4
Ленинградская область;2018;1147644.4;626840
Мурманская область;2018;521051.5;693988.6
Новгородская область;2018;259255.8;429668.2
Псковская область;2018;180730.3;285469.3
г. Санкт-Петербург;2018;4785218.6;891448.8
Южный             федеральный округ;2018;6320333;384256.8
Республика Адыгея;2018;119961.8;264198
Республика Калмыкия;2018;86107.1;314225.2
Республика Крым;2018;437438;228692.9
Краснодарский край;2018;2499915.5;444364.1
Астраханская область;2018;579210;570206.4
Волгоградская область;2018;927811.7;369000.4
Ростовская область;2018;1548222.9;367627.9
г. Севастополь;2018;121666;276550.7
Северо-Кавказский        федеральный округ;2018;2159836.5;219381.6
Республика Дагестан;2018;676060.8;219856.8
Республика Ингушетия;2018;67468.2;136930.7
Кабардино-Балкарская Республика;2018;161577.5;186574.1
Карачаево-Черкесская Республика;2018;85737.9;184013
Республика Северная Осетия - Алания;2018;161092.7;229965.3
Чеченская Республика;2018;223853.7;154705.5
Ставропольский край;2018;784045.7;280220.7
Приволжский федеральный округ;2018;13330797;452352.1
Республика Башкортостан;2018;1739362.9;428715.6
Республика Марий Эл;2018;192690.3;282803.8
Республика Мордовия;2018;245675.6;306987.1
Республика Татарстан;2018;2622773.9;673117.8
Удмуртская Республика;2018;679938.9;450225.9
Чувашская Республика;2018;316622.9;257992.5
Пермский край;2018;1422704.6;543647.6
Кировская область;2018;353265.5;276491.3
Нижегородская область ;2018;1502156.2;465830.1
Оренбургская область;2018;1058504.8;537212.8
Пензенская область;2018;411028.7;310238.7
Самарская область;2018;1625558.7;509855.1
Саратовская область;2018;773838.6;315610
Ульяновская область;2018;386675.4;311203.3
Уральский         федеральный округ;2018;13035608.4;1055243.5
Курганская область;2018;215589.9;256618.3
Свердловская область ;2018;2423689.4;560977.3
Тюменская область;2018;8875003.7;2393355.2
в том числе:;2018;0;0
Ханты-Мансийский автономный округ - Югра;2018;4506739.7;2715827.8
Ямало-Ненецкий автономный округ;2018;3051613.1;5650999.3
Тюменская область  без автономных округов;2018;1316650.9;872684.2
Челябинская область;2018;1521325.4;436611.1
Сибирский        федеральный округ;2018;8701658.8;505859
Республика Алтай;2018;54069.4;247496.8
Республика Тыва;2018;73681.6;228064.8
Республика Хакасия;2018;242341.1;451421.5
Алтайский край;2018;579740.5;247599.3
Красноярский край;2018;2374749.9;825925
Иркутская область;2018;1460512.2;608298.6
Кемеровская область;2018;1266424.5;471742.7
Новосибирская область ;2018;1301631.1;466347.9
Омская область;2018;736076.8;377061.9
Томская область;2018;612431.7;568191.7
Дальневосточный федеральный округ;2018;5597118;682108.5
Республика Бурятия;2018;258578.6;262811.9
Республика Саха (Якутия);2018;1126774.7;1166833.3
Забайкальский край;2018;339838.9;317815.5
Камчатский край;2018;263151.3;835029.8
Приморский край;2018;965485.2;506052.1
Хабаровский край ;2018;761589.2;574833.3
Амурская область;2018;334164.4;419905.2
Магаданская область;2018;176370.6;1236274.4
Сахалинская область;2018;1233164.7;2517125
Еврейская автономная область;2018;54577.8;339068.1
Чукотский автономный округ;2018;83422.6;1685134.1
Центральный федеральный округ;2019;33139758.1;840986.7
Белгородская область;2019;955329.2;617024.6
Брянская область;2019;399113.8;333612.6
Владимирская область;2019;535493.4;393135.2
Воронежская область;2019;1001790.3;430689.9
Ивановская область;2019;254968.9;254801.2
Калужская область;2019;549755.8;546488.9
Костромская область;2019;203821.4;320813.9
Курская область;2019;495864.4;448533.4
Липецкая область;2019;570022.9;499274.3
Московская область;2019;5196136.4;679655.1
Орловская область;2019;266655.6;362066.3
Рязанская область;2019;436417.7;392641.3
Смоленская область;2019;349237.6;372073.3
Тамбовская область;2019;353745.5;349773.1
Тверская область;2019;488367.5;386059.1
Тульская область;2019;676822.6;459650.6
Ярославская область;2019;609150.8;484799.3
г. Москва;2019;19797064.3;1565396.3
Северо-Западный федеральный округ;2019;10577620.1;756785.9
Республика Карелия;2019;319050;517887.9
Республика Коми;2019;718138.7;870097.8
Архангельская область;2019;889974.4;780455.4
в том числе: ;2019;0;0
Ненецкий автономный округ;2019;330999;7527837.4
Архангельская область без автономного округа;2019;558975.4;509847.9
Вологодская область;2019;632759.5;543570.9
Калининградская область;2019;520951.2;517150.7
Ленинградская область;2019;1223679.6;657231.5
Мурманская область;2019;616504.1;827822.3
Новгородская область;2019;273808;457565.3
Псковская область;2019;196625.3;313156
г. Санкт-Петербург;2019;5186129.3;962001.8
Южный             федеральный округ;2019;6611731.6;401677
Республика Адыгея;2019;131125.8;285729.4
Республика Калмыкия;2019;88986.9;327288.9
Республика Крым;2019;475525.3;248677.1
Краснодарский край;2019;2577131.1;455174.9
Астраханская область;2019;601811.2;595897.5
Волгоградская область;2019;963214.4;385398
Ростовская область;2019;1636017.5;389521.4
г. Севастополь;2019;137919.4;309114.9
Северо-Кавказский        федеральный округ;2019;2294816.6;231826.8
Республика Дагестан;2019;713723.6;230345.5
Республика Ингушетия;2019;73791.6;146928.7
Кабардино-Балкарская Республика;2019;171544.7;197795.1
Карачаево-Черкесская Республика;2019;91430;196393.1
Республика Северная Осетия - Алания;2019;173459.4;248493.2
Чеченская Республика;2019;241643.4;164625.4
Ставропольский край;2019;829223.9;296214
Приволжский федеральный округ;2019;14103743.8;480660.1
Республика Башкортостан;2019;1803321.7;445861.5
Республика Марий Эл;2019;203282.1;298988.7
Республика Мордовия;2019;262760.6;331412.3
Республика Татарстан;2019;2808753.3;720053.2
Удмуртская Республика;2019;722846;480560.7
Чувашская Республика;2019;339490.4;278132.7
Пермский край;2019;1496401.4;574427.7
Кировская область;2019;370472.6;292342.6
Нижегородская область ;2019;1617171.7;503982.6
Оренбургская область;2019;1106329.3;564476.5
Пензенская область;2019;448521.1;341904.1
Самарская область;2019;1689575.4;531098.4
Саратовская область;2019;809822.6;333074.6
Ульяновская область;2019;424995.6;344371.4
Уральский         федеральный округ;2019;13272019.3;1074184.5
Курганская область;2019;236825.8;285011.5
Свердловская область ;2019;2535215;587781.9
Тюменская область;2019;8952460.5;2393544.7
в том числе:;2019;0;0
Ханты-Мансийский автономный округ - Югра;2019;4558879.8;2731117.6
Ямало-Ненецкий автономный округ;2019;3158827.6;5817780
Тюменская область  без автономных округов;2019;1234753.1;808055.4
Челябинская область;2019;1547518;445834.3
Сибирский        федеральный округ;2019;9090340.5;530177
Республика Алтай;2019;57064;259944.1
Республика Тыва;2019;79321.3;243389.3
Республика Хакасия;2019;256322.3;478914.6
Алтайский край;2019;628146.1;270172.3
Красноярский край;2019;2696158.9;939382.4
Иркутская область;2019;1540237.8;643245.8
Кемеровская область;2019;1110194.8;416418.6
Новосибирская область ;2019;1332895.8;476753.2
Омская область;2019;772095.9;398927.3
Томская область;2019;617903.6;573005.2
Дальневосточный федеральный округ;2019;5970632.3;730003.2
Республика Бурятия;2019;285490.6;289954.4
Республика Саха (Якутия);2019;1227680.3;1266298.6
Забайкальский край;2019;369476.5;347663.4
Камчатский край;2019;279337.8;889982.3
Приморский край;2019;1069330.7;563015.1
Хабаровский край ;2019;805215.6;610678.9
Амурская область;2019;395617.2;499757.1
Магаданская область;2019;214414.9;1524002.3
Сахалинская область;2019;1172226.1;2397445.2
Еврейская автономная область;2019;56847.6;357287.3
Чукотский автономный округ;2019;94995;1900850.8
Центральный федеральный округ;2020;33636785.5;854978.5
Белгородская область;2020;999081.6;646569
Брянская область;2020;412335.5;347204.5
Владимирская область;2020;554204.3;410443.6
Воронежская область;2020;1063999.2;459629.5
Ивановская область;2020;271653.7;273821.5
Калужская область;2020;559166.5;558174.6
Костромская область;2020;204382.3;323951.6
Курская область;2020;535854.6;487030.7
Липецкая область;2020;619216.6;546151.3
Московская область;2020;5265389.3;683845.1
Орловская область;2020;284470;390170.2
Рязанская область;2020;455596.1;412845.1
Смоленская область;2020;358466.1;386274.8
Тамбовская область;2020;378676.8;378455.8
Тверская область;2020;490827.5;391722.2
Тульская область;2020;709197;486544.2
Ярославская область;2020;617593.9;495102.2
г. Москва;2020;19856674.5;1567644.8
Северо-Западный федеральный округ;2020;10644005.4;762356.7
Республика Карелия;2020;319388;522245.3
Республика Коми;2020;612136.2;749219.3
Архангельская область;2020;789593.3;697648.2
в том числе: ;2020;0;0
Ненецкий автономный округ;2020;230378.2;5206287.1
Архангельская область без автономного округа;2020;559215.1;514200.4
Вологодская область;2020;629163;544379.2
Калининградская область;2020;538288.5;530036.9
Ленинградская область;2020;1246136.1;661328.6
Мурманская область;2020;790456.1;1072337.1
Новгородская область;2020;280189.3;471333.3
Псковская область;2020;202945.2;325659.6
г. Санкт-Петербург;2020;5235709.7;971158
Южный             федеральный округ;2020;6709653.9;407280.4
Республика Адыгея;2020;143191.8;309184.1
Республика Калмыкия;2020;93325.1;344933.1
Республика Крым;2020;515610.8;270363.8
Краснодарский край;2020;2616754.4;460720.2
Астраханская область;2020;527888.9;526950.9
Волгоградская область;2020;978858.4;394256.5
Ростовская область;2020;1692406.6;403949.1
г. Севастополь;2020;141617.9;295304.9
Северо-Кавказский        федеральный округ;2020;2404328.2;241662.5
Республика Дагестан;2020;748177.3;239640.7
Республика Ингушетия;2020;72708.6;142199.7
Кабардино-Балкарская Республика;2020;183027.5;210674.1
Карачаево-Черкесская Республика;2020;96566.1;207471.5
Республика Северная Осетия - Алания;2020;186122.2;267814.4
Чеченская Республика;2020;254553.3;171029.5
Ставропольский край;2020;863173.2;308476.2
Приволжский федеральный округ;2020;13669381;468462.3
Республика Башкортостан;2020;1711684.7;425161
Республика Марий Эл;2020;196982.9;290803.3
Республика Мордовия;2020;268963.1;342811.2
Республика Татарстан;2020;2633912.6;675621.4
Удмуртская Республика;2020;675952.3;451490.9
Чувашская Республика;2020;348342.2;287210.3
Пермский край;2020;1403198.8;541930.2
Кировская область;2020;395923.7;315153.9
Нижегородская область ;2020;1586640.6;497418.6
Оренбургская область;2020;1050927.9;538971.9
Пензенская область;2020;493094.2;379820.4
Самарская область;2020;1599554;505093.4
Саратовская область;2020;863401.1;358480.4
Ульяновская область;2020;440802.9;360112.2
Уральский         федеральный округ;2020;11674931.2;945711.8
Курганская область;2020;242305;294464
Свердловская область ;2020;2529780.9;588270
Тюменская область;2020;7287696.1;1934463.9
в том числе:;2020;0;0
Ханты-Мансийский автономный округ - Югра;2020;3353302.7;1994630.3
Ямало-Ненецкий автономный округ;2020;2768191.3;5072483.6
Тюменская область  без автономных округов;2020;1166202.1;757076
Челябинская область;2020;1615149.2;467537.3
Сибирский        федеральный округ;2020;9026904.3;529091
Республика Алтай;2020;62520.3;283451.4
Республика Тыва;2020;82810.7;251799.9
Республика Хакасия;2020;266799.9;500422.8
Алтайский край;2020;671626.9;291156.9
Красноярский край;2020;2722640;951613.7
Иркутская область;2020;1505151.1;631591.9
Кемеровская область;2020;1038086.7;392374.9
Новосибирская область ;2020;1356861.5;485981.4
Омская область;2020;763465.3;398641
Томская область;2020;556941.9;518179.5
Дальневосточный федеральный округ;2020;6044295;741938.3
Республика Бурятия;2020;303155.8;307558.8
Республика Саха (Якутия);2020;1141265.2;1168152.5
Забайкальский край;2020;425378.2;402594.6
Камчатский край;2020;294476.6;942802
Приморский край;2020;1099944;582950.7
Хабаровский край ;2020;861230.6;658239.5
Амурская область;2020;449059.2;571362.1
Магаданская область;2020;284070.7;2035007
Сахалинская область;2020;1002707.9;2059206.5
Еврейская автономная область;2020;63014.4;400340.5
Чукотский автономный округ;2020;119992.4;2404271.2
