Субъект РФ;Год;Продукция сельского хозяйства (млн. руб.)
Центральный федеральный округ;2000;169086.455
Белгородская область;2000;15109.24
Брянская область;2000;9308.299
Владимирская область;2000;7201.902
Воронежская область;2000;18073.363
Ивановская область;2000;4205.728
Калужская область;2000;6216.355
Костромская область;2000;5082.703
Курская область;2000;12479.567
Липецкая область;2000;10015.165
Московская область;2000;23737.296
Орловская область;2000;9018.921
Рязанская область;2000;9700.559
Смоленская область;2000;5535.743
Тамбовская область;2000;8797.859
Тверская область;2000;8069.647
Тульская область;2000;9678.958
Ярославская область;2000;6855.15
г. Москва;2000;0
Северо-Западный федеральный округ;2000;44260.536
Республика Карелия;2000;1527.133
Республика Коми;2000;2556.144
Архангельская область;2000;4524.84
в том числе: ;2000;0
Ненецкий автономный округ;2000;161.352
Архангельская область без автономного округа;2000;0
Вологодская область;2000;8717.946
Калининградская область;2000;3420.843
Ленинградская область;2000;13748.954
Мурманская область;2000;1078.51
Новгородская область;2000;3863.775
Псковская область;2000;4822.391
г. Санкт-Петербург;2000;0
Южный             федеральный округ;2000;97141.304
Республика Адыгея;2000;2155.824
Республика Калмыкия;2000;1289.384
Республика Крым;2000;0
Краснодарский край;2000;46699.307
Астраханская область;2000;2990.524
Волгоградская область;2000;16476.577
Ростовская область;2000;27529.688
г. Севастополь;2000;0
Северо-Кавказский        федеральный округ;2000;41867.333
Республика Дагестан;2000;8171.348
Республика Ингушетия;2000;813.52
Кабардино-Балкарская Республика;2000;7749.581
Карачаево-Черкесская Республика;2000;3017.066
Республика Северная Осетия - Алания;2000;2728.516
Чеченская Республика;2000;0
Ставропольский край;2000;19387.302
Приволжский федеральный округ;2000;198050.901
Республика Башкортостан;2000;27552.066
Республика Марий Эл;2000;5021.237
Республика Мордовия;2000;8618.256
Республика Татарстан;2000;30648.936
Удмуртская Республика;2000;9963.168
Чувашская Республика;2000;8317.78
Пермский край;2000;14006.163
Кировская область;2000;10920.242
Нижегородская область ;2000;14556.022
Оренбургская область;2000;19368.499
Пензенская область;2000;7642.29
Самарская область;2000;15744.78
Саратовская область;2000;18545.775
Ульяновская область;2000;7145.687
Уральский         федеральный округ;2000;47312.667
Курганская область;2000;7602.947
Свердловская область ;2000;15492.69
Тюменская область;2000;11915.481
в том числе:;2000;0
Ханты-Мансийский автономный округ - Югра;2000;1657.912
Ямало-Ненецкий автономный округ;2000;239.417
Тюменская область  без автономных округов;2000;0
Челябинская область;2000;12302
Сибирский        федеральный округ;2000;109604.121
Республика Алтай;2000;1435.522
Республика Тыва;2000;1261.484
Республика Хакасия;2000;3090.083
Алтайский край;2000;24042.421
Красноярский край;2000;20406.945
Иркутская область;2000;10006.094
Кемеровская область;2000;9146.62
Новосибирская область ;2000;19663.641
Омская область;2000;15461.704
Томская область;2000;5089.607
Дальневосточный федеральный округ;2000;35101.081
Республика Бурятия;2000;4481.68
Республика Саха (Якутия);2000;5441.126
Забайкальский край;2000;5712.104
Камчатский край;2000;1556.504
Приморский край;2000;5034.564
Хабаровский край ;2000;3590.927
Амурская область;2000;6200.522
Магаданская область;2000;404.84
Сахалинская область;2000;1732.256
Еврейская автономная область;2000;874.507
Чукотский автономный округ;2000;72.051
Центральный федеральный округ;2001;199352.6
Белгородская область;2001;19480.117
Брянская область;2001;10287.896
Владимирская область;2001;7770.495
Воронежская область;2001;22058.599
Ивановская область;2001;4666.494
Калужская область;2001;7219.953
Костромская область;2001;6379.625
Курская область;2001;14128.418
Липецкая область;2001;12024.99
Московская область;2001;25395.36
Орловская область;2001;10605.387
Рязанская область;2001;10291.238
Смоленская область;2001;6910.348
Тамбовская область;2001;12531.321
Тверская область;2001;9717.234
Тульская область;2001;11699.662
Ярославская область;2001;8185.483
г. Москва;2001;0
Северо-Западный федеральный округ;2001;52204.9
Республика Карелия;2001;1883.502
Республика Коми;2001;2976.989
Архангельская область;2001;4677.139
в том числе: ;2001;0
Ненецкий автономный округ;2001;209.162
Архангельская область без автономного округа;2001;0
Вологодская область;2001;10346.542
Калининградская область;2001;3911.583
Ленинградская область;2001;17022.158
Мурманская область;2001;1331.618
Новгородская область;2001;4691.855
Псковская область;2001;5363.509
г. Санкт-Петербург;2001;0
Южный             федеральный округ;2001;125184.608
Республика Адыгея;2001;2495.679
Республика Калмыкия;2001;1948.201
Республика Крым;2001;0
Краснодарский край;2001;60106.399
Астраханская область;2001;3584.226
Волгоградская область;2001;22255.267
Ростовская область;2001;34794.836
г. Севастополь;2001;0
Северо-Кавказский        федеральный округ;2001;54852.307
Республика Дагестан;2001;12123.442
Республика Ингушетия;2001;1141.965
Кабардино-Балкарская Республика;2001;9912.157
Карачаево-Черкесская Республика;2001;3434.167
Республика Северная Осетия - Алания;2001;3743.373
Чеченская Республика;2001;0
Ставропольский край;2001;24497.203
Приволжский федеральный округ;2001;247405.8
Республика Башкортостан;2001;35847.832
Республика Марий Эл;2001;6210.696
Республика Мордовия;2001;10072.01
Республика Татарстан;2001;39384.836
Удмуртская Республика;2001;13182.152
Чувашская Республика;2001;9748.249
Пермский край;2001;16902.192
Кировская область;2001;12958.094
Нижегородская область ;2001;17600.449
Оренбургская область;2001;22414.079
Пензенская область;2001;10032.269
Самарская область;2001;19401.198
Саратовская область;2001;24148.755
Ульяновская область;2001;9502.966
Уральский         федеральный округ;2001;60423.6
Курганская область;2001;9640.729
Свердловская область ;2001;19636.682
Тюменская область;2001;15272.939
в том числе:;2001;0
Ханты-Мансийский автономный округ - Югра;2001;1963.258
Ямало-Ненецкий автономный округ;2001;302.894
Тюменская область  без автономных округов;2001;0
Челябинская область;2001;15873.259
Сибирский        федеральный округ;2001;136201.971
Республика Алтай;2001;1835.943
Республика Тыва;2001;1555.914
Республика Хакасия;2001;3418.346
Алтайский край;2001;30758.54
Красноярский край;2001;21977.327
Иркутская область;2001;14543.877
Кемеровская область;2001;10189.251
Новосибирская область ;2001;23338.029
Омская область;2001;23051.396
Томская область;2001;5533.348
Дальневосточный федеральный округ;2001;42620.187
Республика Бурятия;2001;5164.236
Республика Саха (Якутия);2001;7209.229
Забайкальский край;2001;5846.933
Камчатский край;2001;1603.173
Приморский край;2001;6257.343
Хабаровский край ;2001;4685.58
Амурская область;2001;7509.344
Магаданская область;2001;458.767
Сахалинская область;2001;2614.942
Еврейская автономная область;2001;1176.346
Чукотский автономный округ;2001;94.294
Центральный федеральный округ;2002;213849.2
Белгородская область;2002;19612.529
Брянская область;2002;11821.108
Владимирская область;2002;9077.39
Воронежская область;2002;23226.041
Ивановская область;2002;4807.019
Калужская область;2002;7881.59
Костромская область;2002;6964.013
Курская область;2002;15224.595
Липецкая область;2002;12846.876
Московская область;2002;29488.404
Орловская область;2002;11202.298
Рязанская область;2002;10830.585
Смоленская область;2002;7034.957
Тамбовская область;2002;13181.404
Тверская область;2002;9791.961
Тульская область;2002;12311.147
Ярославская область;2002;8547.28
г. Москва;2002;0
Северо-Западный федеральный округ;2002;58074.547
Республика Карелия;2002;2129.683
Республика Коми;2002;3248.674
Архангельская область;2002;4801.464
в том числе: ;2002;0
Ненецкий автономный округ;2002;238.045
Архангельская область без автономного округа;2002;0
Вологодская область;2002;10841.02
Калининградская область;2002;4565.876
Ленинградская область;2002;20895.451
Мурманская область;2002;1282.397
Новгородская область;2002;5003.097
Псковская область;2002;5306.885
г. Санкт-Петербург;2002;0
Южный             федеральный округ;2002;132352.491
Республика Адыгея;2002;2298.446
Республика Калмыкия;2002;2188.233
Республика Крым;2002;0
Краснодарский край;2002;63363.924
Астраханская область;2002;4159.86
Волгоградская область;2002;23733.409
Ростовская область;2002;36608.619
г. Севастополь;2002;0
Северо-Кавказский        федеральный округ;2002;61823.375
Республика Дагестан;2002;13897.621
Республика Ингушетия;2002;1334.233
Кабардино-Балкарская Республика;2002;11084.478
Карачаево-Черкесская Республика;2002;4421.742
Республика Северная Осетия - Алания;2002;4466.275
Чеченская Республика;2002;0
Ставропольский край;2002;26619.026
Приволжский федеральный округ;2002;255099.886
Республика Башкортостан;2002;42880.721
Республика Марий Эл;2002;6073.981
Республика Мордовия;2002;11343.716
Республика Татарстан;2002;39010.382
Удмуртская Республика;2002;14409.98
Чувашская Республика;2002;10110.642
Пермский край;2002;15989.216
Кировская область;2002;12828.583
Нижегородская область ;2002;18083.043
Оренбургская область;2002;20949.464
Пензенская область;2002;11546.132
Самарская область;2002;19752.888
Саратовская область;2002;23603.132
Ульяновская область;2002;8518.006
Уральский         федеральный округ;2002;63052.873
Курганская область;2002;9235.767
Свердловская область ;2002;20463.393
Тюменская область;2002;15535.815
в том числе:;2002;0
Ханты-Мансийский автономный округ - Югра;2002;1603.63
Ямало-Ненецкий автономный округ;2002;402.133
Тюменская область  без автономных округов;2002;0
Челябинская область;2002;17817.898
Сибирский        федеральный округ;2002;137502.532
Республика Алтай;2002;2327.396
Республика Тыва;2002;1601.51
Республика Хакасия;2002;3304.961
Алтайский край;2002;30520.763
Красноярский край;2002;23150.625
Иркутская область;2002;14894.119
Кемеровская область;2002;11265.182
Новосибирская область ;2002;22876.344
Омская область;2002;21487.38
Томская область;2002;6074.252
Дальневосточный федеральный округ;2002;46397.727
Республика Бурятия;2002;5638.124
Республика Саха (Якутия);2002;8140.186
Забайкальский край;2002;6616.715
Камчатский край;2002;1779.844
Приморский край;2002;6217.863
Хабаровский край ;2002;5268.696
Амурская область;2002;8287.47
Магаданская область;2002;644.266
Сахалинская область;2002;2364.788
Еврейская автономная область;2002;1305.866
Чукотский автономный округ;2002;133.909
Центральный федеральный округ;2003;238949.022
Белгородская область;2003;22927.047
Брянская область;2003;11845.99
Владимирская область;2003;10722.846
Воронежская область;2003;28818.847
Ивановская область;2003;5442.087
Калужская область;2003;8755.98
Костромская область;2003;6787.661
Курская область;2003;17406.85
Липецкая область;2003;15198.391
Московская область;2003;32978.195
Орловская область;2003;12023.934
Рязанская область;2003;10851.694
Смоленская область;2003;7803.846
Тамбовская область;2003;15705.992
Тверская область;2003;9419.464
Тульская область;2003;13194.196
Ярославская область;2003;9066.002
г. Москва;2003;0
Северо-Западный федеральный округ;2003;60178.3
Республика Карелия;2003;2369.204
Республика Коми;2003;3640.985
Архангельская область;2003;4657.801
в том числе: ;2003;0
Ненецкий автономный округ;2003;265.253
Архангельская область без автономного округа;2003;0
Вологодская область;2003;11260.432
Калининградская область;2003;5234.225
Ленинградская область;2003;20801.939
Мурманская область;2003;1192.982
Новгородская область;2003;5331.653
Псковская область;2003;5689.112
г. Санкт-Петербург;2003;0
Южный             федеральный округ;2003;146153.432
Республика Адыгея;2003;2376.464
Республика Калмыкия;2003;2300.363
Республика Крым;2003;0
Краснодарский край;2003;66824.634
Астраханская область;2003;4736.179
Волгоградская область;2003;28661.884
Ростовская область;2003;41253.908
г. Севастополь;2003;0
Северо-Кавказский        федеральный округ;2003;73888.8
Республика Дагестан;2003;18967.979
Республика Ингушетия;2003;1646.869
Кабардино-Балкарская Республика;2003;12256.506
Карачаево-Черкесская Республика;2003;4629.961
Республика Северная Осетия - Алания;2003;5361.76
Чеченская Республика;2003;0
Ставропольский край;2003;30767.937
Приволжский федеральный округ;2003;281897.937
Республика Башкортостан;2003;49105.562
Республика Марий Эл;2003;7171.158
Республика Мордовия;2003;11906.895
Республика Татарстан;2003;44882.132
Удмуртская Республика;2003;15000.072
Чувашская Республика;2003;10895.956
Пермский край;2003;16137.079
Кировская область;2003;13436.594
Нижегородская область ;2003;19847.925
Оренбургская область;2003;24227.778
Пензенская область;2003;11493.721
Самарская область;2003;19818.42
Саратовская область;2003;28749.129
Ульяновская область;2003;9225.516
Уральский         федеральный округ;2003;71765.767
Курганская область;2003;9583.799
Свердловская область ;2003;21870.398
Тюменская область;2003;17913.415
в том числе:;2003;0
Ханты-Мансийский автономный округ - Югра;2003;2404.834
Ямало-Ненецкий автономный округ;2003;532.388
Тюменская область  без автономных округов;2003;0
Челябинская область;2003;22398.155
Сибирский        федеральный округ;2003;154332.969
Республика Алтай;2003;2697.013
Республика Тыва;2003;1871.856
Республика Хакасия;2003;3622.023
Алтайский край;2003;35249.429
Красноярский край;2003;24374.047
Иркутская область;2003;15568.4
Кемеровская область;2003;13161.351
Новосибирская область ;2003;25198.174
Омская область;2003;25277.031
Томская область;2003;7313.645
Дальневосточный федеральный округ;2003;49184.305
Республика Бурятия;2003;6344.72
Республика Саха (Якутия);2003;9103.105
Забайкальский край;2003;6812.639
Камчатский край;2003;1914.77
Приморский край;2003;7210.134
Хабаровский край ;2003;6042.995
Амурская область;2003;6244.086
Магаданская область;2003;812.042
Сахалинская область;2003;2862.516
Еврейская автономная область;2003;1626.003
Чукотский автономный округ;2003;211.295
Центральный федеральный округ;2004;260334.4
Белгородская область;2004;26435.283
Брянская область;2004;12547.992
Владимирская область;2004;11039.629
Воронежская область;2004;29283.596
Ивановская область;2004;6006.422
Калужская область;2004;9674.795
Костромская область;2004;7250.797
Курская область;2004;19975.378
Липецкая область;2004;17753.554
Московская область;2004;35351.698
Орловская область;2004;14066.474
Рязанская область;2004;12732.221
Смоленская область;2004;8921.379
Тамбовская область;2004;16278.022
Тверская область;2004;9564.069
Тульская область;2004;14406.382
Ярославская область;2004;9046.735
г. Москва;2004;0
Северо-Западный федеральный округ;2004;66627.373
Республика Карелия;2004;2427.78
Республика Коми;2004;3791.6
Архангельская область;2004;5013.913
в том числе: ;2004;0
Ненецкий автономный округ;2004;307.708
Архангельская область без автономного округа;2004;0
Вологодская область;2004;11958.375
Калининградская область;2004;6519.319
Ленинградская область;2004;23202.983
Мурманская область;2004;1278.112
Новгородская область;2004;5467.06
Псковская область;2004;6968.231
г. Санкт-Петербург;2004;0
Южный             федеральный округ;2004;191103.642
Республика Адыгея;2004;3336.222
Республика Калмыкия;2004;3931.853
Республика Крым;2004;0
Краснодарский край;2004;88087.952
Астраханская область;2004;5747.656
Волгоградская область;2004;33063.507
Ростовская область;2004;56936.452
г. Севастополь;2004;0
Северо-Кавказский        федеральный округ;2004;94709.446
Республика Дагестан;2004;21631.793
Республика Ингушетия;2004;1860.818
Кабардино-Балкарская Республика;2004;13695.274
Карачаево-Черкесская Республика;2004;5257.43
Республика Северная Осетия - Алания;2004;7000.911
Чеченская Республика;2004;3767.573
Ставропольский край;2004;41495.647
Приволжский федеральный округ;2004;322716.554
Республика Башкортостан;2004;55276.07
Республика Марий Эл;2004;8306.243
Республика Мордовия;2004;12702.238
Республика Татарстан;2004;53660.449
Удмуртская Республика;2004;15843.895
Чувашская Республика;2004;11869.482
Пермский край;2004;17600.663
Кировская область;2004;15386.677
Нижегородская область ;2004;22563.104
Оренбургская область;2004;28228.453
Пензенская область;2004;14331.407
Самарская область;2004;22708.662
Саратовская область;2004;34012.731
Ульяновская область;2004;10226.48
Уральский         федеральный округ;2004;82158.855
Курганская область;2004;10679.175
Свердловская область ;2004;24303.004
Тюменская область;2004;21991.136
в том числе:;2004;0
Ханты-Мансийский автономный округ - Югра;2004;2482.124
Ямало-Ненецкий автономный округ;2004;573.118
Тюменская область  без автономных округов;2004;0
Челябинская область;2004;25185.54
Сибирский        федеральный округ;2004;179336.296
Республика Алтай;2004;2870.597
Республика Тыва;2004;2071.919
Республика Хакасия;2004;3844.577
Алтайский край;2004;41466.472
Красноярский край;2004;29730.167
Иркутская область;2004;17824.909
Кемеровская область;2004;15256.882
Новосибирская область ;2004;26569.741
Омская область;2004;31167.914
Томская область;2004;8533.118
Дальневосточный федеральный округ;2004;56250.552
Республика Бурятия;2004;7471.37
Республика Саха (Якутия);2004;10755.372
Забайкальский край;2004;7078.436
Камчатский край;2004;1948.819
Приморский край;2004;8347.058
Хабаровский край ;2004;6364.667
Амурская область;2004;8495.746
Магаданская область;2004;722.172
Сахалинская область;2004;2792.014
Еврейская автономная область;2004;2033.916
Чукотский автономный округ;2004;240.982
Центральный федеральный округ;2005;292951.6
Белгородская область;2005;32690.6
Брянская область;2005;13494.2
Владимирская область;2005;12530.5
Воронежская область;2005;31668.5
Ивановская область;2005;6334.8
Калужская область;2005;10942.3
Костромская область;2005;8082
Курская область;2005;21924.6
Липецкая область;2005;20091.6
Московская область;2005;42350.2
Орловская область;2005;14729.7
Рязанская область;2005;14543.2
Смоленская область;2005;9454.9
Тамбовская область;2005;18450.4
Тверская область;2005;10155.4
Тульская область;2005;15329.3
Ярославская область;2005;10179.4
г. Москва;2005;0
Северо-Западный федеральный округ;2005;73976.2
Республика Карелия;2005;2683.4
Республика Коми;2005;3973.1
Архангельская область;2005;5251.2
в том числе: ;2005;0
Ненецкий автономный округ;2005;282.3
Архангельская область без автономного округа;2005;0
Вологодская область;2005;14165.7
Калининградская область;2005;7504.7
Ленинградская область;2005;25751.8
Мурманская область;2005;1440.7
Новгородская область;2005;6034.8
Псковская область;2005;7170.8
г. Санкт-Петербург;2005;0
Южный             федеральный округ;2005;208111.2
Республика Адыгея;2005;4227.7
Республика Калмыкия;2005;4445.2
Республика Крым;2005;0
Краснодарский край;2005;97106.2
Астраханская область;2005;7892.8
Волгоградская область;2005;32958.5
Ростовская область;2005;61480.8
г. Севастополь;2005;0
Северо-Кавказский        федеральный округ;2005;104073.3
Республика Дагестан;2005;25196.9
Республика Ингушетия;2005;1957.6
Кабардино-Балкарская Республика;2005;13581.1
Карачаево-Черкесская Республика;2005;6633.4
Республика Северная Осетия - Алания;2005;7639.3
Чеченская Республика;2005;4551.6
Ставропольский край;2005;44513.4
Приволжский федеральный округ;2005;355588.2
Республика Башкортостан;2005;60351.2
Республика Марий Эл;2005;10141.7
Республика Мордовия;2005;16055.7
Республика Татарстан;2005;61603
Удмуртская Республика;2005;18660.4
Чувашская Республика;2005;13482.6
Пермский край;2005;18126.9
Кировская область;2005;16252.5
Нижегородская область ;2005;26547.8
Оренбургская область;2005;29418.9
Пензенская область;2005;15715.7
Самарская область;2005;23092.6
Саратовская область;2005;34920.7
Ульяновская область;2005;11218.5
Уральский         федеральный округ;2005;97486.6
Курганская область;2005;10982.4
Свердловская область ;2005;27395.5
Тюменская область;2005;24213.6
в том числе:;2005;0
Ханты-Мансийский автономный округ - Югра;2005;2550.6
Ямало-Ненецкий автономный округ;2005;497.3
Тюменская область  без автономных округов;2005;0
Челябинская область;2005;34895.1
Сибирский        федеральный округ;2005;185004.3
Республика Алтай;2005;3057.3
Республика Тыва;2005;2260.8
Республика Хакасия;2005;4008.3
Алтайский край;2005;39838.9
Красноярский край;2005;31037.4
Иркутская область;2005;19670.4
Кемеровская область;2005;16148.1
Новосибирская область ;2005;27027.4
Омская область;2005;32861.1
Томская область;2005;9094.6
Дальневосточный федеральный округ;2005;63769
Республика Бурятия;2005;8036.6
Республика Саха (Якутия);2005;12200.3
Забайкальский край;2005;8427
Камчатский край;2005;2183.5
Приморский край;2005;9476.2
Хабаровский край ;2005;7477.7
Амурская область;2005;8705
Магаданская область;2005;713.5
Сахалинская область;2005;3499.1
Еврейская автономная область;2005;2757.6
Чукотский автономный округ;2005;293
Центральный федеральный округ;2006;325484
Белгородская область;2006;39067.6
Брянская область;2006;14295.4
Владимирская область;2006;13347.4
Воронежская область;2006;35947.4
Ивановская область;2006;6970.5
Калужская область;2006;11697.9
Костромская область;2006;9139.9
Курская область;2006;24158.4
Липецкая область;2006;24366.6
Московская область;2006;45191.2
Орловская область;2006;14690.6
Рязанская область;2006;16615.4
Смоленская область;2006;9548.1
Тамбовская область;2006;21314.5
Тверская область;2006;11350.9
Тульская область;2006;16289
Ярославская область;2006;11493.2
г. Москва;2006;0
Северо-Западный федеральный округ;2006;79170.8
Республика Карелия;2006;2824.7
Республика Коми;2006;4402
Архангельская область;2006;5874.2
в том числе: ;2006;0
Ненецкий автономный округ;2006;441.5
Архангельская область без автономного округа;2006;0
Вологодская область;2006;14558.1
Калининградская область;2006;9213.2
Ленинградская область;2006;27098.2
Мурманская область;2006;1724.4
Новгородская область;2006;6195.8
Псковская область;2006;7280.2
г. Санкт-Петербург;2006;0
Южный             федеральный округ;2006;238330.8
Республика Адыгея;2006;4704.1
Республика Калмыкия;2006;6310.9
Республика Крым;2006;0
Краснодарский край;2006;111248.7
Астраханская область;2006;9147
Волгоградская область;2006;39369.9
Ростовская область;2006;67550.2
г. Севастополь;2006;0
Северо-Кавказский        федеральный округ;2006;117093.9
Республика Дагестан;2006;28163.6
Республика Ингушетия;2006;2156.6
Кабардино-Балкарская Республика;2006;14555.7
Карачаево-Черкесская Республика;2006;7971.4
Республика Северная Осетия - Алания;2006;8373.5
Чеченская Республика;2006;5277.3
Ставропольский край;2006;50595.8
Приволжский федеральный округ;2006;405288.8
Республика Башкортостан;2006;70904.4
Республика Марий Эл;2006;11145.6
Республика Мордовия;2006;18471.2
Республика Татарстан;2006;71638.6
Удмуртская Республика;2006;21828.5
Чувашская Республика;2006;14654.7
Пермский край;2006;19010
Кировская область;2006;16817.5
Нижегородская область ;2006;29038.4
Оренбургская область;2006;34053.8
Пензенская область;2006;17876.6
Самарская область;2006;28112.6
Саратовская область;2006;38650.1
Ульяновская область;2006;13086.8
Уральский         федеральный округ;2006;120196.1
Курганская область;2006;13754.8
Свердловская область ;2006;30393.2
Тюменская область;2006;30660
в том числе:;2006;0
Ханты-Мансийский автономный округ - Югра;2006;3095.6
Ямало-Ненецкий автономный округ;2006;705
Тюменская область  без автономных округов;2006;0
Челябинская область;2006;45388.1
Сибирский        федеральный округ;2006;212383.2
Республика Алтай;2006;3632
Республика Тыва;2006;2563.9
Республика Хакасия;2006;4806
Алтайский край;2006;46439.9
Красноярский край;2006;35359.2
Иркутская область;2006;21925.7
Кемеровская область;2006;20040
Новосибирская область ;2006;29596.2
Омская область;2006;37783.4
Томская область;2006;10236.9
Дальневосточный федеральный округ;2006;72606.2
Республика Бурятия;2006;8993.5
Республика Саха (Якутия);2006;13143.5
Забайкальский край;2006;9389.2
Камчатский край;2006;2628.6
Приморский край;2006;11923.1
Хабаровский край ;2006;7928.3
Амурская область;2006;9999.8
Магаданская область;2006;849.4
Сахалинская область;2006;4224.4
Еврейская автономная область;2006;3091.2
Чукотский автономный округ;2006;435.2
Центральный федеральный округ;2007;408197
Белгородская область;2007;55937.9
Брянская область;2007;16615.8
Владимирская область;2007;15328.4
Воронежская область;2007;52076
Ивановская область;2007;8245.5
Калужская область;2007;14032.1
Костромская область;2007;10051.5
Курская область;2007;30333.9
Липецкая область;2007;30891.7
Московская область;2007;52317.6
Орловская область;2007;19167.6
Рязанская область;2007;18318.4
Смоленская область;2007;10525.8
Тамбовская область;2007;26279.3
Тверская область;2007;12282.2
Тульская область;2007;21654.9
Ярославская область;2007;14138.9
г. Москва;2007;0
Северо-Западный федеральный округ;2007;85132.7
Республика Карелия;2007;3068
Республика Коми;2007;4400.6
Архангельская область;2007;5897.2
в том числе: ;2007;0
Ненецкий автономный округ;2007;419.1
Архангельская область без автономного округа;2007;5478.1
Вологодская область;2007;16402
Калининградская область;2007;10168.4
Ленинградская область;2007;29345.5
Мурманская область;2007;1969.9
Новгородская область;2007;6475.7
Псковская область;2007;7405.4
г. Санкт-Петербург;2007;0
Южный             федеральный округ;2007;280583
Республика Адыгея;2007;7851.5
Республика Калмыкия;2007;8056.8
Республика Крым;2007;0
Краснодарский край;2007;128007.5
Астраханская область;2007;11261.4
Волгоградская область;2007;51036.4
Ростовская область;2007;74368.9
г. Севастополь;2007;0
Северо-Кавказский        федеральный округ;2007;144637.4
Республика Дагестан;2007;32273.4
Республика Ингушетия;2007;2372.1
Кабардино-Балкарская Республика;2007;16640.3
Карачаево-Черкесская Республика;2007;9475.6
Республика Северная Осетия - Алания;2007;9985.5
Чеченская Республика;2007;6938.8
Ставропольский край;2007;66951.7
Приволжский федеральный округ;2007;480806.1
Республика Башкортостан;2007;80480.7
Республика Марий Эл;2007;12120.4
Республика Мордовия;2007;22125.7
Республика Татарстан;2007;90724
Удмуртская Республика;2007;24426.7
Чувашская Республика;2007;16150
Пермский край;2007;19696.8
Кировская область;2007;17005.4
Нижегородская область ;2007;32110.5
Оренбургская область;2007;44921.2
Пензенская область;2007;21300.7
Самарская область;2007;33275.9
Саратовская область;2007;51951
Ульяновская область;2007;14517.1
Уральский         федеральный округ;2007;129904
Курганская область;2007;16873.2
Свердловская область ;2007;30851.6
Тюменская область;2007;33509.1
в том числе:;2007;0
Ханты-Мансийский автономный округ - Югра;2007;3233.3
Ямало-Ненецкий автономный округ;2007;887.8
Тюменская область  без автономных округов;2007;29388
Челябинская область;2007;48670.1
Сибирский        федеральный округ;2007;252631.8
Республика Алтай;2007;4485
Республика Тыва;2007;2876.1
Республика Хакасия;2007;5562.9
Алтайский край;2007;56142.3
Красноярский край;2007;42733.2
Иркутская область;2007;25942.8
Кемеровская область;2007;24295.2
Новосибирская область ;2007;33995.4
Омская область;2007;44701.5
Томская область;2007;11897.4
Дальневосточный федеральный округ;2007;79114.2
Республика Бурятия;2007;9313.8
Республика Саха (Якутия);2007;13444.9
Забайкальский край;2007;10437.4
Камчатский край;2007;2708.8
Приморский край;2007;12070.8
Хабаровский край ;2007;8968.9
Амурская область;2007;12296.2
Магаданская область;2007;965.6
Сахалинская область;2007;4790.7
Еврейская автономная область;2007;3650.5
Чукотский автономный округ;2007;466.6
Центральный федеральный округ;2008;516545.9
Белгородская область;2008;78371.6
Брянская область;2008;20827.9
Владимирская область;2008;18018.9
Воронежская область;2008;67376.5
Ивановская область;2008;8619.9
Калужская область;2008;17775.3
Костромская область;2008;11283.8
Курская область;2008;39650
Липецкая область;2008;38885.5
Московская область;2008;60950.6
Орловская область;2008;24662.4
Рязанская область;2008;25799.1
Смоленская область;2008;12338.1
Тамбовская область;2008;32915.4
Тверская область;2008;15475.3
Тульская область;2008;27263.4
Ярославская область;2008;16332.2
г. Москва;2008;0
Северо-Западный федеральный округ;2008;108357.2
Республика Карелия;2008;3554.5
Республика Коми;2008;5542.1
Архангельская область;2008;7526.9
в том числе: ;2008;0
Ненецкий автономный округ;2008;546.5
Архангельская область без автономного округа;2008;6980
Вологодская область;2008;19040.6
Калининградская область;2008;14698.2
Ленинградская область;2008;38607.2
Мурманская область;2008;2448.5
Новгородская область;2008;8057.7
Псковская область;2008;8881.5
г. Санкт-Петербург;2008;0
Южный             федеральный округ;2008;373899.5
Республика Адыгея;2008;9376.7
Республика Калмыкия;2008;9545.6
Республика Крым;2008;0
Краснодарский край;2008;166498.4
Астраханская область;2008;14983.7
Волгоградская область;2008;67488.5
Ростовская область;2008;106006.6
г. Севастополь;2008;0
Северо-Кавказский        федеральный округ;2008;170547.7
Республика Дагестан;2008;38751.5
Республика Ингушетия;2008;2960.8
Кабардино-Балкарская Республика;2008;19176.1
Карачаево-Черкесская Республика;2008;11563.7
Республика Северная Осетия - Алания;2008;14427
Чеченская Республика;2008;8559.7
Ставропольский край;2008;75108.9
Приволжский федеральный округ;2008;619134.3
Республика Башкортостан;2008;102814.3
Республика Марий Эл;2008;14797.4
Республика Мордовия;2008;28706.8
Республика Татарстан;2008;113975.2
Удмуртская Республика;2008;30870.4
Чувашская Республика;2008;21314.1
Пермский край;2008;25932.9
Кировская область;2008;22378.1
Нижегородская область ;2008;41914.1
Оренбургская область;2008;62919.8
Пензенская область;2008;28310.4
Самарская область;2008;42046.6
Саратовская область;2008;64031.4
Ульяновская область;2008;19122.8
Уральский         федеральный округ;2008;166284.2
Курганская область;2008;21802.3
Свердловская область ;2008;40261.5
Тюменская область;2008;43218.8
в том числе:;2008;0
Ханты-Мансийский автономный округ - Югра;2008;4360
Ямало-Ненецкий автономный округ;2008;1273.7
Тюменская область  без автономных округов;2008;37585.1
Челябинская область;2008;61001.6
Сибирский        федеральный округ;2008;308986.4
Республика Алтай;2008;4831.1
Республика Тыва;2008;3897.9
Республика Хакасия;2008;6049.6
Алтайский край;2008;66992.4
Красноярский край;2008;53634.4
Иркутская область;2008;29996.7
Кемеровская область;2008;31905.7
Новосибирская область ;2008;43121.8
Омская область;2008;52795.8
Томская область;2008;15761
Дальневосточный федеральный округ;2008;90760.2
Республика Бурятия;2008;10187.8
Республика Саха (Якутия);2008;15024.7
Забайкальский край;2008;11960.7
Камчатский край;2008;2978.9
Приморский край;2008;15368.3
Хабаровский край ;2008;9655.8
Амурская область;2008;14496.1
Магаданская область;2008;1240
Сахалинская область;2008;5052
Еврейская автономная область;2008;4299.3
Чукотский автономный округ;2008;496.6
Центральный федеральный округ;2009;543707
Белгородская область;2009;88939.6
Брянская область;2009;22820.4
Владимирская область;2009;18385.6
Воронежская область;2009;73248.8
Ивановская область;2009;9117.3
Калужская область;2009;19709.6
Костромская область;2009;11382.8
Курская область;2009;39786.3
Липецкая область;2009;36932
Московская область;2009;66585.4
Орловская область;2009;24262.2
Рязанская область;2009;26351.3
Смоленская область;2009;12345.4
Тамбовская область;2009;34644.4
Тверская область;2009;16234.8
Тульская область;2009;26608.1
Ярославская область;2009;16353
г. Москва;2009;0
Северо-Западный федеральный округ;2009;113584.8
Республика Карелия;2009;3634
Республика Коми;2009;6007.9
Архангельская область;2009;8676.1
в том числе: ;2009;0
Ненецкий автономный округ;2009;549
Архангельская область без автономного округа;2009;8126.6
Вологодская область;2009;18184.2
Калининградская область;2009;15171.3
Ленинградская область;2009;41232.6
Мурманская область;2009;2532.4
Новгородская область;2009;9024
Псковская область;2009;9122.3
г. Санкт-Петербург;2009;0
Южный             федеральный округ;2009;355023.4
Республика Адыгея;2009;10475.1
Республика Калмыкия;2009;10274.2
Республика Крым;2009;0
Краснодарский край;2009;158684.9
Астраханская область;2009;18103.6
Волгоградская область;2009;62337.3
Ростовская область;2009;95148.3
г. Севастополь;2009;0
Северо-Кавказский        федеральный округ;2009;171354.3
Республика Дагестан;2009;43800.1
Республика Ингушетия;2009;2926.3
Кабардино-Балкарская Республика;2009;20116.9
Карачаево-Черкесская Республика;2009;13591.2
Республика Северная Осетия - Алания;2009;14373.1
Чеченская Республика;2009;10389.5
Ставропольский край;2009;66157.2
Приволжский федеральный округ;2009;605167.8
Республика Башкортостан;2009;100724.5
Республика Марий Эл;2009;15994
Республика Мордовия;2009;31123
Республика Татарстан;2009;112199.8
Удмуртская Республика;2009;31473.8
Чувашская Республика;2009;23072.3
Пермский край;2009;25923.7
Кировская область;2009;22102.5
Нижегородская область ;2009;38084
Оренбургская область;2009;55288.3
Пензенская область;2009;30178.1
Самарская область;2009;41709.7
Саратовская область;2009;59053
Ульяновская область;2009;18241.1
Уральский         федеральный округ;2009;172107.1
Курганская область;2009;24114.9
Свердловская область ;2009;43314.6
Тюменская область;2009;45330.7
в том числе:;2009;0
Ханты-Мансийский автономный округ - Югра;2009;5418.2
Ямало-Ненецкий автономный округ;2009;1344.5
Тюменская область  без автономных округов;2009;38568
Челябинская область;2009;59346.9
Сибирский        федеральный округ;2009;323589
Республика Алтай;2009;5192.2
Республика Тыва;2009;3979.4
Республика Хакасия;2009;6617.5
Алтайский край;2009;72625.7
Красноярский край;2009;53517.8
Иркутская область;2009;33196.1
Кемеровская область;2009;30805.3
Новосибирская область ;2009;46560.1
Омская область;2009;55822.2
Томская область;2009;15272.7
Дальневосточный федеральный округ;2009;105570.9
Республика Бурятия;2009;10184.5
Республика Саха (Якутия);2009;15899.5
Забайкальский край;2009;13003.1
Камчатский край;2009;3899.2
Приморский край;2009;19183
Хабаровский край ;2009;12609.5
Амурская область;2009;19394.7
Магаданская область;2009;1460.8
Сахалинская область;2009;5036.8
Еврейская автономная область;2009;4300.6
Чукотский автономный округ;2009;599.2
Центральный федеральный округ;2010;557811.3
Белгородская область;2010;97736
Брянская область;2010;25998.8
Владимирская область;2010;17078.3
Воронежская область;2010;67935.5
Ивановская область;2010;9939.2
Калужская область;2010;20036.4
Костромская область;2010;12366.4
Курская область;2010;39464.9
Липецкая область;2010;34774.5
Московская область;2010;72869.8
Орловская область;2010;26543.6
Рязанская область;2010;25816.7
Смоленская область;2010;13320
Тамбовская область;2010;33819.2
Тверская область;2010;17344.2
Тульская область;2010;24900.6
Ярославская область;2010;17867.2
г. Москва;2010;0
Северо-Западный федеральный округ;2010;128509
Республика Карелия;2010;3979.9
Республика Коми;2010;7046.3
Архангельская область;2010;9103.8
в том числе: ;2010;0
Ненецкий автономный округ;2010;577.8
Архангельская область без автономного округа;2010;8526
Вологодская область;2010;18892.9
Калининградская область;2010;15279
Ленинградская область;2010;47208.3
Мурманская область;2010;2731.3
Новгородская область;2010;13931.2
Псковская область;2010;10336.3
г. Санкт-Петербург;2010;0
Южный             федеральный округ;2010;395217.1
Республика Адыгея;2010;11177.4
Республика Калмыкия;2010;11171.7
Республика Крым;2010;0
Краснодарский край;2010;184082.5
Астраханская область;2010;19961.9
Волгоградская область;2010;60161.4
Ростовская область;2010;108662.2
г. Севастополь;2010;0
Северо-Кавказский        федеральный округ;2010;197873.4
Республика Дагестан;2010;47409.7
Республика Ингушетия;2010;3230.7
Кабардино-Балкарская Республика;2010;23588.3
Карачаево-Черкесская Республика;2010;15040.5
Республика Северная Осетия - Алания;2010;16910.5
Чеченская Республика;2010;10893
Ставропольский край;2010;80800.7
Приволжский федеральный округ;2010;562140.7
Республика Башкортостан;2010;86171.7
Республика Марий Эл;2010;15588.4
Республика Мордовия;2010;25880.8
Республика Татарстан;2010;98043.7
Удмуртская Республика;2010;32680.1
Чувашская Республика;2010;20912.4
Пермский край;2010;28053.6
Кировская область;2010;22088.7
Нижегородская область ;2010;36242.4
Оренбургская область;2010;47707.8
Пензенская область;2010;27017.8
Самарская область;2010;38105.1
Саратовская область;2010;67085.1
Ульяновская область;2010;16563.1
Уральский         федеральный округ;2010;169203.5
Курганская область;2010;19650.8
Свердловская область ;2010;44463.6
Тюменская область;2010;46654
в том числе:;2010;0
Ханты-Мансийский автономный округ - Югра;2010;5749.1
Ямало-Ненецкий автономный округ;2010;1474.9
Тюменская область  без автономных округов;2010;39430
Челябинская область;2010;58435.1
Сибирский        федеральный округ;2010;337212.7
Республика Алтай;2010;6080.4
Республика Тыва;2010;4183.6
Республика Хакасия;2010;7034
Алтайский край;2010;78562.6
Красноярский край;2010;56408
Иркутская область;2010;35119.9
Кемеровская область;2010;31881.3
Новосибирская область ;2010;47694.5
Омская область;2010;52962.5
Томская область;2010;17285.9
Дальневосточный федеральный округ;2010;114219.2
Республика Бурятия;2010;10219.2
Республика Саха (Якутия);2010;17064.1
Забайкальский край;2010;13527.8
Камчатский край;2010;4085.1
Приморский край;2010;20546.9
Хабаровский край ;2010;14838.8
Амурская область;2010;19851
Магаданская область;2010;1484.8
Сахалинская область;2010;6836.1
Еврейская автономная область;2010;5142.2
Чукотский автономный округ;2010;623.2
Центральный федеральный округ;2011;735751.9
Белгородская область;2011;134120.6
Брянская область;2011;32010.1
Владимирская область;2011;21889.1
Воронежская область;2011;99248.9
Ивановская область;2011;12362.2
Калужская область;2011;22572.4
Костромская область;2011;13378
Курская область;2011;54867.6
Липецкая область;2011;46508
Московская область;2011;96240.4
Орловская область;2011;35191.9
Рязанская область;2011;30131.7
Смоленская область;2011;16953.5
Тамбовская область;2011;48285.6
Тверская область;2011;22720
Тульская область;2011;28196.1
Ярославская область;2011;21075.8
г. Москва;2011;0
Северо-Западный федеральный округ;2011;146961.1
Республика Карелия;2011;4305.5
Республика Коми;2011;8246.1
Архангельская область;2011;10941.8
в том числе: ;2011;0
Ненецкий автономный округ;2011;664
Архангельская область без автономного округа;2011;10278.4
Вологодская область;2011;22196.4
Калининградская область;2011;17309.8
Ленинградская область;2011;53003.8
Мурманская область;2011;2947.6
Новгородская область;2011;16481.7
Псковская область;2011;11528.4
г. Санкт-Петербург;2011;0
Южный             федеральный округ;2011;474231.8
Республика Адыгея;2011;11828.7
Республика Калмыкия;2011;14313.9
Республика Крым;2011;0
Краснодарский край;2011;220628.6
Астраханская область;2011;20185.4
Волгоградская область;2011;72370.4
Ростовская область;2011;134904.8
г. Севастополь;2011;0
Северо-Кавказский        федеральный округ;2011;237055.5
Республика Дагестан;2011;55338.5
Республика Ингушетия;2011;4570.2
Кабардино-Балкарская Республика;2011;27133.7
Карачаево-Черкесская Республика;2011;17577.5
Республика Северная Осетия - Алания;2011;19997.2
Чеченская Республика;2011;12889
Ставропольский край;2011;99549.4
Приволжский федеральный округ;2011;766229.8
Республика Башкортостан;2011;107122.3
Республика Марий Эл;2011;20002.4
Республика Мордовия;2011;37863.2
Республика Татарстан;2011;147628
Удмуртская Республика;2011;43607.3
Чувашская Республика;2011;30531.3
Пермский край;2011;37009
Кировская область;2011;27281.2
Нижегородская область ;2011;46591.1
Оренбургская область;2011;69144.2
Пензенская область;2011;37867.1
Самарская область;2011;48616
Саратовская область;2011;84395.4
Ульяновская область;2011;28571.3
Уральский         федеральный округ;2011;224728.2
Курганская область;2011;29477.3
Свердловская область ;2011;56586.6
Тюменская область;2011;58660.2
в том числе:;2011;0
Ханты-Мансийский автономный округ - Югра;2011;8021.4
Ямало-Ненецкий автономный округ;2011;1854.7
Тюменская область  без автономных округов;2011;48784.1
Челябинская область;2011;80004.1
Сибирский        федеральный округ;2011;382371
Республика Алтай;2011;7580.7
Республика Тыва;2011;4536.1
Республика Хакасия;2011;8747.8
Алтайский край;2011;87685
Красноярский край;2011;61213.7
Иркутская область;2011;40990.2
Кемеровская область;2011;35427.7
Новосибирская область ;2011;55335.7
Омская область;2011;62820.5
Томская область;2011;18033.6
Дальневосточный федеральный округ;2011;131413.4
Республика Бурятия;2011;12458.2
Республика Саха (Якутия);2011;17464.9
Забайкальский край;2011;15189.6
Камчатский край;2011;4668.4
Приморский край;2011;24834.4
Хабаровский край ;2011;15017.8
Амурская область;2011;26487.4
Магаданская область;2011;1518.2
Сахалинская область;2011;7182.1
Еврейская автономная область;2011;5750.8
Чукотский автономный округ;2011;841.6
Центральный федеральный округ;2012;808705.6
Белгородская область;2012;148430.9
Брянская область;2012;34746.9
Владимирская область;2012;23247.9
Воронежская область;2012;123891.8
Ивановская область;2012;12372.4
Калужская область;2012;24484.4
Костромская область;2012;13650.1
Курская область;2012;65944.7
Липецкая область;2012;53945.8
Московская область;2012;79735
Орловская область;2012;38034
Рязанская область;2012;35034.7
Смоленская область;2012;16726.6
Тамбовская область;2012;55534.1
Тверская область;2012;20898.6
Тульская область;2012;30688.3
Ярославская область;2012;22474.4
г. Москва;2012;8865
Северо-Западный федеральный округ;2012;153017
Республика Карелия;2012;3897.6
Республика Коми;2012;8489.5
Архангельская область;2012;11016.3
в том числе: ;2012;0
Ненецкий автономный округ;2012;748
Архангельская область без автономного округа;2012;10267.7
Вологодская область;2012;20633.3
Калининградская область;2012;19182.7
Ленинградская область;2012;58010.5
Мурманская область;2012;3429.8
Новгородская область;2012;16137.2
Псковская область;2012;12220.1
г. Санкт-Петербург;2012;0
Южный             федеральный округ;2012;486949.6
Республика Адыгея;2012;13363.1
Республика Калмыкия;2012;17486.1
Республика Крым;2012;0
Краснодарский край;2012;213646.2
Астраханская область;2012;23755.6
Волгоградская область;2012;78663.7
Ростовская область;2012;140034.9
г. Севастополь;2012;0
Северо-Кавказский        федеральный округ;2012;247460.5
Республика Дагестан;2012;63149.8
Республика Ингушетия;2012;3883.7
Кабардино-Балкарская Республика;2012;29617.8
Карачаево-Черкесская Республика;2012;17768.3
Республика Северная Осетия - Алания;2012;22188.7
Чеченская Республика;2012;13564.7
Ставропольский край;2012;97287.5
Приволжский федеральный округ;2012;767821.2
Республика Башкортостан;2012;102932.4
Республика Марий Эл;2012;22843.5
Республика Мордовия;2012;39299
Республика Татарстан;2012;147839.9
Удмуртская Республика;2012;44229.9
Чувашская Республика;2012;30867.8
Пермский край;2012;33039.3
Кировская область;2012;26061.5
Нижегородская область ;2012;44312.1
Оренбургская область;2012;68019
Пензенская область;2012;42703.6
Самарская область;2012;55611
Саратовская область;2012;83337.1
Ульяновская область;2012;26725.1
Уральский         федеральный округ;2012;199398.6
Курганская область;2012;25553.9
Свердловская область ;2012;51373.7
Тюменская область;2012;56125.2
в том числе:;2012;0
Ханты-Мансийский автономный округ - Югра;2012;8374.2
Ямало-Ненецкий автономный округ;2012;1914.6
Тюменская область  без автономных округов;2012;45836.4
Челябинская область;2012;66345.8
Сибирский        федеральный округ;2012;362497.9
Республика Алтай;2012;8601.7
Республика Тыва;2012;4685.6
Республика Хакасия;2012;9257.1
Алтайский край;2012;85050.9
Красноярский край;2012;56614.7
Иркутская область;2012;44079.1
Кемеровская область;2012;33597.5
Новосибирская область ;2012;50352.4
Омская область;2012;52063.4
Томская область;2012;18195.5
Дальневосточный федеральный округ;2012;134455.8
Республика Бурятия;2012;12672.2
Республика Саха (Якутия);2012;18226.5
Забайкальский край;2012;17102.1
Камчатский край;2012;4749.6
Приморский край;2012;26091.7
Хабаровский край ;2012;15345.6
Амурская область;2012;26499.8
Магаданская область;2012;1694.4
Сахалинская область;2012;6825.7
Еврейская автономная область;2012;4558.4
Чукотский автономный округ;2012;689.8
Центральный федеральный округ;2013;875466.5
Белгородская область;2013;154166.2
Брянская область;2013;41579.8
Владимирская область;2013;23874
Воронежская область;2013;144942.4
Ивановская область;2013;12492.7
Калужская область;2013;24082.3
Костромская область;2013;14131.3
Курская область;2013;74279.3
Липецкая область;2013;62771.8
Московская область;2013;74610.9
Орловская область;2013;41381.9
Рязанская область;2013;37323.5
Смоленская область;2013;18061.5
Тамбовская область;2013;66552.5
Тверская область;2013;21201.7
Тульская область;2013;32900.7
Ярославская область;2013;23602.6
г. Москва;2013;7511.4
Северо-Западный федеральный округ;2013;160437.4
Республика Карелия;2013;4283.7
Республика Коми;2013;8621.5
Архангельская область;2013;10539.7
в том числе: ;2013;0
Ненецкий автономный округ;2013;645.7
Архангельская область без автономного округа;2013;9894
Вологодская область;2013;20982.3
Калининградская область;2013;20056.6
Ленинградская область;2013;64840.7
Мурманская область;2013;2734.8
Новгородская область;2013;14809.6
Псковская область;2013;13568.5
г. Санкт-Петербург;2013;0
Южный             федеральный округ;2013;517870.2
Республика Адыгея;2013;14080.5
Республика Калмыкия;2013;19877.9
Республика Крым;2013;0
Краснодарский край;2013;229951
Астраханская область;2013;26657
Волгоградская область;2013;83791
Ростовская область;2013;143512.8
г. Севастополь;2013;0
Северо-Кавказский        федеральный округ;2013;283712.6
Республика Дагестан;2013;71892.4
Республика Ингушетия;2013;4614.1
Кабардино-Балкарская Республика;2013;31774.4
Карачаево-Черкесская Республика;2013;19883.7
Республика Северная Осетия - Алания;2013;24668.4
Чеченская Республика;2013;14658.8
Ставропольский край;2013;116220.8
Приволжский федеральный округ;2013;838916.6
Республика Башкортостан;2013;119796.6
Республика Марий Эл;2013;27183.4
Республика Мордовия;2013;40285.6
Республика Татарстан;2013;157706.9
Удмуртская Республика;2013;45513.2
Чувашская Республика;2013;29086.2
Пермский край;2013;33732.8
Кировская область;2013;27151.6
Нижегородская область ;2013;50224.1
Оренбургская область;2013;77641.4
Пензенская область;2013;46384.9
Самарская область;2013;64166.9
Саратовская область;2013;92417.7
Ульяновская область;2013;27625.3
Уральский         федеральный округ;2013;226003.3
Курганская область;2013;33084.4
Свердловская область ;2013;58576.2
Тюменская область;2013;58853.2
в том числе:;2013;0
Ханты-Мансийский автономный округ - Югра;2013;8244
Ямало-Ненецкий автономный округ;2013;1962.9
Тюменская область  без автономных округов;2013;48645.8
Челябинская область;2013;75489.5
Сибирский        федеральный округ;2013;424707
Республика Алтай;2013;8007.9
Республика Тыва;2013;5185.1
Республика Хакасия;2013;10499
Алтайский край;2013;102220
Красноярский край;2013;61183.1
Иркутская область;2013;46630
Кемеровская область;2013;39378.8
Новосибирская область ;2013;59469.8
Омская область;2013;71117.2
Томская область;2013;21016.1
Дальневосточный федеральный округ;2013;131172.6
Республика Бурятия;2013;13261.4
Республика Саха (Якутия);2013;19443.4
Забайкальский край;2013;17788.9
Камчатский край;2013;5225.9
Приморский край;2013;26690.9
Хабаровский край ;2013;15264.7
Амурская область;2013;20733.3
Магаданская область;2013;1414.9
Сахалинская область;2013;7587.8
Еврейская автономная область;2013;3123.2
Чукотский автономный округ;2013;638.2
Центральный федеральный округ;2014;1043397
Белгородская область;2014;186770.7
Брянская область;2014;53867.8
Владимирская область;2014;27781.4
Воронежская область;2014;158526.2
Ивановская область;2014;13807.5
Калужская область;2014;28031.3
Костромская область;2014;15607.2
Курская область;2014;92359.4
Липецкая область;2014;78312.1
Московская область;2014;84737.5
Орловская область;2014;50564.5
Рязанская область;2014;44245.1
Смоленская область;2014;19272.4
Тамбовская область;2014;87298.7
Тверская область;2014;22855
Тульская область;2014;42214.3
Ярославская область;2014;28504.4
г. Москва;2014;8641.5
Северо-Западный федеральный округ;2014;195143.4
Республика Карелия;2014;4617.4
Республика Коми;2014;9235.4
Архангельская область;2014;12644.8
в том числе: ;2014;0
Ненецкий автономный округ;2014;717.9
Архангельская область без автономного округа;2014;11927
Вологодская область;2014;24235.3
Калининградская область;2014;24401.6
Ленинградская область;2014;78566.1
Мурманская область;2014;2304
Новгородская область;2014;18837.1
Псковская область;2014;20301.7
г. Санкт-Петербург;2014;0
Южный             федеральный округ;2014;642940.3
Республика Адыгея;2014;15262
Республика Калмыкия;2014;21479
Республика Крым;2014;35585.7
Краснодарский край;2014;266662.6
Астраханская область;2014;29070.4
Волгоградская область;2014;100672.7
Ростовская область;2014;172459.2
г. Севастополь;2014;1748.7
Северо-Кавказский        федеральный округ;2014;322987.7
Республика Дагестан;2014;83390.9
Республика Ингушетия;2014;5421.3
Кабардино-Балкарская Республика;2014;33326.2
Карачаево-Черкесская Республика;2014;20844.9
Республика Северная Осетия - Алания;2014;22831.9
Чеченская Республика;2014;15156.2
Ставропольский край;2014;142016.3
Приволжский федеральный округ;2014;958092.9
Республика Башкортостан;2014;128186.1
Республика Марий Эл;2014;35069
Республика Мордовия;2014;46301
Республика Татарстан;2014;184289
Удмуртская Республика;2014;56511.6
Чувашская Республика;2014;33925.4
Пермский край;2014;37287.6
Кировская область;2014;33947
Нижегородская область ;2014;62019.3
Оренбургская область;2014;83840.4
Пензенская область;2014;56754
Самарская область;2014;71143.6
Саратовская область;2014;100620.7
Ульяновская область;2014;28198.2
Уральский         федеральный округ;2014;253024.5
Курганская область;2014;28471.6
Свердловская область ;2014;65685.9
Тюменская область;2014;67110.7
в том числе:;2014;0
Ханты-Мансийский автономный округ - Югра;2014;7800.2
Ямало-Ненецкий автономный округ;2014;2047
Тюменская область  без автономных округов;2014;57264
Челябинская область;2014;91756.3
Сибирский        федеральный округ;2014;449792.7
Республика Алтай;2014;8674.8
Республика Тыва;2014;5178.8
Республика Хакасия;2014;11381.8
Алтайский край;2014;98774
Красноярский край;2014;66302.4
Иркутская область;2014;51765.4
Кемеровская область;2014;43163.2
Новосибирская область ;2014;63759.1
Омская область;2014;77548.3
Томская область;2014;23244.9
Дальневосточный федеральный округ;2014;165685.6
Республика Бурятия;2014;15527.9
Республика Саха (Якутия);2014;20255
Забайкальский край;2014;18705
Камчатский край;2014;6852.8
Приморский край;2014;34696.9
Хабаровский край ;2014;16709
Амурская область;2014;37047.6
Магаданская область;2014;1700.3
Сахалинская область;2014;8550.8
Еврейская автономная область;2014;4779.9
Чукотский автономный округ;2014;860.4
Центральный федеральный округ;2015;1265435.1
Белгородская область;2015;218384.9
Брянская область;2015;71058.5
Владимирская область;2015;31297.4
Воронежская область;2015;193057.8
Ивановская область;2015;14938.9
Калужская область;2015;33066.6
Костромская область;2015;17942.5
Курская область;2015;113841.2
Липецкая область;2015;98051.2
Московская область;2015;96825.6
Орловская область;2015;61977.8
Рязанская область;2015;52294.8
Смоленская область;2015;21007.2
Тамбовская область;2015;118711.5
Тверская область;2015;30420.7
Тульская область;2015;51633.5
Ярославская область;2015;32010.3
г. Москва;2015;8914.7
Северо-Западный федеральный округ;2015;225538
Республика Карелия;2015;5073.1
Республика Коми;2015;10395.2
Архангельская область;2015;11706
в том числе: ;2015;0
Ненецкий автономный округ;2015;1023.8
Архангельская область без автономного округа;2015;10682.2
Вологодская область;2015;26938.2
Калининградская область;2015;31048
Ленинградская область;2015;88610.1
Мурманская область;2015;1920.8
Новгородская область;2015;24987
Псковская область;2015;24859.6
г. Санкт-Петербург;2015;0
Южный             федеральный округ;2015;811567.9
Республика Адыгея;2015;19534.1
Республика Калмыкия;2015;22714.3
Республика Крым;2015;50111.4
Краснодарский край;2015;340566.9
Астраханская область;2015;36287.3
Волгоградская область;2015;121330
Ростовская область;2015;219008.1
г. Севастополь;2015;2015.8
Северо-Кавказский        федеральный округ;2015;384913.8
Республика Дагестан;2015;94477.9
Республика Ингушетия;2015;6885.1
Кабардино-Балкарская Республика;2015;37919.8
Карачаево-Черкесская Республика;2015;26032.4
Республика Северная Осетия - Алания;2015;23209.5
Чеченская Республика;2015;17548.8
Ставропольский край;2015;178840.3
Приволжский федеральный округ;2015;1113851.6
Республика Башкортостан;2015;149964.5
Республика Марий Эл;2015;43315.4
Республика Мордовия;2015;53540.1
Республика Татарстан;2015;211810.1
Удмуртская Республика;2015;62291.5
Чувашская Республика;2015;39604.2
Пермский край;2015;40628.3
Кировская область;2015;36231.8
Нижегородская область ;2015;67202.7
Оренбургская область;2015;99108.4
Пензенская область;2015;74486.4
Самарская область;2015;82193.1
Саратовская область;2015;119768.3
Ульяновская область;2015;33706.8
Уральский         федеральный округ;2015;292395.7
Курганская область;2015;34780.5
Свердловская область ;2015;75604.8
Тюменская область;2015;70657
в том числе:;2015;0
Ханты-Мансийский автономный округ - Югра;2015;7651
Ямало-Ненецкий автономный округ;2015;2083.7
Тюменская область  без автономных округов;2015;60921.7
Челябинская область;2015;111353.4
Сибирский        федеральный округ;2015;520458.6
Республика Алтай;2015;9521.9
Республика Тыва;2015;5422.1
Республика Хакасия;2015;12216.6
Алтайский край;2015;123740.7
Красноярский край;2015;76204.2
Иркутская область;2015;53600.8
Кемеровская область;2015;48463.6
Новосибирская область ;2015;75228.6
Омская область;2015;89527.3
Томская область;2015;26532.8
Дальневосточный федеральный округ;2015;180454.1
Республика Бурятия;2015;16034.1
Республика Саха (Якутия);2015;20722.7
Забайкальский край;2015;19519
Камчатский край;2015;6721.3
Приморский край;2015;37482.2
Хабаровский край ;2015;17439.1
Амурская область;2015;43566.6
Магаданская область;2015;1981.2
Сахалинская область;2015;10840.3
Еврейская автономная область;2015;5750.9
Чукотский автономный округ;2015;396.7
Центральный федеральный округ;2016;1307143.7
Белгородская область;2016;226058.1
Брянская область;2016;78392.9
Владимирская область;2016;30833.3
Воронежская область;2016;199308
Ивановская область;2016;14951.5
Калужская область;2016;33570.7
Костромская область;2016;16782.9
Курская область;2016;124356.6
Липецкая область;2016;106325.6
Московская область;2016;98363.8
Орловская область;2016;68598.2
Рязанская область;2016;50659
Смоленская область;2016;21248.9
Тамбовская область;2016;108896.2
Тверская область;2016;32881.1
Тульская область;2016;55431.7
Ярославская область;2016;32053.6
г. Москва;2016;8431.6
Северо-Западный федеральный округ;2016;225864.2
Республика Карелия;2016;4484
Республика Коми;2016;10613.2
Архангельская область;2016;12196.5
в том числе: ;2016;0
Ненецкий автономный округ;2016;850.8
Архангельская область без автономного округа;2016;11345.7
Вологодская область;2016;28806.6
Калининградская область;2016;29579.8
Ленинградская область;2016;82901.7
Мурманская область;2016;1551.5
Новгородская область;2016;27067.7
Псковская область;2016;28663.2
г. Санкт-Петербург;2016;0
Южный             федеральный округ;2016;899188.5
Республика Адыгея;2016;19821.7
Республика Калмыкия;2016;26735.7
Республика Крым;2016;52880.1
Краснодарский край;2016;370761.8
Астраханская область;2016;37312.5
Волгоградская область;2016;136630.6
Ростовская область;2016;252776.8
г. Севастополь;2016;2269.3
Северо-Кавказский        федеральный округ;2016;428066.5
Республика Дагестан;2016;108472.7
Республика Ингушетия;2016;8518.3
Кабардино-Балкарская Республика;2016;42423.5
Карачаево-Черкесская Республика;2016;26801.5
Республика Северная Осетия - Алания;2016;22164.9
Чеченская Республика;2016;21122.7
Ставропольский край;2016;198562.9
Приволжский федеральный округ;2016;1204825.9
Республика Башкортостан;2016;158708.8
Республика Марий Эл;2016;39217.4
Республика Мордовия;2016;58873.1
Республика Татарстан;2016;229812.8
Удмуртская Республика;2016;64544
Чувашская Республика;2016;39553.6
Пермский край;2016;40048.6
Кировская область;2016;38528.8
Нижегородская область ;2016;67368.2
Оренбургская область;2016;110727
Пензенская область;2016;83618.9
Самарская область;2016;93052.6
Саратовская область;2016;142009.9
Ульяновская область;2016;38762.2
Уральский         федеральный округ;2016;304672.2
Курганская область;2016;38094
Свердловская область ;2016;74606.5
Тюменская область;2016;74486.2
в том числе:;2016;0
Ханты-Мансийский автономный округ - Югра;2016;8748.2
Ямало-Ненецкий автономный округ;2016;2274.3
Тюменская область  без автономных округов;2016;63463.7
Челябинская область;2016;117485.5
Сибирский        федеральный округ;2016;554764.9
Республика Алтай;2016;11087.7
Республика Тыва;2016;5594.7
Республика Хакасия;2016;13986.4
Алтайский край;2016;143325.3
Красноярский край;2016;80982.7
Иркутская область;2016;58721.7
Кемеровская область;2016;48596.1
Новосибирская область ;2016;78482.8
Омская область;2016;88002.2
Томская область;2016;25985.3
Дальневосточный федеральный округ;2016;187830.5
Республика Бурятия;2016;15598.6
Республика Саха (Якутия);2016;21930
Забайкальский край;2016;21463.6
Камчатский край;2016;7378.3
Приморский край;2016;39389.8
Хабаровский край ;2016;16346.9
Амурская область;2016;47012.3
Магаданская область;2016;2259.3
Сахалинская область;2016;10388.1
Еврейская автономная область;2016;5485.9
Чукотский автономный округ;2016;577.7
Центральный федеральный округ;2017;1302579
Белгородская область;2017;227268.9
Брянская область;2017;84470
Владимирская область;2017;28911.4
Воронежская область;2017;193876.1
Ивановская область;2017;14887.4
Калужская область;2017;38538.4
Костромская область;2017;15645.2
Курская область;2017;130890.9
Липецкая область;2017;101595.7
Московская область;2017;87545.7
Орловская область;2017;60456.3
Рязанская область;2017;51871.5
Смоленская область;2017;22820.7
Тамбовская область;2017;111331.8
Тверская область;2017;34890.8
Тульская область;2017;57236.1
Ярославская область;2017;31824.7
г. Москва;2017;8517.4
Северо-Западный федеральный округ;2017;224474.7
Республика Карелия;2017;4153.4
Республика Коми;2017;9922.6
Архангельская область;2017;10825
в том числе: ;2017;0
Ненецкий автономный округ;2017;664.7
Архангельская область без автономного округа;2017;10159.8
Вологодская область;2017;26621.5
Калининградская область;2017;32396.2
Ленинградская область;2017;82678.5
Мурманская область;2017;1675
Новгородская область;2017;24725.4
Псковская область;2017;31477.7
г. Санкт-Петербург;2017;0
Южный             федеральный округ;2017;891718
Республика Адыгея;2017;21599
Республика Калмыкия;2017;27084.3
Республика Крым;2017;47289.6
Краснодарский край;2017;364025.8
Астраханская область;2017;41051
Волгоградская область;2017;133764.2
Ростовская область;2017;254430.9
г. Севастополь;2017;2474.3
Северо-Кавказский        федеральный округ;2017;436751.5
Республика Дагестан;2017;118960.3
Республика Ингушетия;2017;9031.3
Кабардино-Балкарская Республика;2017;45709.8
Карачаево-Черкесская Республика;2017;27580.3
Республика Северная Осетия - Алания;2017;22291.2
Чеченская Республика;2017;25996.9
Ставропольский край;2017;187181.7
Приволжский федеральный округ;2017;1194371.2
Республика Башкортостан;2017;157270.1
Республика Марий Эл;2017;38912.7
Республика Мордовия;2017;59702.5
Республика Татарстан;2017;235297.3
Удмуртская Республика;2017;65292.8
Чувашская Республика;2017;38615.4
Пермский край;2017;41560.3
Кировская область;2017;39271.8
Нижегородская область ;2017;69004
Оренбургская область;2017;113038.2
Пензенская область;2017;73919.4
Самарская область;2017;89051.7
Саратовская область;2017;134973.4
Ульяновская область;2017;38461.6
Уральский         федеральный округ;2017;320285.3
Курганская область;2017;38576.7
Свердловская область ;2017;79133.6
Тюменская область;2017;76715.6
в том числе:;2017;0
Ханты-Мансийский автономный округ - Югра;2017;9451.2
Ямало-Ненецкий автономный округ;2017;2687
Тюменская область  без автономных округов;2017;64578
Челябинская область;2017;125859.4
Сибирский        федеральный округ;2017;539652.4
Республика Алтай;2017;10932.7
Республика Тыва;2017;5714
Республика Хакасия;2017;14870.4
Алтайский край;2017;125999.3
Красноярский край;2017;71934.7
Иркутская область;2017;61900.4
Кемеровская область;2017;48027.9
Новосибирская область ;2017;81100.6
Омская область;2017;90419
Томская область;2017;28753.4
Дальневосточный федеральный округ;2017;199641.8
Республика Бурятия;2017;15012.5
Республика Саха (Якутия);2017;24972.3
Забайкальский край;2017;22511.5
Камчатский край;2017;7915.5
Приморский край;2017;42393.1
Хабаровский край ;2017;16701.7
Амурская область;2017;50419.9
Магаданская область;2017;2520.5
Сахалинская область;2017;10525.6
Еврейская автономная область;2017;5216.3
Чукотский автономный округ;2017;1452.9
Центральный федеральный округ;2018;1467970
Белгородская область;2018;257038
Брянская область;2018;85146
Владимирская область;2018;29651
Воронежская область;2018;219151
Ивановская область;2018;16085
Калужская область;2018;43851
Костромская область;2018;15929
Курская область;2018;146703
Липецкая область;2018;119304
Московская область;2018;108423
Орловская область;2018;72247
Рязанская область;2018;56895
Смоленская область;2018;24147
Тамбовская область;2018;127308
Тверская область;2018;38927
Тульская область;2018;65785
Ярославская область;2018;34072
г. Москва;2018;7308
Северо-Западный федеральный округ;2018;246116
Республика Карелия;2018;4498
Республика Коми;2018;10156
Архангельская область;2018;11017
в том числе: ;2018;0
Ненецкий автономный округ;2018;830
Архангельская область без автономного округа;2018;10187
Вологодская область;2018;29255
Калининградская область;2018;34739
Ленинградская область;2018;91717
Мурманская область;2018;1823
Новгородская область;2018;25982
Псковская область;2018;36929
г. Санкт-Петербург;2018;0
Южный             федеральный округ;2018;903937
Республика Адыгея;2018;21899
Республика Калмыкия;2018;26559
Республика Крым;2018;43841
Краснодарский край;2018;382468
Астраханская область;2018;43707
Волгоградская область;2018;128275
Ростовская область;2018;255129
г. Севастополь;2018;2061
Северо-Кавказский        федеральный округ;2018;461495
Республика Дагестан;2018;124371
Республика Ингушетия;2018;10392
Кабардино-Балкарская Республика;2018;49385
Карачаево-Черкесская Республика;2018;29513
Республика Северная Осетия - Алания;2018;24198
Чеченская Республика;2018;27778
Ставропольский край;2018;195858
Приволжский федеральный округ;2018;1191900
Республика Башкортостан;2018;157486
Республика Марий Эл;2018;43262
Республика Мордовия;2018;63662
Республика Татарстан;2018;226034
Удмуртская Республика;2018;64539
Чувашская Республика;2018;37468
Пермский край;2018;44193
Кировская область;2018;41253
Нижегородская область ;2018;67560
Оренбургская область;2018;107971
Пензенская область;2018;82455
Самарская область;2018;88976
Саратовская область;2018;129175
Ульяновская область;2018;37868
Уральский         федеральный округ;2018;321680
Курганская область;2018;39511
Свердловская область ;2018;84960
Тюменская область;2018;77793
в том числе:;2018;0
Ханты-Мансийский автономный округ - Югра;2018;10027
Ямало-Ненецкий автономный округ;2018;2761
Тюменская область  без автономных округов;2018;65005
Челябинская область;2018;119417
Сибирский        федеральный округ;2018;556883
Республика Алтай;2018;11700
Республика Тыва;2018;6141
Республика Хакасия;2018;13824
Алтайский край;2018;131825
Красноярский край;2018;77914
Иркутская область;2018;63549
Кемеровская область;2018;46912
Новосибирская область ;2018;80192
Омская область;2018;94097
Томская область;2018;30728
Дальневосточный федеральный округ;2018;198823
Республика Бурятия;2018;16214
Республика Саха (Якутия);2018;25781
Забайкальский край;2018;22904
Камчатский край;2018;8249
Приморский край;2018;39963
Хабаровский край ;2018;17099
Амурская область;2018;47637
Магаданская область;2018;2723
Сахалинская область;2018;11147
Еврейская автономная область;2018;5772
Чукотский автономный округ;2018;1334
Центральный федеральный округ;2019;1582777
Белгородская область;2019;265693
Брянская область;2019;91846
Владимирская область;2019;30620
Воронежская область;2019;221944
Ивановская область;2019;17244
Калужская область;2019;51216
Костромская область;2019;16764
Курская область;2019;158870
Липецкая область;2019;134786
Московская область;2019;118482
Орловская область;2019;82455
Рязанская область;2019;65647
Смоленская область;2019;26741
Тамбовская область;2019;136207
Тверская область;2019;40384
Тульская область;2019;80032
Ярославская область;2019;36535
г. Москва;2019;7311
Северо-Западный федеральный округ;2019;267739
Республика Карелия;2019;4463
Республика Коми;2019;10783
Архангельская область;2019;11406
в том числе: ;2019;0
Ненецкий автономный округ;2019;936
Архангельская область без автономного округа;2019;10471
Вологодская область;2019;33062
Калининградская область;2019;40752
Ленинградская область;2019;94466
Мурманская область;2019;1736
Новгородская область;2019;28627
Псковская область;2019;42443
г. Санкт-Петербург;2019;0
Южный             федеральный округ;2019;1013456
Республика Адыгея;2019;25290
Республика Калмыкия;2019;27871
Республика Крым;2019;55007
Краснодарский край;2019;417201
Астраханская область;2019;50410
Волгоградская область;2019;149118
Ростовская область;2019;285455
г. Севастополь;2019;3104
Северо-Кавказский        федеральный округ;2019;492610
Республика Дагестан;2019;133316
Республика Ингушетия;2019;10771
Кабардино-Балкарская Республика;2019;54934
Карачаево-Черкесская Республика;2019;32106
Республика Северная Осетия - Алания;2019;31964
Чеченская Республика;2019;32716
Ставропольский край;2019;196803
Приволжский федеральный округ;2019;1316907
Республика Башкортостан;2019;169683
Республика Марий Эл;2019;49083
Республика Мордовия;2019;71959
Республика Татарстан;2019;248781
Удмуртская Республика;2019;67705
Чувашская Республика;2019;42903
Пермский край;2019;43237
Кировская область;2019;43879
Нижегородская область ;2019;77523
Оренбургская область;2019;113016
Пензенская область;2019;100123
Самарская область;2019;100442
Саратовская область;2019;145143
Ульяновская область;2019;43433
Уральский         федеральный округ;2019;343824
Курганская область;2019;46269
Свердловская область ;2019;92018
Тюменская область;2019;83037
в том числе:;2019;0
Ханты-Мансийский автономный округ - Югра;2019;9417
Ямало-Ненецкий автономный округ;2019;2927
Тюменская область  без автономных округов;2019;70693
Челябинская область;2019;122501
Сибирский        федеральный округ;2019;591447
Республика Алтай;2019;10646
Республика Тыва;2019;6388
Республика Хакасия;2019;13626
Алтайский край;2019;144540
Красноярский край;2019;84865
Иркутская область;2019;62154
Кемеровская область;2019;47807
Новосибирская область ;2019;92988
Омская область;2019;98012
Томская область;2019;30422
Дальневосточный федеральный округ;2019;192651
Республика Бурятия;2019;16493
Республика Саха (Якутия);2019;26121
Забайкальский край;2019;22510
Камчатский край;2019;10129
Приморский край;2019;38140
Хабаровский край ;2019;14586
Амурская область;2019;44736
Магаданская область;2019;2787
Сахалинская область;2019;12157
Еврейская автономная область;2019;3344
Чукотский автономный округ;2019;1649
Центральный федеральный округ;2020;1810427
Белгородская область;2020;288879
Брянская область;2020;97286
Владимирская область;2020;32877
Воронежская область;2020;262330
Ивановская область;2020;19335
Калужская область;2020;54392
Костромская область;2020;18274
Курская область;2020;193342
Липецкая область;2020;163683
Московская область;2020;113662
Орловская область;2020;105739
Рязанская область;2020;86014
Смоленская область;2020;26773
Тамбовская область;2020;170809
Тверская область;2020;39481
Тульская область;2020;92927
Ярославская область;2020;39412
г. Москва;2020;5213
Северо-Западный федеральный округ;2020;284322
Республика Карелия;2020;5205
Республика Коми;2020;12134
Архангельская область;2020;10964
в том числе: ;2020;0
Ненецкий автономный округ;2020;776
Архангельская область без автономного округа;2020;10188
Вологодская область;2020;35976
Калининградская область;2020;46135
Ленинградская область;2020;97120
Мурманская область;2020;1702
Новгородская область;2020;25700
Псковская область;2020;49386
г. Санкт-Петербург;2020;0
Южный             федеральный округ;2020;1113253
Республика Адыгея;2020;31814
Республика Калмыкия;2020;27693
Республика Крым;2020;52444
Краснодарский край;2020;432963
Астраханская область;2020;55488
Волгоградская область;2020;179018
Ростовская область;2020;330795
г. Севастополь;2020;3039
Северо-Кавказский        федеральный округ;2020;513041
Республика Дагестан;2020;154909
Республика Ингушетия;2020;11633
Кабардино-Балкарская Республика;2020;59242
Карачаево-Черкесская Республика;2020;31698
Республика Северная Осетия - Алания;2020;32203
Чеченская Республика;2020;39886
Ставропольский край;2020;183472
Приволжский федеральный округ;2020;1518948
Республика Башкортостан;2020;191805
Республика Марий Эл;2020;44309
Республика Мордовия;2020;77613
Республика Татарстан;2020;264329
Удмуртская Республика;2020;71476
Чувашская Республика;2020;44837
Пермский край;2020;49881
Кировская область;2020;48928
Нижегородская область ;2020;84017
Оренбургская область;2020;141647
Пензенская область;2020;129080
Самарская область;2020;124380
Саратовская область;2020;189775
Ульяновская область;2020;56871
Уральский         федеральный округ;2020;339748
Курганская область;2020;45092
Свердловская область ;2020;93616
Тюменская область;2020;87514
в том числе:;2020;0
Ханты-Мансийский автономный округ - Югра;2020;10308
Ямало-Ненецкий автономный округ;2020;3083
Тюменская область  без автономных округов;2020;74124
Челябинская область;2020;113527
Сибирский        федеральный округ;2020;673000
Республика Алтай;2020;11930
Республика Тыва;2020;8071
Республика Хакасия;2020;14239
Алтайский край;2020;163230
Красноярский край;2020;105973
Иркутская область;2020;67043
Кемеровская область;2020;60589
Новосибирская область ;2020;106302
Омская область;2020;101067
Томская область;2020;34556
Дальневосточный федеральный округ;2020;216095
Республика Бурятия;2020;17054
Республика Саха (Якутия);2020;26512
Забайкальский край;2020;23168
Камчатский край;2020;10011
Приморский край;2020;44560
Хабаровский край ;2020;18175
Амурская область;2020;53896
Магаданская область;2020;2797
Сахалинская область;2020;13914
Еврейская автономная область;2020;4398
Чукотский автономный округ;2020;1610
Центральный федеральный округ;2021;2158407
Белгородская область;2021;343018
Брянская область;2021;118138
Владимирская область;2021;38036
Воронежская область;2021;319446
Ивановская область;2021;22497
Калужская область;2021;60059
Костромская область;2021;19810
Курская область;2021;217405
Липецкая область;2021;180340
Московская область;2021;156743
Орловская область;2021;131546
Рязанская область;2021;99722
Смоленская область;2021;28837
Тамбовская область;2021;213406
Тверская область;2021;46910
Тульская область;2021;108960
Ярославская область;2021;48508
г. Москва;2021;5025
Северо-Западный федеральный округ;2021;327739
Республика Карелия;2021;5622
Республика Коми;2021;13001
Архангельская область;2021;14059
в том числе: ;2021;0
Ненецкий автономный округ;2021;1276
Архангельская область без автономного округа;2021;12783
Вологодская область;2021;41824
Калининградская область;2021;56464
Ленинградская область;2021;110583
Мурманская область;2021;2118
Новгородская область;2021;28807
Псковская область;2021;55262
г. Санкт-Петербург;2021;0
Южный             федеральный округ;2021;1385482
Республика Адыгея;2021;34159
Республика Калмыкия;2021;27222
Республика Крым;2021;73053
Краснодарский край;2021;556249
Астраханская область;2021;63063
Волгоградская область;2021;220377
Ростовская область;2021;408233
г. Севастополь;2021;3125
Северо-Кавказский        федеральный округ;2021;670653
Республика Дагестан;2021;178506
Республика Ингушетия;2021;15547
Кабардино-Балкарская Республика;2021;67971
Карачаево-Черкесская Республика;2021;38583
Республика Северная Осетия - Алания;2021;37871
Чеченская Республика;2021;45008
Ставропольский край;2021;287167
Приволжский федеральный округ;2021;1658348
Республика Башкортостан;2021;193313
Республика Марий Эл;2021;49740
Республика Мордовия;2021;91700
Республика Татарстан;2021;248813
Удмуртская Республика;2021;78743
Чувашская Республика;2021;50209
Пермский край;2021;56195
Кировская область;2021;53918
Нижегородская область ;2021;99795
Оренбургская область;2021;144334
Пензенская область;2021;151136
Самарская область;2021;149381
Саратовская область;2021;231904
Ульяновская область;2021;59169
Уральский         федеральный округ;2021;375627
Курганская область;2021;50923
Свердловская область ;2021;101837
Тюменская область;2021;98696
в том числе:;2021;0
Ханты-Мансийский автономный округ - Югра;2021;8603
Ямало-Ненецкий автономный округ;2021;3777
Тюменская область  без автономных округов;2021;86316
Челябинская область;2021;124170
Сибирский        федеральный округ;2021;869867
Республика Алтай;2021;13129
Республика Тыва;2021;8504
Республика Хакасия;2021;14959
Алтайский край;2021;241625
Красноярский край;2021;122606
Иркутская область;2021;74737
Кемеровская область;2021;80285
Новосибирская область ;2021;148713
Омская область;2021;126168
Томская область;2021;39141
Дальневосточный федеральный округ;2021;264226
Республика Бурятия;2021;19366
Республика Саха (Якутия);2021;27918
Забайкальский край;2021;24917
Камчатский край;2021;11077
Приморский край;2021;62956
Хабаровский край ;2021;18762
Амурская область;2021;74554
Магаданская область;2021;2258
Сахалинская область;2021;15171
Еврейская автономная область;2021;5608
Чукотский автономный округ;2021;1640
