Субъект РФ;Год;Ввод в действие жилых домов (всего тыс. кв.м. общей площади жилых помещений)
Центральный федеральный округ;2000;10180.1
Белгородская область;2000;703.7
Брянская область;2000;225.3
Владимирская область;2000;280.6
Воронежская область;2000;568.7
Ивановская область;2000;105.5
Калужская область;2000;178.4
Костромская область;2000;157.1
Курская область;2000;175.7
Липецкая область;2000;321.2
Московская область;2000;2610.9
Орловская область;2000;245.1
Рязанская область;2000;255.3
Смоленская область;2000;169.6
Тамбовская область;2000;241.1
Тверская область;2000;217.7
Тульская область;2000;251.1
Ярославская область;2000;130.9
г. Москва;2000;3342.3
Северо-Западный федеральный округ;2000;2450.5
Республика Карелия;2000;62.5
Республика Коми;2000;262.7
Архангельская область;2000;77.8
в том числе: ;2000;0
Ненецкий автономный округ;2000;12.2
Архангельская область без автономного округа;2000;65.6
Вологодская область;2000;204.5
Калининградская область;2000;171.8
Ленинградская область;2000;391.5
Мурманская область;2000;27.9
Новгородская область;2000;89
Псковская область;2000;81.8
г. Санкт-Петербург;2000;1080.9
Южный             федеральный округ;2000;3337.4
Республика Адыгея;2000;67.8
Республика Калмыкия;2000;36.8
Республика Крым;2000;0
Краснодарский край;2000;1391.6
Астраханская область;2000;484.9
Волгоградская область;2000;400.5
Ростовская область;2000;955.8
г. Севастополь;2000;0
Северо-Кавказский        федеральный округ;2000;1493.1
Республика Дагестан;2000;433.1
Республика Ингушетия;2000;14.6
Кабардино-Балкарская Республика;2000;192.6
Карачаево-Черкесская Республика;2000;50.2
Республика Северная Осетия - Алания;2000;134.5
Чеченская Республика;2000;0
Ставропольский край;2000;668.1
Приволжский федеральный округ;2000;6934.1
Республика Башкортостан;2000;1254.9
Республика Марий Эл;2000;120.2
Республика Мордовия;2000;182.1
Республика Татарстан;2000;1502.6
Удмуртская Республика;2000;257
Чувашская Республика;2000;502.3
Пермский край;2000;330.2
Кировская область;2000;221
Нижегородская область ;2000;577
Оренбургская область;2000;385.2
Пензенская область;2000;223.4
Самарская область;2000;691.2
Саратовская область;2000;472.5
Ульяновская область;2000;214.2
Уральский         федеральный округ;2000;2264.8
Курганская область;2000;73.2
Свердловская область ;2000;616.7
Тюменская область;2000;905.8
в том числе:;2000;0
Ханты-Мансийский автономный округ - Югра;2000;355.2
Ямало-Ненецкий автономный округ;2000;96.8
Тюменская область  без автономных округов;2000;453.8
Челябинская область;2000;669.1
Сибирский        федеральный округ;2000;2532.5
Республика Алтай;2000;24.6
Республика Тыва;2000;31.2
Республика Хакасия;2000;131.4
Алтайский край;2000;415
Красноярский край;2000;443.4
Иркутская область;2000;185.8
Кемеровская область;2000;337.7
Новосибирская область ;2000;504.9
Омская область;2000;253.3
Томская область;2000;205.2
Дальневосточный федеральный округ;2000;1043
Республика Бурятия;2000;170.3
Республика Саха (Якутия);2000;247.2
Забайкальский край;2000;74.8
Камчатский край;2000;7.5
Приморский край;2000;191.4
Хабаровский край ;2000;148.8
Амурская область;2000;121.5
Магаданская область;2000;6.2
Сахалинская область;2000;66.4
Еврейская автономная область;2000;8
Чукотский автономный округ;2000;0.8
Центральный федеральный округ;2001;10611.2
Белгородская область;2001;595.4
Брянская область;2001;236.9
Владимирская область;2001;246
Воронежская область;2001;584.6
Ивановская область;2001;91.6
Калужская область;2001;194
Костромская область;2001;185
Курская область;2001;192.7
Липецкая область;2001;385.9
Московская область;2001;2827.8
Орловская область;2001;246.2
Рязанская область;2001;183.9
Смоленская область;2001;180.2
Тамбовская область;2001;220.7
Тверская область;2001;259.2
Тульская область;2001;128
Ярославская область;2001;162.6
г. Москва;2001;3690.6
Северо-Западный федеральный округ;2001;2436.1
Республика Карелия;2001;78.4
Республика Коми;2001;115.9
Архангельская область;2001;99.8
в том числе: ;2001;0
Ненецкий автономный округ;2001;11.9
Архангельская область без автономного округа;2001;88
Вологодская область;2001;239.4
Калининградская область;2001;175.7
Ленинградская область;2001;414.7
Мурманская область;2001;7.8
Новгородская область;2001;93.9
Псковская область;2001;92.4
г. Санкт-Петербург;2001;1118.2
Южный             федеральный округ;2001;3450.7
Республика Адыгея;2001;73.4
Республика Калмыкия;2001;77
Республика Крым;2001;0
Краснодарский край;2001;1440.2
Астраханская область;2001;496.4
Волгоградская область;2001;407.3
Ростовская область;2001;956.4
г. Севастополь;2001;0
Северо-Кавказский        федеральный округ;2001;1610.8
Республика Дагестан;2001;567.8
Республика Ингушетия;2001;25.3
Кабардино-Балкарская Республика;2001;205.6
Карачаево-Черкесская Республика;2001;75.3
Республика Северная Осетия - Алания;2001;163.9
Чеченская Республика;2001;0
Ставропольский край;2001;572.9
Приволжский федеральный округ;2001;7462.3
Республика Башкортостан;2001;1400.6
Республика Марий Эл;2001;131.4
Республика Мордовия;2001;183.5
Республика Татарстан;2001;1547.7
Удмуртская Республика;2001;276.7
Чувашская Республика;2001;507.8
Пермский край;2001;525.4
Кировская область;2001;218.8
Нижегородская область ;2001;532.6
Оренбургская область;2001;441.1
Пензенская область;2001;197
Самарская область;2001;748.6
Саратовская область;2001;509.2
Ульяновская область;2001;242.1
Уральский         федеральный округ;2001;2642.3
Курганская область;2001;85.6
Свердловская область ;2001;636.2
Тюменская область;2001;1263.2
в том числе:;2001;0
Ханты-Мансийский автономный округ - Югра;2001;689.3
Ямало-Ненецкий автономный округ;2001;117.8
Тюменская область  без автономных округов;2001;456.1
Челябинская область;2001;657.3
Сибирский        федеральный округ;2001;2293
Республика Алтай;2001;15.4
Республика Тыва;2001;34.2
Республика Хакасия;2001;66
Алтайский край;2001;439.4
Красноярский край;2001;376.1
Иркутская область;2001;183.3
Кемеровская область;2001;395.5
Новосибирская область ;2001;401.2
Омская область;2001;173.6
Томская область;2001;207.9
Дальневосточный федеральный округ;2001;1157
Республика Бурятия;2001;183.6
Республика Саха (Якутия);2001;355.6
Забайкальский край;2001;92.6
Камчатский край;2001;10.3
Приморский край;2001;220.8
Хабаровский край ;2001;129.6
Амурская область;2001;101.7
Магаданская область;2001;7
Сахалинская область;2001;38.4
Еврейская автономная область;2001;7.6
Чукотский автономный округ;2001;10
Центральный федеральный округ;2002;11929.5
Белгородская область;2002;663.1
Брянская область;2002;241.7
Владимирская область;2002;253.3
Воронежская область;2002;652.8
Ивановская область;2002;98.7
Калужская область;2002;198.2
Костромская область;2002;112.2
Курская область;2002;191.6
Липецкая область;2002;304
Московская область;2002;3414.8
Орловская область;2002;233.3
Рязанская область;2002;221.8
Смоленская область;2002;195.6
Тамбовская область;2002;248.2
Тверская область;2002;259
Тульская область;2002;192.3
Ярославская область;2002;174.7
г. Москва;2002;4274.1
Северо-Западный федеральный округ;2002;2610.4
Республика Карелия;2002;69.1
Республика Коми;2002;148.8
Архангельская область;2002;106.7
в том числе: ;2002;0
Ненецкий автономный округ;2002;4.8
Архангельская область без автономного округа;2002;102
Вологодская область;2002;238.5
Калининградская область;2002;198
Ленинградская область;2002;433.2
Мурманская область;2002;4.5
Новгородская область;2002;97.5
Псковская область;2002;100.4
г. Санкт-Петербург;2002;1213.7
Южный             федеральный округ;2002;3782
Республика Адыгея;2002;118.1
Республика Калмыкия;2002;64
Республика Крым;2002;0
Краснодарский край;2002;1645
Астраханская область;2002;520.9
Волгоградская область;2002;450.1
Ростовская область;2002;983.9
г. Севастополь;2002;0
Северо-Кавказский        федеральный округ;2002;1500.7
Республика Дагестан;2002;484.9
Республика Ингушетия;2002;14.4
Кабардино-Балкарская Республика;2002;209.8
Карачаево-Черкесская Республика;2002;66.4
Республика Северная Осетия - Алания;2002;134.1
Чеченская Республика;2002;0
Ставропольский край;2002;591.1
Приволжский федеральный округ;2002;7473.2
Республика Башкортостан;2002;1406.7
Республика Марий Эл;2002;140.3
Республика Мордовия;2002;144.5
Республика Татарстан;2002;1543.4
Удмуртская Республика;2002;353.5
Чувашская Республика;2002;515.2
Пермский край;2002;360.7
Кировская область;2002;190.2
Нижегородская область ;2002;484.6
Оренбургская область;2002;472.8
Пензенская область;2002;250.8
Самарская область;2002;859.1
Саратовская область;2002;571.2
Ульяновская область;2002;180.3
Уральский         федеральный округ;2002;2850.7
Курганская область;2002;101.1
Свердловская область ;2002;704.2
Тюменская область;2002;1339
в том числе:;2002;0
Ханты-Мансийский автономный округ - Югра;2002;683.4
Ямало-Ненецкий автономный округ;2002;180.6
Тюменская область  без автономных округов;2002;475
Челябинская область;2002;706.4
Сибирский        федеральный округ;2002;2573
Республика Алтай;2002;26.1
Республика Тыва;2002;27
Республика Хакасия;2002;100.7
Алтайский край;2002;371.9
Красноярский край;2002;491.8
Иркутская область;2002;230.8
Кемеровская область;2002;463.3
Новосибирская область ;2002;417.6
Омская область;2002;229.6
Томская область;2002;213.7
Дальневосточный федеральный округ;2002;1030
Республика Бурятия;2002;184.9
Республика Саха (Якутия);2002;249.6
Забайкальский край;2002;81.4
Камчатский край;2002;14.2
Приморский край;2002;175.4
Хабаровский край ;2002;136.2
Амурская область;2002;113.6
Магаданская область;2002;2.5
Сахалинская область;2002;42.6
Еврейская автономная область;2002;16.7
Чукотский автономный округ;2002;12.6
Центральный федеральный округ;2003;13297.3
Белгородская область;2003;671.2
Брянская область;2003;221.8
Владимирская область;2003;279.4
Воронежская область;2003;750.2
Ивановская область;2003;119.7
Калужская область;2003;216.7
Костромская область;2003;105
Курская область;2003;275.9
Липецкая область;2003;347.5
Московская область;2003;4114.8
Орловская область;2003;239.4
Рязанская область;2003;263.6
Смоленская область;2003;260
Тамбовская область;2003;258.7
Тверская область;2003;292.5
Тульская область;2003;223.2
Ярославская область;2003;214.8
г. Москва;2003;4443
Северо-Западный федеральный округ;2003;3254.8
Республика Карелия;2003;83.6
Республика Коми;2003;159.5
Архангельская область;2003;94.1
в том числе: ;2003;0
Ненецкий автономный округ;2003;9.5
Архангельская область без автономного округа;2003;85
Вологодская область;2003;247
Калининградская область;2003;232.3
Ленинградская область;2003;444.2
Мурманская область;2003;13.3
Новгородская область;2003;109.4
Псковская область;2003;113.6
г. Санкт-Петербург;2003;1757.9
Южный             федеральный округ;2003;3687
Республика Адыгея;2003;58.2
Республика Калмыкия;2003;50.2
Республика Крым;2003;0
Краснодарский край;2003;1580.1
Астраханская область;2003;582.1
Волгоградская область;2003;411.8
Ростовская область;2003;1004.6
г. Севастополь;2003;0
Северо-Кавказский        федеральный округ;2003;1591.9
Республика Дагестан;2003;520.2
Республика Ингушетия;2003;19.8
Кабардино-Балкарская Республика;2003;214.2
Карачаево-Черкесская Республика;2003;68.5
Республика Северная Осетия - Алания;2003;135.9
Чеченская Республика;2003;0
Ставропольский край;2003;633.3
Приволжский федеральный округ;2003;7603.9
Республика Башкортостан;2003;1467.7
Республика Марий Эл;2003;147.1
Республика Мордовия;2003;153.7
Республика Татарстан;2003;1561.7
Удмуртская Республика;2003;314.7
Чувашская Республика;2003;542.9
Пермский край;2003;415.5
Кировская область;2003;161.1
Нижегородская область ;2003;575.7
Оренбургская область;2003;521.7
Пензенская область;2003;235.1
Самарская область;2003;849.8
Саратовская область;2003;475
Ульяновская область;2003;182.2
Уральский         федеральный округ;2003;2810.8
Курганская область;2003;101.8
Свердловская область ;2003;778.7
Тюменская область;2003;1191.4
в том числе:;2003;0
Ханты-Мансийский автономный округ - Югра;2003;582.9
Ямало-Ненецкий автономный округ;2003;127.2
Тюменская область  без автономных округов;2003;481.3
Челябинская область;2003;738.9
Сибирский        федеральный округ;2003;2987
Республика Алтай;2003;23
Республика Тыва;2003;19.8
Республика Хакасия;2003;99.8
Алтайский край;2003;419.8
Красноярский край;2003;575.3
Иркутская область;2003;216.2
Кемеровская область;2003;512.4
Новосибирская область ;2003;566.3
Омская область;2003;318.2
Томская область;2003;235.9
Дальневосточный федеральный округ;2003;1100
Республика Бурятия;2003;184
Республика Саха (Якутия);2003;262.3
Забайкальский край;2003;101.8
Камчатский край;2003;12.5
Приморский край;2003;215.6
Хабаровский край ;2003;140
Амурская область;2003;104
Магаданская область;2003;7.1
Сахалинская область;2003;42.8
Еврейская автономная область;2003;10.5
Чукотский автономный округ;2003;19.5
Центральный федеральный округ;2004;15297.1
Белгородская область;2004;807.4
Брянская область;2004;229
Владимирская область;2004;324.3
Воронежская область;2004;702.5
Ивановская область;2004;90.1
Калужская область;2004;214.8
Костромская область;2004;81.7
Курская область;2004;285.6
Липецкая область;2004;421.2
Московская область;2004;5720.1
Орловская область;2004;241.6
Рязанская область;2004;270.6
Смоленская область;2004;263.6
Тамбовская область;2004;311.1
Тверская область;2004;321.4
Тульская область;2004;215.9
Ярославская область;2004;217.5
г. Москва;2004;4578.6
Северо-Западный федеральный округ;2004;3715.3
Республика Карелия;2004;94.9
Республика Коми;2004;140.5
Архангельская область;2004;105
в том числе: ;2004;0
Ненецкий автономный округ;2004;8.3
Архангельская область без автономного округа;2004;97
Вологодская область;2004;300.1
Калининградская область;2004;245
Ленинградская область;2004;510.8
Мурманская область;2004;6.5
Новгородская область;2004;148.2
Псковская область;2004;132.4
г. Санкт-Петербург;2004;2032
Южный             федеральный округ;2004;4159.3
Республика Адыгея;2004;39.6
Республика Калмыкия;2004;51.8
Республика Крым;2004;0
Краснодарский край;2004;1809.6
Астраханская область;2004;630.6
Волгоградская область;2004;508.5
Ростовская область;2004;1119.2
г. Севастополь;2004;0
Северо-Кавказский        федеральный округ;2004;1664.5
Республика Дагестан;2004;578
Республика Ингушетия;2004;17.8
Кабардино-Балкарская Республика;2004;221.4
Карачаево-Черкесская Республика;2004;63.2
Республика Северная Осетия - Алания;2004;136.2
Чеченская Республика;2004;0
Ставропольский край;2004;647.9
Приволжский федеральный округ;2004;8264.7
Республика Башкортостан;2004;1509.2
Республика Марий Эл;2004;161.8
Республика Мордовия;2004;155.9
Республика Татарстан;2004;1768.4
Удмуртская Республика;2004;360.9
Чувашская Республика;2004;625.2
Пермский край;2004;448.5
Кировская область;2004;230.4
Нижегородская область ;2004;684.3
Оренбургская область;2004;545.1
Пензенская область;2004;279.2
Самарская область;2004;854
Саратовская область;2004;484.5
Ульяновская область;2004;157.2
Уральский         федеральный округ;2004;3169.5
Курганская область;2004;97.4
Свердловская область ;2004;891
Тюменская область;2004;1373.8
в том числе:;2004;0
Ханты-Мансийский автономный округ - Югра;2004;703.8
Ямало-Ненецкий автономный округ;2004;151.1
Тюменская область  без автономных округов;2004;518.9
Челябинская область;2004;807.3
Сибирский        федеральный округ;2004;3551
Республика Алтай;2004;41.4
Республика Тыва;2004;17.4
Республика Хакасия;2004;103.8
Алтайский край;2004;354.1
Красноярский край;2004;662.8
Иркутская область;2004;266.8
Кемеровская область;2004;582
Новосибирская область ;2004;704.5
Омская область;2004;520.4
Томская область;2004;297.3
Дальневосточный федеральный округ;2004;1174
Республика Бурятия;2004;196.8
Республика Саха (Якутия);2004;239.8
Забайкальский край;2004;147.1
Камчатский край;2004;16.6
Приморский край;2004;215.2
Хабаровский край ;2004;180.8
Амурская область;2004;80.1
Магаданская область;2004;3.8
Сахалинская область;2004;58.7
Еврейская автономная область;2004;10.6
Чукотский автономный округ;2004;24.8
Центральный федеральный округ;2005;15257
Белгородская область;2005;831
Брянская область;2005;198
Владимирская область;2005;327
Воронежская область;2005;784
Ивановская область;2005;106
Калужская область;2005;263
Костромская область;2005;117
Курская область;2005;298
Липецкая область;2005;508
Московская область;2005;5297
Орловская область;2005;248
Рязанская область;2005;301
Смоленская область;2005;270
Тамбовская область;2005;350
Тверская область;2005;291
Тульская область;2005;199
Ярославская область;2005;224
г. Москва;2005;4649
Северо-Западный федеральный округ;2005;3981
Республика Карелия;2005;88
Республика Коми;2005;159
Архангельская область;2005;118
в том числе: ;2005;0
Ненецкий автономный округ;2005;33
Архангельская область без автономного округа;2005;85
Вологодская область;2005;293
Калининградская область;2005;266
Ленинградская область;2005;533
Мурманская область;2005;8
Новгородская область;2005;143
Псковская область;2005;100
г. Санкт-Петербург;2005;2273
Южный             федеральный округ;2005;4409
Республика Адыгея;2005;72
Республика Калмыкия;2005;49
Республика Крым;2005;0
Краснодарский край;2005;1940
Астраханская область;2005;648
Волгоградская область;2005;515
Ростовская область;2005;1186
г. Севастополь;2005;0
Северо-Кавказский        федеральный округ;2005;1804
Республика Дагестан;2005;628
Республика Ингушетия;2005;24
Кабардино-Балкарская Республика;2005;229
Карачаево-Черкесская Республика;2005;62
Республика Северная Осетия - Алания;2005;119
Чеченская Республика;2005;41
Ставропольский край;2005;701
Приволжский федеральный округ;2005;9142
Республика Башкортостан;2005;1608
Республика Марий Эл;2005;182
Республика Мордовия;2005;181
Республика Татарстан;2005;1642
Удмуртская Республика;2005;372
Чувашская Республика;2005;733
Пермский край;2005;638
Кировская область;2005;257
Нижегородская область ;2005;748
Оренбургская область;2005;581
Пензенская область;2005;316
Самарская область;2005;910
Саратовская область;2005;682
Ульяновская область;2005;293
Уральский         федеральный округ;2005;3569.1
Курганская область;2005;123.7
Свердловская область ;2005;1105
Тюменская область;2005;1321.8
в том числе:;2005;0
Ханты-Мансийский автономный округ - Югра;2005;582.2
Ямало-Ненецкий автономный округ;2005;182.6
Тюменская область  без автономных округов;2005;557
Челябинская область;2005;1018.6
Сибирский        федеральный округ;2005;4076
Республика Алтай;2005;34
Республика Тыва;2005;17
Республика Хакасия;2005;121
Алтайский край;2005;398
Красноярский край;2005;780
Иркутская область;2005;303
Кемеровская область;2005;641
Новосибирская область ;2005;704
Омская область;2005;756
Томская область;2005;321
Дальневосточный федеральный округ;2005;1266
Республика Бурятия;2005;201
Республика Саха (Якутия);2005;261
Забайкальский край;2005;131
Камчатский край;2005;13
Приморский край;2005;247
Хабаровский край ;2005;195
Амурская область;2005;125
Магаданская область;2005;9
Сахалинская область;2005;44
Еврейская автономная область;2005;16
Чукотский автономный округ;2005;24
Центральный федеральный округ;2006;17344.7
Белгородская область;2006;938.8
Брянская область;2006;246.3
Владимирская область;2006;341.3
Воронежская область;2006;854.3
Ивановская область;2006;179.4
Калужская область;2006;264.9
Костромская область;2006;109.3
Курская область;2006;326.7
Липецкая область;2006;620.7
Московская область;2006;6484
Орловская область;2006;252.6
Рязанская область;2006;376.6
Смоленская область;2006;297.2
Тамбовская область;2006;420.9
Тверская область;2006;354.3
Тульская область;2006;250.8
Ярославская область;2006;246.9
г. Москва;2006;4779.7
Северо-Западный федеральный округ;2006;4664.7
Республика Карелия;2006;109.6
Республика Коми;2006;176.9
Архангельская область;2006;193.2
в том числе: ;2006;0
Ненецкий автономный округ;2006;35
Архангельская область без автономного округа;2006;158
Вологодская область;2006;333.7
Калининградская область;2006;501.8
Ленинградская область;2006;671.4
Мурманская область;2006;13.7
Новгородская область;2006;163.1
Псковская область;2006;125.5
г. Санкт-Петербург;2006;2375.7
Южный             федеральный округ;2006;5504.6
Республика Адыгея;2006;42.1
Республика Калмыкия;2006;62.8
Республика Крым;2006;0
Краснодарский край;2006;2704.8
Астраханская область;2006;668.8
Волгоградская область;2006;638
Ростовская область;2006;1388.1
г. Севастополь;2006;0
Северо-Кавказский        федеральный округ;2006;2082.9
Республика Дагестан;2006;715.2
Республика Ингушетия;2006;23.9
Кабардино-Балкарская Республика;2006;229.3
Карачаево-Черкесская Республика;2006;80.6
Республика Северная Осетия - Алания;2006;157.9
Чеченская Республика;2006;80.3
Ставропольский край;2006;795.7
Приволжский федеральный округ;2006;10017.3
Республика Башкортостан;2006;1705.1
Республика Марий Эл;2006;229
Республика Мордовия;2006;213.2
Республика Татарстан;2006;1778.3
Удмуртская Республика;2006;423.9
Чувашская Республика;2006;854.5
Пермский край;2006;718.4
Кировская область;2006;308.5
Нижегородская область ;2006;826.5
Оренбургская область;2006;652.6
Пензенская область;2006;403.3
Самарская область;2006;754
Саратовская область;2006;810.1
Ульяновская область;2006;340
Уральский         федеральный округ;2006;4378.7
Курганская область;2006;148.7
Свердловская область ;2006;1284.2
Тюменская область;2006;1710.9
в том числе:;2006;0
Ханты-Мансийский автономный округ - Югра;2006;757.5
Ямало-Ненецкий автономный округ;2006;251.3
Тюменская область  без автономных округов;2006;702.1
Челябинская область;2006;1234.9
Сибирский        федеральный округ;2006;5037
Республика Алтай;2006;47.2
Республика Тыва;2006;24.1
Республика Хакасия;2006;138
Алтайский край;2006;440.6
Красноярский край;2006;898.5
Иркутская область;2006;331.1
Кемеровская область;2006;803.9
Новосибирская область ;2006;1073.2
Омская область;2006;906
Томская область;2006;374.5
Дальневосточный федеральный округ;2006;1487
Республика Бурятия;2006;217.4
Республика Саха (Якутия);2006;288.4
Забайкальский край;2006;179
Камчатский край;2006;31.5
Приморский край;2006;320
Хабаровский край ;2006;205.1
Амурская область;2006;138.6
Магаданская область;2006;13.8
Сахалинская область;2006;65.8
Еврейская автономная область;2006;21.1
Чукотский автономный округ;2006;6.6
Центральный федеральный округ;2007;19894
Белгородская область;2007;1064
Брянская область;2007;298.5
Владимирская область;2007;376
Воронежская область;2007;974.4
Ивановская область;2007;142
Калужская область;2007;458.2
Костромская область;2007;140.4
Курская область;2007;375.8
Липецкая область;2007;705
Московская область;2007;7805.2
Орловская область;2007;310
Рязанская область;2007;456.6
Смоленская область;2007;300.3
Тамбовская область;2007;501.7
Тверская область;2007;418.7
Тульская область;2007;322.2
Ярославская область;2007;420.3
г. Москва;2007;4824.6
Северо-Западный федеральный округ;2007;5659
Республика Карелия;2007;131.4
Республика Коми;2007;196.6
Архангельская область;2007;259.6
в том числе: ;2007;0
Ненецкий автономный округ;2007;36.7
Архангельская область без автономного округа;2007;223
Вологодская область;2007;488.7
Калининградская область;2007;753.3
Ленинградская область;2007;844
Мурманская область;2007;12.7
Новгородская область;2007;204.5
Псковская область;2007;131.3
г. Санкт-Петербург;2007;2636.9
Южный             федеральный округ;2007;7043.7
Республика Адыгея;2007;68.7
Республика Калмыкия;2007;77.7
Республика Крым;2007;0
Краснодарский край;2007;3704.1
Астраханская область;2007;725.3
Волгоградская область;2007;762.3
Ростовская область;2007;1705.6
г. Севастополь;2007;0
Северо-Кавказский        федеральный округ;2007;2527.6
Республика Дагестан;2007;800.1
Республика Ингушетия;2007;231
Кабардино-Балкарская Республика;2007;237
Карачаево-Черкесская Республика;2007;92.9
Республика Северная Осетия - Алания;2007;175.5
Чеченская Республика;2007;45.3
Ставропольский край;2007;945.8
Приволжский федеральный округ;2007;12288.6
Республика Башкортостан;2007;1856.8
Республика Марий Эл;2007;283.7
Республика Мордовия;2007;242.8
Республика Татарстан;2007;2040.7
Удмуртская Республика;2007;483
Чувашская Республика;2007;1004.5
Пермский край;2007;884.1
Кировская область;2007;375.8
Нижегородская область ;2007;1072
Оренбургская область;2007;752.4
Пензенская область;2007;554.3
Самарская область;2007;1287
Саратовская область;2007;1022.1
Ульяновская область;2007;429.4
Уральский         федеральный округ;2007;5592.6
Курганская область;2007;194.5
Свердловская область ;2007;1658.8
Тюменская область;2007;2066.2
в том числе:;2007;0
Ханты-Мансийский автономный округ - Югра;2007;872.2
Ямало-Ненецкий автономный округ;2007;253.5
Тюменская область  без автономных округов;2007;940
Челябинская область;2007;1673.1
Сибирский        федеральный округ;2007;6412
Республика Алтай;2007;51.8
Республика Тыва;2007;33.1
Республика Хакасия;2007;163.2
Алтайский край;2007;598.2
Красноярский край;2007;1159.1
Иркутская область;2007;575.1
Кемеровская область;2007;1010.4
Новосибирская область ;2007;1274.7
Омская область;2007;1103.8
Томская область;2007;442.8
Дальневосточный федеральный округ;2007;1803
Республика Бурятия;2007;270.6
Республика Саха (Якутия);2007;320.2
Забайкальский край;2007;232.7
Камчатский край;2007;21
Приморский край;2007;366.7
Хабаровский край ;2007;265.8
Амурская область;2007;169
Магаданская область;2007;14.8
Сахалинская область;2007;105.6
Еврейская автономная область;2007;30
Чукотский автономный округ;2007;6.6
Центральный федеральный округ;2008;19134.2
Белгородская область;2008;1112.2
Брянская область;2008;321.7
Владимирская область;2008;419.4
Воронежская область;2008;1120.5
Ивановская область;2008;170.8
Калужская область;2008;631.5
Костромская область;2008;149
Курская область;2008;447.1
Липецкая область;2008;721.9
Московская область;2008;7881.2
Орловская область;2008;326
Рязанская область;2008;502.9
Смоленская область;2008;344.9
Тамбовская область;2008;560.4
Тверская область;2008;347.3
Тульская область;2008;417.1
Ярославская область;2008;396.9
г. Москва;2008;3263.5
Северо-Западный федеральный округ;2008;6562.9
Республика Карелия;2008;147
Республика Коми;2008;184.3
Архангельская область;2008;346.8
в том числе: ;2008;0
Ненецкий автономный округ;2008;63.9
Архангельская область без автономного округа;2008;283
Вологодская область;2008;545.4
Калининградская область;2008;800.6
Ленинградская область;2008;908
Мурманская область;2008;9.4
Новгородская область;2008;258.5
Псковская область;2008;151.4
г. Санкт-Петербург;2008;3211.6
Южный             федеральный округ;2008;7288.7
Республика Адыгея;2008;80.8
Республика Калмыкия;2008;59.3
Республика Крым;2008;0
Краснодарский край;2008;3937.6
Астраханская область;2008;382.4
Волгоградская область;2008;820.2
Ростовская область;2008;2008.4
г. Севастополь;2008;0
Северо-Кавказский        федеральный округ;2008;2629.1
Республика Дагестан;2008;907.1
Республика Ингушетия;2008;62.2
Кабардино-Балкарская Республика;2008;247.3
Карачаево-Черкесская Республика;2008;95.5
Республика Северная Осетия - Алания;2008;196.9
Чеченская Республика;2008;55
Ставропольский край;2008;1065.1
Приволжский федеральный округ;2008;13563.9
Республика Башкортостан;2008;2351.8
Республика Марий Эл;2008;298.8
Республика Мордовия;2008;284.1
Республика Татарстан;2008;2222.5
Удмуртская Республика;2008;486.4
Чувашская Республика;2008;977.8
Пермский край;2008;832.8
Кировская область;2008;425.8
Нижегородская область ;2008;1353.9
Оренбургская область;2008;775.9
Пензенская область;2008;605.1
Самарская область;2008;1328.2
Саратовская область;2008;1112.5
Ульяновская область;2008;508.5
Уральский         федеральный округ;2008;6227.5
Курганская область;2008;281.1
Свердловская область ;2008;1702
Тюменская область;2008;2220.4
в том числе:;2008;0
Ханты-Мансийский автономный округ - Югра;2008;891.5
Ямало-Ненецкий автономный округ;2008;229.6
Тюменская область  без автономных округов;2008;1099.3
Челябинская область;2008;2024
Сибирский        федеральный округ;2008;6609
Республика Алтай;2008;58.4
Республика Тыва;2008;44.5
Республика Хакасия;2008;192.7
Алтайский край;2008;631.9
Красноярский край;2008;1101.6
Иркутская область;2008;584.9
Кемеровская область;2008;1063.1
Новосибирская область ;2008;1392.2
Омская область;2008;1015.7
Томская область;2008;524
Дальневосточный федеральный округ;2008;1989
Республика Бурятия;2008;307.2
Республика Саха (Якутия);2008;290.9
Забайкальский край;2008;258.6
Камчатский край;2008;63.4
Приморский край;2008;375.4
Хабаровский край ;2008;303.9
Амурская область;2008;184.9
Магаданская область;2008;15
Сахалинская область;2008;148.9
Еврейская автономная область;2008;39.4
Чукотский автономный округ;2008;1.6
Центральный федеральный округ;2009;18893.4
Белгородская область;2009;1097.3
Брянская область;2009;352.9
Владимирская область;2009;451
Воронежская область;2009;887.7
Ивановская область;2009;186.5
Калужская область;2009;456.7
Костромская область;2009;180.4
Курская область;2009;456.1
Липецкая область;2009;731.5
Московская область;2009;8452
Орловская область;2009;301.6
Рязанская область;2009;509.8
Смоленская область;2009;345.7
Тамбовская область;2009;559.2
Тверская область;2009;450.4
Тульская область;2009;394.8
Ярославская область;2009;376.4
г. Москва;2009;2703.5
Северо-Западный федеральный округ;2009;5720
Республика Карелия;2009;164.7
Республика Коми;2009;120.1
Архангельская область;2009;243.5
в том числе: ;2009;0
Ненецкий автономный округ;2009;42.6
Архангельская область без автономного округа;2009;201
Вологодская область;2009;489.9
Калининградская область;2009;607.8
Ленинградская область;2009;1030.7
Мурманская область;2009;22.1
Новгородская область;2009;246.2
Псковская область;2009;191.8
г. Санкт-Петербург;2009;2603.2
Южный             федеральный округ;2009;6614.4
Республика Адыгея;2009;125.7
Республика Калмыкия;2009;72.3
Республика Крым;2009;0
Краснодарский край;2009;3411.7
Астраханская область;2009;476.4
Волгоградская область;2009;723.1
Ростовская область;2009;1805.2
г. Севастополь;2009;0
Северо-Кавказский        федеральный округ;2009;2799.9
Республика Дагестан;2009;1065.9
Республика Ингушетия;2009;37.3
Кабардино-Балкарская Республика;2009;255.6
Карачаево-Черкесская Республика;2009;90.1
Республика Северная Осетия - Алания;2009;197.7
Чеченская Республика;2009;74.8
Ставропольский край;2009;1078.5
Приволжский федеральный округ;2009;12725.5
Республика Башкортостан;2009;2352.7
Республика Марий Эл;2009;299.9
Республика Мордовия;2009;276.6
Республика Татарстан;2009;2010.2
Удмуртская Республика;2009;464.8
Чувашская Республика;2009;852.2
Пермский край;2009;695.1
Кировская область;2009;335.9
Нижегородская область ;2009;1403.9
Оренбургская область;2009;740.1
Пензенская область;2009;610.2
Самарская область;2009;1023.4
Саратовская область;2009;1129.9
Ульяновская область;2009;530.6
Уральский         федеральный округ;2009;5316.3
Курганская область;2009;288.6
Свердловская область ;2009;1590.7
Тюменская область;2009;2006.1
в том числе:;2009;0
Ханты-Мансийский автономный округ - Югра;2009;827.2
Ямало-Ненецкий автономный округ;2009;135.4
Тюменская область  без автономных округов;2009;1043.5
Челябинская область;2009;1430.9
Сибирский        федеральный округ;2009;5731
Республика Алтай;2009;60.7
Республика Тыва;2009;50.3
Республика Хакасия;2009;184.8
Алтайский край;2009;654.3
Красноярский край;2009;860.6
Иркутская область;2009;602.2
Кемеровская область;2009;1063.2
Новосибирская область ;2009;1216
Омская область;2009;605.2
Томская область;2009;433.5
Дальневосточный федеральный округ;2009;2035
Республика Бурятия;2009;248.1
Республика Саха (Якутия);2009;293.4
Забайкальский край;2009;269.1
Камчатский край;2009;63.3
Приморский край;2009;399
Хабаровский край ;2009;379
Амурская область;2009;149.6
Магаданская область;2009;15.6
Сахалинская область;2009;164.7
Еврейская автономная область;2009;48.8
Чукотский автономный округ;2009;4
Центральный федеральный округ;2010;17461
Белгородская область;2010;1100
Брянская область;2010;391
Владимирская область;2010;481
Воронежская область;2010;1050
Ивановская область;2010;191
Калужская область;2010;501
Костромская область;2010;151
Курская область;2010;381
Липецкая область;2010;737
Московская область;2010;7939
Орловская область;2010;249
Рязанская область;2010;466
Смоленская область;2010;348
Тамбовская область;2010;569
Тверская область;2010;452
Тульская область;2010;395
Ярославская область;2010;292
г. Москва;2010;1768
Северо-Западный федеральный округ;2010;5555
Республика Карелия;2010;143
Республика Коми;2010;80
Архангельская область;2010;288
в том числе: ;2010;0
Ненецкий автономный округ;2010;42
Архангельская область без автономного округа;2010;246
Вологодская область;2010;410
Калининградская область;2010;525
Ленинградская область;2010;1044
Мурманская область;2010;28
Новгородская область;2010;233
Псковская область;2010;150
г. Санкт-Петербург;2010;2657
Южный             федеральный округ;2010;6803
Республика Адыгея;2010;135
Республика Калмыкия;2010;87
Республика Крым;2010;0
Краснодарский край;2010;3606
Астраханская область;2010;500
Волгоградская область;2010;667
Ростовская область;2010;1809
г. Севастополь;2010;0
Северо-Кавказский        федеральный округ;2010;3031
Республика Дагестан;2010;1124
Республика Ингушетия;2010;158
Кабардино-Балкарская Республика;2010;264
Карачаево-Черкесская Республика;2010;70
Республика Северная Осетия - Алания;2010;198
Чеченская Республика;2010;115
Ставропольский край;2010;1101
Приволжский федеральный округ;2010;12440
Республика Башкортостан;2010;2007
Республика Марий Эл;2010;304
Республика Мордовия;2010;289
Республика Татарстан;2010;2027
Удмуртская Республика;2010;482
Чувашская Республика;2010;875
Пермский край;2010;761
Кировская область;2010;378
Нижегородская область ;2010;1453
Оренбургская область;2010;587
Пензенская область;2010;625
Самарская область;2010;1041
Саратовская область;2010;1144
Ульяновская область;2010;467
Уральский         федеральный округ;2010;4819
Курганская область;2010;160
Свердловская область ;2010;1770
Тюменская область;2010;1816
в том числе:;2010;0
Ханты-Мансийский автономный округ - Югра;2010;564
Ямало-Ненецкий автономный округ;2010;140
Тюменская область  без автономных округов;2010;1112
Челябинская область;2010;1073
Сибирский        федеральный округ;2010;6061
Республика Алтай;2010;68
Республика Тыва;2010;50
Республика Хакасия;2010;141
Алтайский край;2010;660
Красноярский край;2010;988
Иркутская область;2010;628
Кемеровская область;2010;1003
Новосибирская область ;2010;1380
Омская область;2010;707
Томская область;2010;437
Дальневосточный федеральный округ;2010;2195
Республика Бурятия;2010;272
Республика Саха (Якутия);2010;303
Забайкальский край;2010;275
Камчатский край;2010;58
Приморский край;2010;535
Хабаровский край ;2010;315
Амурская область;2010;166
Магаданская область;2010;16
Сахалинская область;2010;202
Еврейская автономная область;2010;53
Чукотский автономный округ;2010;0.3
Центральный федеральный округ;2011;18064
Белгородская область;2011;1148.2
Брянская область;2011;421.4
Владимирская область;2011;437.6
Воронежская область;2011;996.2
Ивановская область;2011;216.6
Калужская область;2011;598.4
Костромская область;2011;156.4
Курская область;2011;394.4
Липецкая область;2011;761.7
Московская область;2011;8244.2
Орловская область;2011;333.5
Рязанская область;2011;478.1
Смоленская область;2011;370.7
Тамбовская область;2011;603.3
Тверская область;2011;421.9
Тульская область;2011;262.7
Ярославская область;2011;411.2
г. Москва;2011;1807.5
Северо-Западный федеральный округ;2011;5809.1
Республика Карелия;2011;177.8
Республика Коми;2011;115.6
Архангельская область;2011;283.2
в том числе: ;2011;0
Ненецкий автономный округ;2011;30.4
Архангельская область без автономного округа;2011;252.8
Вологодская область;2011;434.4
Калининградская область;2011;544.9
Ленинградская область;2011;1075.9
Мурманская область;2011;23.2
Новгородская область;2011;270.7
Псковская область;2011;177.7
г. Санкт-Петербург;2011;2705.7
Южный             федеральный округ;2011;6931.1
Республика Адыгея;2011;122.3
Республика Калмыкия;2011;103.9
Республика Крым;2011;0
Краснодарский край;2011;3691.7
Астраханская область;2011;504.3
Волгоградская область;2011;628.7
Ростовская область;2011;1880.3
г. Севастополь;2011;0
Северо-Кавказский        федеральный округ;2011;3192.5
Республика Дагестан;2011;1212.4
Республика Ингушетия;2011;81.8
Кабардино-Балкарская Республика;2011;273
Карачаево-Черкесская Республика;2011;82.4
Республика Северная Осетия - Алания;2011;200.1
Чеченская Республика;2011;76
Ставропольский край;2011;1267
Приволжский федеральный округ;2011;13602.2
Республика Башкортостан;2011;2109.3
Республика Марий Эл;2011;314.8
Республика Мордовия;2011;298.1
Республика Татарстан;2011;2396.1
Удмуртская Республика;2011;504.9
Чувашская Республика;2011;886.4
Пермский край;2011;748.8
Кировская область;2011;405.4
Нижегородская область ;2011;1469.7
Оренбургская область;2011;743.3
Пензенская область;2011;671.1
Самарская область;2011;1331
Саратовская область;2011;1169.6
Ульяновская область;2011;553.8
Уральский         федеральный округ;2011;5466.6
Курганская область;2011;182.6
Свердловская область ;2011;1822.2
Тюменская область;2011;2147.6
в том числе:;2011;0
Ханты-Мансийский автономный округ - Югра;2011;757.4
Ямало-Ненецкий автономный округ;2011;167.8
Тюменская область  без автономных округов;2011;1222.4
Челябинская область;2011;1314.3
Сибирский        федеральный округ;2011;6606
Республика Алтай;2011;76.6
Республика Тыва;2011;52.4
Республика Хакасия;2011;156.2
Алтайский край;2011;635.7
Красноярский край;2011;1047.1
Иркутская область;2011;755.2
Кемеровская область;2011;1082.6
Новосибирская область ;2011;1505.2
Омская область;2011;836.7
Томская область;2011;457.6
Дальневосточный федеральный округ;2011;2517
Республика Бурятия;2011;304.4
Республика Саха (Якутия);2011;318.9
Забайкальский край;2011;276.9
Камчатский край;2011;68.8
Приморский край;2011;591.8
Хабаровский край ;2011;402
Амурская область;2011;240.9
Магаданская область;2011;18.2
Сахалинская область;2011;239.4
Еврейская автономная область;2011;53
Чукотский автономный округ;2011;2.2
Центральный федеральный округ;2012;18179
Белгородская область;2012;1215
Брянская область;2012;453
Владимирская область;2012;508
Воронежская область;2012;1110
Ивановская область;2012;222
Калужская область;2012;613
Костромская область;2012;205
Курская область;2012;426
Липецкая область;2012;807
Московская область;2012;6620
Орловская область;2012;359
Рязанская область;2012;512
Смоленская область;2012;261
Тамбовская область;2012;636
Тверская область;2012;410
Тульская область;2012;310
Ярославская область;2012;461
г. Москва;2012;3050
Северо-Западный федеральный округ;2012;5835
Республика Карелия;2012;195
Республика Коми;2012;88
Архангельская область;2012;303
в том числе: ;2012;0
Ненецкий автономный округ;2012;34
Архангельская область без автономного округа;2012;269
Вологодская область;2012;389
Калининградская область;2012;582
Ленинградская область;2012;1149
Мурманская область;2012;24
Новгородская область;2012;313
Псковская область;2012;215
г. Санкт-Петербург;2012;2577
Южный             федеральный округ;2012;7934
Республика Адыгея;2012;98
Республика Калмыкия;2012;85
Республика Крым;2012;0
Краснодарский край;2012;4371
Астраханская область;2012;511
Волгоградская область;2012;885
Ростовская область;2012;1984
г. Севастополь;2012;0
Северо-Кавказский        федеральный округ;2012;3749
Республика Дагестан;2012;1436
Республика Ингушетия;2012;89
Кабардино-Балкарская Республика;2012;282
Карачаево-Черкесская Республика;2012;88
Республика Северная Осетия - Алания;2012;206
Чеченская Республика;2012;316
Ставропольский край;2012;1333
Приволжский федеральный округ;2012;14182
Республика Башкортостан;2012;2324
Республика Марий Эл;2012;351
Республика Мордовия;2012;266
Республика Татарстан;2012;2400
Удмуртская Республика;2012;516
Чувашская Республика;2012;819
Пермский край;2012;826
Кировская область;2012;409
Нижегородская область ;2012;1501
Оренбургская область;2012;704
Пензенская область;2012;739
Самарская область;2012;1484
Саратовская область;2012;1236
Ульяновская область;2012;607
Уральский         федеральный округ;2012;6361
Курганская область;2012;250
Свердловская область ;2012;1869
Тюменская область;2012;2565
в том числе:;2012;0
Ханты-Мансийский автономный округ - Югра;2012;1022
Ямало-Ненецкий автономный округ;2012;198
Тюменская область  без автономных округов;2012;1345
Челябинская область;2012;1677
Сибирский        федеральный округ;2012;6788
Республика Алтай;2012;81
Республика Тыва;2012;56
Республика Хакасия;2012;174
Алтайский край;2012;646
Красноярский край;2012;1077
Иркутская область;2012;871
Кемеровская область;2012;1086
Новосибирская область ;2012;1571
Омская область;2012;739
Томская область;2012;490
Дальневосточный федеральный округ;2012;2634
Республика Бурятия;2012;339
Республика Саха (Якутия);2012;356
Забайкальский край;2012;303
Камчатский край;2012;72
Приморский край;2012;611
Хабаровский край ;2012;344
Амурская область;2012;317
Магаданская область;2012;20
Сахалинская область;2012;215
Еврейская автономная область;2012;54
Чукотский автономный округ;2012;1
Центральный федеральный округ;2013;20255
Белгородская область;2013;1295
Брянская область;2013;527
Владимирская область;2013;519
Воронежская область;2013;1349
Ивановская область;2013;232
Калужская область;2013;657
Костромская область;2013;228
Курская область;2013;496
Липецкая область;2013;858
Московская область;2013;7407
Орловская область;2013;379
Рязанская область;2013;553
Смоленская область;2013;411
Тамбовская область;2013;704
Тверская область;2013;505
Тульская область;2013;503
Ярославская область;2013;487
г. Москва;2013;3146
Северо-Западный федеральный округ;2013;6380
Республика Карелия;2013;219
Республика Коми;2013;144
Архангельская область;2013;327
в том числе: ;2013;0
Ненецкий автономный округ;2013;35
Архангельская область без автономного округа;2013;292
Вологодская область;2013;576
Калининградская область;2013;639
Ленинградская область;2013;1360
Мурманская область;2013;25
Новгородская область;2013;323
Псковская область;2013;185
г. Санкт-Петербург;2013;2584
Южный             федеральный округ;2013;7706
Республика Адыгея;2013;107
Республика Калмыкия;2013;111
Республика Крым;2013;0
Краснодарский край;2013;3949
Астраханская область;2013;595
Волгоградская область;2013;810
Ростовская область;2013;2134
г. Севастополь;2013;0
Северо-Кавказский        федеральный округ;2013;4142
Республика Дагестан;2013;1536
Республика Ингушетия;2013;251
Кабардино-Балкарская Республика;2013;291
Карачаево-Черкесская Республика;2013;113
Республика Северная Осетия - Алания;2013;210
Чеченская Республика;2013;366
Ставропольский край;2013;1375
Приволжский федеральный округ;2013;15260
Республика Башкортостан;2013;2485
Республика Марий Эл;2013;370
Республика Мордовия;2013;305
Республика Татарстан;2013;2400
Удмуртская Республика;2013;533
Чувашская Республика;2013;837
Пермский край;2013;1004
Кировская область;2013;487
Нижегородская область ;2013;1530
Оренбургская область;2013;791
Пензенская область;2013;831
Самарская область;2013;1739
Саратовская область;2013;1314
Ульяновская область;2013;634
Уральский         федеральный округ;2013;6576
Курганская область;2013;280
Свердловская область ;2013;1755
Тюменская область;2013;2753
в том числе:;2013;0
Ханты-Мансийский автономный округ - Югра;2013;1044
Ямало-Ненецкий автономный округ;2013;246
Тюменская область  без автономных округов;2013;1463
Челябинская область;2013;1788
Сибирский        федеральный округ;2013;7315
Республика Алтай;2013;90
Республика Тыва;2013;79
Республика Хакасия;2013;203
Алтайский край;2013;665
Красноярский край;2013;1134
Иркутская область;2013;973
Кемеровская область;2013;1091
Новосибирская область ;2013;1723
Омская область;2013;827
Томская область;2013;531
Дальневосточный федеральный округ;2013;2849
Республика Бурятия;2013;380
Республика Саха (Якутия);2013;418
Забайкальский край;2013;295
Камчатский край;2013;83
Приморский край;2013;615
Хабаровский край ;2013;325
Амурская область;2013;364
Магаданская область;2013;15
Сахалинская область;2013;291
Еврейская автономная область;2013;63
Чукотский автономный округ;2013;0.4
Центральный федеральный округ;2014;24547
Белгородская область;2014;1469
Брянская область;2014;551
Владимирская область;2014;606
Воронежская область;2014;1573
Ивановская область;2014;253
Калужская область;2014;808
Костромская область;2014;328
Курская область;2014;561
Липецкая область;2014;1009
Московская область;2014;9945
Орловская область;2014;469
Рязанская область;2014;603
Смоленская область;2014;449
Тамбовская область;2014;771
Тверская область;2014;538
Тульская область;2014;580
Ярославская область;2014;694
г. Москва;2014;3342
Северо-Западный федеральный округ;2014;8370
Республика Карелия;2014;241
Республика Коми;2014;156
Архангельская область;2014;356
в том числе: ;2014;0
Ненецкий автономный округ;2014;35
Архангельская область без автономного округа;2014;321
Вологодская область;2014;774
Калининградская область;2014;1116
Ленинградская область;2014;1788
Мурманская область;2014;25
Новгородская область;2014;354
Псковская область;2014;298
г. Санкт-Петербург;2014;3262
Южный             федеральный округ;2014;10098
Республика Адыгея;2014;271
Республика Калмыкия;2014;125
Республика Крым;2014;634
Краснодарский край;2014;4759
Астраханская область;2014;624
Волгоградская область;2014;1115
Ростовская область;2014;2325
г. Севастополь;2014;245
Северо-Кавказский        федеральный округ;2014;5012
Республика Дагестан;2014;1648
Республика Ингушетия;2014;260
Кабардино-Балкарская Республика;2014;328
Карачаево-Черкесская Республика;2014;174
Республика Северная Осетия - Алания;2014;171
Чеченская Республика;2014;1140
Ставропольский край;2014;1292
Приволжский федеральный округ;2014;16856
Республика Башкортостан;2014;2652
Республика Марий Эл;2014;416
Республика Мордовия;2014;321
Республика Татарстан;2014;2405
Удмуртская Республика;2014;633
Чувашская Республика;2014;862
Пермский край;2014;1113
Кировская область;2014;685
Нижегородская область ;2014;1588
Оренбургская область;2014;1152
Пензенская область;2014;903
Самарская область;2014;1888
Саратовская область;2014;1521
Ульяновская область;2014;719
Уральский         федеральный округ;2014;7977
Курганская область;2014;389
Свердловская область ;2014;2424
Тюменская область;2014;3161
в том числе:;2014;0
Ханты-Мансийский автономный округ - Югра;2014;1116
Ямало-Ненецкий автономный округ;2014;271
Тюменская область  без автономных округов;2014;1775
Челябинская область;2014;2002
Сибирский        федеральный округ;2014;8113
Республика Алтай;2014;100
Республика Тыва;2014;93
Республика Хакасия;2014;262
Алтайский край;2014;755
Красноярский край;2014;1201
Иркутская область;2014;836
Кемеровская область;2014;1098
Новосибирская область ;2014;2302
Омская область;2014;848
Томская область;2014;619
Дальневосточный федеральный округ;2014;3206
Республика Бурятия;2014;409
Республика Саха (Якутия);2014;474
Забайкальский край;2014;353
Камчатский край;2014;88
Приморский край;2014;672
Хабаровский край ;2014;444
Амурская область;2014;344
Магаданская область;2014;13
Сахалинская область;2014;305
Еврейская автономная область;2014;104
Чукотский автономный округ;2014;2
Центральный федеральный округ;2015;25550
Белгородская область;2015;1555
Брянская область;2015;644
Владимирская область;2015;647
Воронежская область;2015;1627
Ивановская область;2015;260
Калужская область;2015;796
Костромская область;2015;322
Курская область;2015;567
Липецкая область;2015;1061
Московская область;2015;9623
Орловская область;2015;479
Рязанская область;2015;667
Смоленская область;2015;514
Тамбовская область;2015;826
Тверская область;2015;556
Тульская область;2015;771
Ярославская область;2015;717
г. Москва;2015;3920
Северо-Западный федеральный округ;2015;9042
Республика Карелия;2015;271
Республика Коми;2015;210
Архангельская область;2015;394
в том числе: ;2015;0
Ненецкий автономный округ;2015;36
Архангельская область без автономного округа;2015;358
Вологодская область;2015;864
Калининградская область;2015;1207
Ленинградская область;2015;2323
Мурманская область;2015;33
Новгородская область;2015;359
Псковская область;2015;351
г. Санкт-Петербург;2015;3031
Южный             федеральный округ;2015;9320
Республика Адыгея;2015;297
Республика Калмыкия;2015;126
Республика Крым;2015;253
Краснодарский край;2015;4644
Астраханская область;2015;575
Волгоградская область;2015;912
Ростовская область;2015;2409
г. Севастополь;2015;105
Северо-Кавказский        федеральный округ;2015;4997
Республика Дагестан;2015;1810
Республика Ингушетия;2015;262
Кабардино-Балкарская Республика;2015;375
Карачаево-Черкесская Республика;2015;184
Республика Северная Осетия - Алания;2015;174
Чеченская Республика;2015;943
Ставропольский край;2015;1248
Приволжский федеральный округ;2015;16889
Республика Башкортостан;2015;2691
Республика Марий Эл;2015;440
Республика Мордовия;2015;325
Республика Татарстан;2015;2406
Удмуртская Республика;2015;649
Чувашская Республика;2015;833
Пермский край;2015;1154
Кировская область;2015;727
Нижегородская область ;2015;1259
Оренбургская область;2015;1190
Пензенская область;2015;931
Самарская область;2015;2212
Саратовская область;2015;1140
Ульяновская область;2015;935
Уральский         федеральный округ;2015;7948
Курганская область;2015;293
Свердловская область ;2015;2478
Тюменская область;2015;3396
в том числе:;2015;0
Ханты-Мансийский автономный округ - Югра;2015;968
Ямало-Ненецкий автономный округ;2015;297
Тюменская область  без автономных округов;2015;2132
Челябинская область;2015;1782
Сибирский        федеральный округ;2015;8722
Республика Алтай;2015;114
Республика Тыва;2015;109
Республика Хакасия;2015;301
Алтайский край;2015;890
Красноярский край;2015;1311
Иркутская область;2015;923
Кемеровская область;2015;1002
Новосибирская область ;2015;2588
Омская область;2015;785
Томская область;2015;699
Дальневосточный федеральный округ;2015;2873
Республика Бурятия;2015;415
Республика Саха (Якутия);2015;546
Забайкальский край;2015;235
Камчатский край;2015;72
Приморский край;2015;499
Хабаровский край ;2015;450
Амурская область;2015;261
Магаданская область;2015;21
Сахалинская область;2015;312
Еврейская автономная область;2015;60
Чукотский автономный округ;2015;2
Центральный федеральный округ;2016;23982
Белгородская область;2016;1350
Брянская область;2016;665
Владимирская область;2016;656
Воронежская область;2016;1679
Ивановская область;2016;177
Калужская область;2016;737
Костромская область;2016;309
Курская область;2016;587
Липецкая область;2016;1078
Московская область;2016;8914
Орловская область;2016;360
Рязанская область;2016;708
Смоленская область;2016;630
Тамбовская область;2016;833
Тверская область;2016;496
Тульская область;2016;623
Ярославская область;2016;797
г. Москва;2016;3385
Северо-Западный федеральный округ;2016;8863
Республика Карелия;2016;293
Республика Коми;2016;240
Архангельская область;2016;366
в том числе: ;2016;0
Ненецкий автономный округ;2016;24
Архангельская область без автономного округа;2016;343
Вологодская область;2016;774
Калининградская область;2016;1209
Ленинградская область;2016;2172
Мурманская область;2016;59
Новгородская область;2016;362
Псковская область;2016;272
г. Санкт-Петербург;2016;3116
Южный             федеральный округ;2016;8962
Республика Адыгея;2016;235
Республика Калмыкия;2016;71
Республика Крым;2016;286
Краснодарский край;2016;4502
Астраханская область;2016;603
Волгоградская область;2016;754
Ростовская область;2016;2293
г. Севастополь;2016;219
Северо-Кавказский        федеральный округ;2016;5031
Республика Дагестан;2016;1862
Республика Ингушетия;2016;272
Кабардино-Балкарская Республика;2016;412
Карачаево-Черкесская Республика;2016;165
Республика Северная Осетия - Алания;2016;178
Чеченская Республика;2016;1042
Ставропольский край;2016;1101
Приволжский федеральный округ;2016;16162
Республика Башкортостан;2016;2698
Республика Марий Эл;2016;466
Республика Мордовия;2016;329
Республика Татарстан;2016;2407
Удмуртская Республика;2016;650
Чувашская Республика;2016;630
Пермский край;2016;1060
Кировская область;2016;662
Нижегородская область ;2016;1274
Оренбургская область;2016;966
Пензенская область;2016;886
Самарская область;2016;1875
Саратовская область;2016;1294
Ульяновская область;2016;967
Уральский         федеральный округ;2016;6380
Курганская область;2016;296
Свердловская область ;2016;2107
Тюменская область;2016;2662
в том числе:;2016;0
Ханты-Мансийский автономный округ - Югра;2016;747
Ямало-Ненецкий автономный округ;2016;228
Тюменская область  без автономных округов;2016;1688
Челябинская область;2016;1316
Сибирский        федеральный округ;2016;8021
Республика Алтай;2016;125
Республика Тыва;2016;108
Республика Хакасия;2016;192
Алтайский край;2016;754
Красноярский край;2016;1374
Иркутская область;2016;913
Кемеровская область;2016;1089
Новосибирская область ;2016;2216
Омская область;2016;772
Томская область;2016;478
Дальневосточный федеральный округ;2016;2820
Республика Бурятия;2016;336
Республика Саха (Якутия);2016;620
Забайкальский край;2016;292
Камчатский край;2016;75
Приморский край;2016;492
Хабаровский край ;2016;366
Амурская область;2016;221
Магаданская область;2016;5
Сахалинская область;2016;334
Еврейская автономная область;2016;76
Чукотский автономный округ;2016;3
Центральный федеральный округ;2017;24284.9
Белгородская область;2017;1300.5
Брянская область;2017;558.3
Владимирская область;2017;695.4
Воронежская область;2017;1687.3
Ивановская область;2017;339.8
Калужская область;2017;882.3
Костромская область;2017;310.2
Курская область;2017;590.5
Липецкая область;2017;1084.2
Московская область;2017;9077.7
Орловская область;2017;267.5
Рязанская область;2017;712.5
Смоленская область;2017;484.4
Тамбовская область;2017;839.4
Тверская область;2017;585.2
Тульская область;2017;696.8
Ярославская область;2017;753.8
г. Москва;2017;3419
Северо-Западный федеральный округ;2017;8979
Республика Карелия;2017;222.3
Республика Коми;2017;222.8
Архангельская область;2017;422.8
в том числе: ;2017;0
Ненецкий автономный округ;2017;27.9
Архангельская область без автономного округа;2017;394.9
Вологодская область;2017;542.3
Калининградская область;2017;902.4
Ленинградская область;2017;2625.8
Мурманская область;2017;71
Новгородская область;2017;231.6
Псковская область;2017;202.3
г. Санкт-Петербург;2017;3536.1
Южный             федеральный округ;2017;9622.1
Республика Адыгея;2017;244.3
Республика Калмыкия;2017;96.3
Республика Крым;2017;833.7
Краснодарский край;2017;4728.4
Астраханская область;2017;483.5
Волгоградская область;2017;727.6
Ростовская область;2017;2333.9
г. Севастополь;2017;174.3
Северо-Кавказский        федеральный округ;2017;5081.7
Республика Дагестан;2017;2000.1
Республика Ингушетия;2017;309.3
Кабардино-Балкарская Республика;2017;426.8
Карачаево-Черкесская Республика;2017;201.8
Республика Северная Осетия - Алания;2017;192.2
Чеченская Республика;2017;1069.3
Ставропольский край;2017;882.1
Приволжский федеральный округ;2017;15640.8
Республика Башкортостан;2017;2460.5
Республика Марий Эл;2017;470.3
Республика Мордовия;2017;330.1
Республика Татарстан;2017;2408.1
Удмуртская Республика;2017;658.6
Чувашская Республика;2017;605
Пермский край;2017;1101.1
Кировская область;2017;545.8
Нижегородская область ;2017;1308.1
Оренбургская область;2017;892
Пензенская область;2017;886.9
Самарская область;2017;1787.7
Саратовская область;2017;1210.1
Ульяновская область;2017;976.6
Уральский         федеральный округ;2017;6301.7
Курганская область;2017;271.8
Свердловская область ;2017;2144
Тюменская область;2017;2468.5
в том числе:;2017;0
Ханты-Мансийский автономный округ - Югра;2017;812.5
Ямало-Ненецкий автономный округ;2017;236.1
Тюменская область  без автономных округов;2017;1419.9
Челябинская область;2017;1417.3
Сибирский        федеральный округ;2017;6793
Республика Алтай;2017;130.9
Республика Тыва;2017;101
Республика Хакасия;2017;235.9
Алтайский край;2017;629.9
Красноярский край;2017;1056.5
Иркутская область;2017;973.8
Кемеровская область;2017;1000.3
Новосибирская область ;2017;1729.1
Омская область;2017;458.2
Томская область;2017;477.6
Дальневосточный федеральный округ;2017;2512
Республика Бурятия;2017;269.2
Республика Саха (Якутия);2017;633.8
Забайкальский край;2017;270.5
Камчатский край;2017;66.7
Приморский край;2017;412.1
Хабаровский край ;2017;269.7
Амурская область;2017;181.6
Магаданская область;2017;6.4
Сахалинская область;2017;347.7
Еврейская автономная область;2017;50.4
Чукотский автономный округ;2017;4.1
Центральный федеральный округ;2018;23434.5
Белгородская область;2018;1215.5
Брянская область;2018;403.1
Владимирская область;2018;652.8
Воронежская область;2018;1691.1
Ивановская область;2018;369.1
Калужская область;2018;787.2
Костромская область;2018;196.9
Курская область;2018;594.8
Липецкая область;2018;903
Московская область;2018;8866.6
Орловская область;2018;290.1
Рязанская область;2018;777.5
Смоленская область;2018;359.7
Тамбовская область;2018;858.9
Тверская область;2018;424.9
Тульская область;2018;734.8
Ярославская область;2018;767.5
г. Москва;2018;3541.2
Северо-Западный федеральный округ;2018;9472.7
Республика Карелия;2018;271
Республика Коми;2018;290.2
Архангельская область;2018;322.6
в том числе: ;2018;0
Ненецкий автономный округ;2018;18.5
Архангельская область без автономного округа;2018;304
Вологодская область;2018;535.5
Калининградская область;2018;916
Ленинградская область;2018;2640.6
Мурманская область;2018;46.3
Новгородская область;2018;264.4
Псковская область;2018;235.9
г. Санкт-Петербург;2018;3950.3
Южный             федеральный округ;2018;9067.3
Республика Адыгея;2018;187
Республика Калмыкия;2018;90.4
Республика Крым;2018;774.9
Краснодарский край;2018;4414.9
Астраханская область;2018;328.3
Волгоградская область;2018;610.2
Ростовская область;2018;2347.4
г. Севастополь;2018;314.3
Северо-Кавказский        федеральный округ;2018;3557.3
Республика Дагестан;2018;976
Республика Ингушетия;2018;235.7
Кабардино-Балкарская Республика;2018;435.7
Карачаево-Черкесская Республика;2018;174.8
Республика Северная Осетия - Алания;2018;209.9
Чеченская Республика;2018;600.3
Ставропольский край;2018;924.9
Приволжский федеральный округ;2018;15222.8
Республика Башкортостан;2018;2290
Республика Марий Эл;2018;336.7
Республика Мордовия;2018;333.6
Республика Татарстан;2018;2409.9
Удмуртская Республика;2018;717.1
Чувашская Республика;2018;597.5
Пермский край;2018;1081.2
Кировская область;2018;552.6
Нижегородская область ;2018;1351.1
Оренбургская область;2018;911.5
Пензенская область;2018;662.8
Самарская область;2018;1782.2
Саратовская область;2018;1215.6
Ульяновская область;2018;981.1
Уральский         федеральный округ;2018;5964.5
Курганская область;2018;231.5
Свердловская область ;2018;2088.2
Тюменская область;2018;2120.4
в том числе:;2018;0
Ханты-Мансийский автономный округ - Югра;2018;586
Ямало-Ненецкий автономный округ;2018;186
Тюменская область  без автономных округов;2018;1348.4
Челябинская область;2018;1524.4
Сибирский        федеральный округ;2018;6649
Республика Алтай;2018;108.3
Республика Тыва;2018;93.1
Республика Хакасия;2018;188.2
Алтайский край;2018;786.1
Красноярский край;2018;1148.5
Иркутская область;2018;987.5
Кемеровская область;2018;639.8
Новосибирская область ;2018;1738.4
Омская область;2018;522.3
Томская область;2018;436.9
Дальневосточный федеральный округ;2018;2269.6
Республика Бурятия;2018;247.8
Республика Саха (Якутия);2018;530.1
Забайкальский край;2018;186.5
Камчатский край;2018;35.5
Приморский край;2018;538.2
Хабаровский край ;2018;273.8
Амурская область;2018;158.9
Магаданская область;2018;4.3
Сахалинская область;2018;264.8
Еврейская автономная область;2018;27.8
Чукотский автономный округ;2018;1.8
Центральный федеральный округ;2019;25742
Белгородская область;2019;1260
Брянская область;2019;407
Владимирская область;2019;745
Воронежская область;2019;1879
Ивановская область;2019;331
Калужская область;2019;795
Костромская область;2019;212
Курская область;2019;554
Липецкая область;2019;1254
Московская область;2019;8614
Орловская область;2019;303
Рязанская область;2019;799
Смоленская область;2019;427
Тамбовская область;2019;920
Тверская область;2019;640
Тульская область;2019;651
Ярославская область;2019;778
г. Москва;2019;5176
Северо-Западный федеральный округ;2019;9439
Республика Карелия;2019;277
Республика Коми;2019;237
Архангельская область;2019;332
в том числе: ;2019;0
Ненецкий автономный округ;2019;10
Архангельская область без автономного округа;2019;322
Вологодская область;2019;585
Калининградская область;2019;973
Ленинградская область;2019;2930
Мурманская область;2019;45
Новгородская область;2019;287
Псковская область;2019;302
г. Санкт-Петербург;2019;3471
Южный             федеральный округ;2019;9920
Республика Адыгея;2019;257
Республика Калмыкия;2019;101
Республика Крым;2019;800
Краснодарский край;2019;4532
Астраханская область;2019;319
Волгоградская область;2019;731
Ростовская область;2019;2611
г. Севастополь;2019;569
Северо-Кавказский        федеральный округ;2019;4028
Республика Дагестан;2019;1019
Республика Ингушетия;2019;280
Кабардино-Балкарская Республика;2019;474
Карачаево-Черкесская Республика;2019;212
Республика Северная Осетия - Алания;2019;229
Чеченская Республика;2019;637
Ставропольский край;2019;1177
Приволжский федеральный округ;2019;16190
Республика Башкортостан;2019;2372
Республика Марий Эл;2019;398
Республика Мордовия;2019;348
Республика Татарстан;2019;2676
Удмуртская Республика;2019;760
Чувашская Республика;2019;656
Пермский край;2019;1173
Кировская область;2019;504
Нижегородская область ;2019;1410
Оренбургская область;2019;994
Пензенская область;2019;837
Самарская область;2019;1841
Саратовская область;2019;1202
Ульяновская область;2019;1019
Уральский         федеральный округ;2019;6735
Курганская область;2019;251
Свердловская область ;2019;2415
Тюменская область;2019;2563
в том числе:;2019;0
Ханты-Мансийский автономный округ - Югра;2019;802
Ямало-Ненецкий автономный округ;2019;146
Тюменская область  без автономных округов;2019;1615
Челябинская область;2019;1507
Сибирский        федеральный округ;2019;7438
Республика Алтай;2019;99
Республика Тыва;2019;112
Республика Хакасия;2019;248
Алтайский край;2019;758
Красноярский край;2019;1696
Иркутская область;2019;1024
Кемеровская область;2019;766
Новосибирская область ;2019;1759
Омская область;2019;538
Томская область;2019;439
Дальневосточный федеральный округ;2019;2514
Республика Бурятия;2019;268
Республика Саха (Якутия);2019;562
Забайкальский край;2019;217
Камчатский край;2019;45
Приморский край;2019;559
Хабаровский край ;2019;295
Амурская область;2019;205
Магаданская область;2019;7
Сахалинская область;2019;332
Еврейская автономная область;2019;23
Чукотский автономный округ;2019;1
Центральный федеральный округ;2020;25533
Белгородская область;2020;1149
Брянская область;2020;427
Владимирская область;2020;726
Воронежская область;2020;1726
Ивановская область;2020;333
Калужская область;2020;819
Костромская область;2020;259
Курская область;2020;523
Липецкая область;2020;1232
Московская область;2020;9040
Орловская область;2020;440
Рязанская область;2020;647
Смоленская область;2020;444
Тамбовская область;2020;703
Тверская область;2020;660
Тульская область;2020;680
Ярославская область;2020;746
г. Москва;2020;4979
Северо-Западный федеральный округ;2020;9163
Республика Карелия;2020;294
Республика Коми;2020;204
Архангельская область;2020;374
в том числе: ;2020;0
Ненецкий автономный округ;2020;22
Архангельская область без автономного округа;2020;352
Вологодская область;2020;500
Калининградская область;2020;1164
Ленинградская область;2020;2666
Мурманская область;2020;36
Новгородская область;2020;283
Псковская область;2020;273
г. Санкт-Петербург;2020;3370
Южный             федеральный округ;2020;10701
Республика Адыгея;2020;258
Республика Калмыкия;2020;88
Республика Крым;2020;809
Краснодарский край;2020;5124
Астраханская область;2020;365
Волгоградская область;2020;771
Ростовская область;2020;2644
г. Севастополь;2020;642
Северо-Кавказский        федеральный округ;2020;3996
Республика Дагестан;2020;970
Республика Ингушетия;2020;180
Кабардино-Балкарская Республика;2020;500
Карачаево-Черкесская Республика;2020;128
Республика Северная Осетия - Алания;2020;239
Чеченская Республика;2020;756
Ставропольский край;2020;1222
Приволжский федеральный округ;2020;15775
Республика Башкортостан;2020;2455
Республика Марий Эл;2020;370
Республика Мордовия;2020;325
Республика Татарстан;2020;2680
Удмуртская Республика;2020;803
Чувашская Республика;2020;578
Пермский край;2020;1215
Кировская область;2020;460
Нижегородская область ;2020;1477
Оренбургская область;2020;967
Пензенская область;2020;852
Самарская область;2020;1401
Саратовская область;2020;1159
Ульяновская область;2020;1034
Уральский         федеральный округ;2020;6954
Курганская область;2020;267
Свердловская область ;2020;2372
Тюменская область;2020;2742
в том числе:;2020;0
Ханты-Мансийский автономный округ - Югра;2020;993
Ямало-Ненецкий автономный округ;2020;167
Тюменская область  без автономных округов;2020;1581
Челябинская область;2020;1572
Сибирский        федеральный округ;2020;7488
Республика Алтай;2020;89
Республика Тыва;2020;111
Республика Хакасия;2020;288
Алтайский край;2020;826
Красноярский край;2020;1307
Иркутская область;2020;1106
Кемеровская область;2020;825
Новосибирская область ;2020;1944
Омская область;2020;541
Томская область;2020;452
Дальневосточный федеральный округ;2020;2555
Республика Бурятия;2020;276
Республика Саха (Якутия);2020;530
Забайкальский край;2020;180
Камчатский край;2020;68
Приморский край;2020;650
Хабаровский край ;2020;229
Амурская область;2020;156
Магаданская область;2020;9
Сахалинская область;2020;440
Еврейская автономная область;2020;14
Чукотский автономный округ;2020;2
Центральный федеральный округ;2021;29198
Белгородская область;2021;1165
Брянская область;2021;451
Владимирская область;2021;829
Воронежская область;2021;1864
Ивановская область;2021;363
Калужская область;2021;862
Костромская область;2021;335
Курская область;2021;566
Липецкая область;2021;1235
Московская область;2021;9215
Орловская область;2021;308
Рязанская область;2021;757
Смоленская область;2021;483
Тамбовская область;2021;766
Тверская область;2021;597
Тульская область;2021;836
Ярославская область;2021;760
г. Москва;2021;7807
Северо-Западный федеральный округ;2021;10377
Республика Карелия;2021;325
Республика Коми;2021;179
Архангельская область;2021;440
в том числе: ;2021;0
Ненецкий автономный округ;2021;18
Архангельская область без автономного округа;2021;423
Вологодская область;2021;639
Калининградская область;2021;1271
Ленинградская область;2021;3386
Мурманская область;2021;51
Новгородская область;2021;307
Псковская область;2021;314
г. Санкт-Петербург;2021;3464
Южный             федеральный округ;2021;11999
Республика Адыгея;2021;307
Республика Калмыкия;2021;122
Республика Крым;2021;743
Краснодарский край;2021;6283
Астраханская область;2021;543
Волгоградская область;2021;797
Ростовская область;2021;2686
г. Севастополь;2021;518
Северо-Кавказский        федеральный округ;2021;4719
Республика Дагестан;2021;1031
Республика Ингушетия;2021;112
Кабардино-Балкарская Республика;2021;514
Карачаево-Черкесская Республика;2021;235
Республика Северная Осетия - Алания;2021;322
Чеченская Республика;2021;1025
Ставропольский край;2021;1479
Приволжский федеральный округ;2021;17404
Республика Башкортостан;2021;2906
Республика Марий Эл;2021;372
Республика Мордовия;2021;341
Республика Татарстан;2021;3011
Удмуртская Республика;2021;841
Чувашская Республика;2021;717
Пермский край;2021;1317
Кировская область;2021;509
Нижегородская область ;2021;1591
Оренбургская область;2021;1102
Пензенская область;2021;856
Самарская область;2021;1803
Саратовская область;2021;1181
Ульяновская область;2021;858
Уральский         федеральный округ;2021;7673
Курганская область;2021;281
Свердловская область ;2021;2888
Тюменская область;2021;2777
в том числе:;2021;0
Ханты-Мансийский автономный округ - Югра;2021;898
Ямало-Ненецкий автономный округ;2021;173
Тюменская область  без автономных округов;2021;1706
Челябинская область;2021;1727
Сибирский        федеральный округ;2021;8075
Республика Алтай;2021;151
Республика Тыва;2021;109
Республика Хакасия;2021;317
Алтайский край;2021;989
Красноярский край;2021;1346
Иркутская область;2021;1204
Кемеровская область;2021;840
Новосибирская область ;2021;2005
Омская область;2021;639
Томская область;2021;477
Дальневосточный федеральный округ;2021;3115
Республика Бурятия;2021;279
Республика Саха (Якутия);2021;578
Забайкальский край;2021;204
Камчатский край;2021;60
Приморский край;2021;885
Хабаровский край ;2021;334
Амурская область;2021;226
Магаданская область;2021;11
Сахалинская область;2021;503
Еврейская автономная область;2021;30
Чукотский автономный округ;2021;3
