Субъект РФ;Год;Оборот розничной торговли (млн. руб.);Объем платных услуг населению (млн. руб.)
Центральный федеральный округ;2000;995587.3471;251462.1499
Белгородская область;2000;17781.095;3162.1023
Брянская область;2000;11703.075;3536.4984
Владимирская область;2000;11660.1123;3095.3137
Воронежская область;2000;28482.6892;4936.1326
Ивановская область;2000;7935.656;2682.0212
Калужская область;2000;9292.642;2320.8098
Костромская область;2000;6921.2122;1262.5622
Курская область;2000;13086.509;2074.8653
Липецкая область;2000;16404.324;2736.1178
Московская область;2000;96770.4664;25454.439
Орловская область;2000;9536.4805;1664.6386
Рязанская область;2000;11192.826;2171.9589
Смоленская область;2000;14887.509;2495.2332
Тамбовская область;2000;13795.0936;2614.5465
Тверская область;2000;14533.4097;2822.2033
Тульская область;2000;15022.1492;3802.2379
Ярославская область;2000;14143.437;3906.204
г. Москва;2000;682438.661;180724.2652
Северо-Западный федеральный округ;2000;212612.407;58468.2733
Республика Карелия;2000;10077.142;2237.1056
Республика Коми;2000;19265.082;3632.0347
Архангельская область;2000;16342.338;3870.9138
в том числе: ;2000;0;0
Ненецкий автономный округ;2000;535.939;84.4292
Архангельская область без автономного округа;2000;0;0
Вологодская область;2000;13811.24;3796.8128
Калининградская область;2000;13006.563;3002.0867
Ленинградская область;2000;15854.204;3169.5418
Мурманская область;2000;20489.454;4304.3079
Новгородская область;2000;9257.112;2016.6152
Псковская область;2000;8016.737;1535.742
г. Санкт-Петербург;2000;86492.535;30903.1128
Южный             федеральный округ;2000;169508.8034;42907.9242
Республика Адыгея;2000;4353.0293;768.078
Республика Калмыкия;2000;1490.883;361.1573
Республика Крым;2000;0;0
Краснодарский край;2000;62145.229;19157.8992
Астраханская область;2000;10993.256;2955.3203
Волгоградская область;2000;29937.8061;7242.5277
Ростовская область;2000;60588.6;12422.9417
г. Севастополь;2000;0;0
Северо-Кавказский        федеральный округ;2000;61699.1421;18259.1429
Республика Дагестан;2000;13850.336;2320.5644
Республика Ингушетия;2000;1165.514;271.7593
Кабардино-Балкарская Республика;2000;6400.14;1794.4715
Карачаево-Черкесская Республика;2000;3372.3071;718.8446
Республика Северная Осетия - Алания;2000;6492.76;2809.108
Чеченская Республика;2000;0;0
Ставропольский край;2000;30418.085;10344.3951
Приволжский федеральный округ;2000;387423.7;84833.6944
Республика Башкортостан;2000;49399.898;12087.4953
Республика Марий Эл;2000;5174.684;1205.1773
Республика Мордовия;2000;6636.612;1708.7768
Республика Татарстан;2000;44814.825;9486.929
Удмуртская Республика;2000;15137.7769;3811.0248
Чувашская Республика;2000;9916.674;3157.5491
Пермский край;2000;40459.663;10210.8457
Кировская область;2000;13822.7;3778.9743
Нижегородская область ;2000;43162.591;9434.5857
Оренбургская область;2000;17099;5039.2705
Пензенская область;2000;13763.563;2941.0035
Самарская область;2000;84411.479;12309.7696
Саратовская область;2000;29408.3;6254.8717
Ульяновская область;2000;14215.869;3407.4211
Уральский         федеральный округ;2000;170163.027;45952.7959
Курганская область;2000;8490.451;2045.571
Свердловская область ;2000;58666;16909.318
Тюменская область;2000;63358.576;15996.3314
в том числе:;2000;0;0
Ханты-Мансийский автономный округ - Югра;2000;29464.168;8363.3868
Ямало-Ненецкий автономный округ;2000;12998.563;2861.1457
Тюменская область  без автономных округов;2000;0;0
Челябинская область;2000;39648;11001.5755
Сибирский        федеральный округ;2000;257686.9565;60879.5049
Республика Алтай;2000;1303.1467;160.9471
Республика Тыва;2000;1787.342;318.4709
Республика Хакасия;2000;5732.9735;2139.1781
Алтайский край;2000;24402.414;5391.9122
Красноярский край;2000;48608.6;12307.3856
Иркутская область;2000;41524.618;7768.7129
Кемеровская область;2000;38370.6691;8243.7187
Новосибирская область ;2000;39643.523;14934.1542
Омская область;2000;22281.1424;5715.5362
Томская область;2000;13081;3899.489
Дальневосточный федеральный округ;2000;97588.011;39992
Республика Бурятия;2000;10968.5548;1724.0212
Республика Саха (Якутия);2000;20189.074;5984.8177
Забайкальский край;2000;9983.573;1904.0226
Камчатский край;2000;7128.318;2755.3275
Приморский край;2000;25181.743;9893.9937
Хабаровский край ;2000;20129.72;10771.7579
Амурская область;2000;11433.39;2180.9402
Магаданская область;2000;2931.597;1375.0528
Сахалинская область;2000;7989.9982;2735.7858
Еврейская автономная область;2000;1786.284;391.7553
Чукотский автономный округ;2000;817.8868;274.4775
Центральный федеральный округ;2001;1282054.347;326917.2549
Белгородская область;2001;20859.981;4726.1591
Брянская область;2001;15327.71;5026.158
Владимирская область;2001;14561.058;4195.6418
Воронежская область;2001;38018.5702;7448.3897
Ивановская область;2001;9638.363;3264.8684
Калужская область;2001;13057.849;3266.3778
Костромская область;2001;8375.6807;1728.4491
Курская область;2001;15995.682;3059.0752
Липецкая область;2001;19384.497;3777.8059
Московская область;2001;122301.6004;36787.4235
Орловская область;2001;12091.5278;2435.2331
Рязанская область;2001;14750.572;3330.4452
Смоленская область;2001;19360.774;3094.2137
Тамбовская область;2001;17011.0759;3843.8891
Тверская область;2001;18047.1945;4061.6422
Тульская область;2001;19218.7524;5043.4365
Ярославская область;2001;17663.675;5653.9848
г. Москва;2001;886389.784;226174.0618
Северо-Западный федеральный округ;2001;283979.75;81429.6355
Республика Карелия;2001;13059.923;2936.5166
Республика Коми;2001;30540.732;5725.8586
Архангельская область;2001;24232.648;5320.7115
в том числе: ;2001;0;0
Ненецкий автономный округ;2001;875.409;116.1805
Архангельская область без автономного округа;2001;0;0
Вологодская область;2001;18244.54;5212.381
Калининградская область;2001;16746.342;4207.9438
Ленинградская область;2001;21578.086;4638.1004
Мурманская область;2001;25000.26;6269.4924
Новгородская область;2001;11447.9;2582.1682
Псковская область;2001;10799.356;2205.3751
г. Санкт-Петербург;2001;112329.963;42331.0879
Южный             федеральный округ;2001;224302.2519;59961.65
Республика Адыгея;2001;5172;978.8995
Республика Калмыкия;2001;2069.1855;412.7316
Республика Крым;2001;0;0
Краснодарский край;2001;82885.653;26895.824
Астраханская область;2001;14370.56;3917.5693
Волгоградская область;2001;39185.45;10809.4543
Ростовская область;2001;80619.4034;16947.1713
г. Севастополь;2001;0;0
Северо-Кавказский        федеральный округ;2001;80493.2908;24950.1613
Республика Дагестан;2001;17634.182;3537.7793
Республика Ингушетия;2001;2439.5191;409.1618
Кабардино-Балкарская Республика;2001;8877.696;2587.623
Карачаево-Черкесская Республика;2001;4061.4427;924.6146
Республика Северная Осетия - Алания;2001;8019.28;3385.3236
Чеченская Республика;2001;0;0
Ставропольский край;2001;39461.171;14011.329
Приволжский федеральный округ;2001;502357.5094;118470.9306
Республика Башкортостан;2001;65662.808;18276.3464
Республика Марий Эл;2001;6269.388;1761.6785
Республика Мордовия;2001;8088.402;2149.8898
Республика Татарстан;2001;61218.44;13072.0854
Удмуртская Республика;2001;18967.9998;5456.2058
Чувашская Республика;2001;13337.927;4343.3407
Пермский край;2001;54224.863;13965.7329
Кировская область;2001;16800.233;5278.2306
Нижегородская область ;2001;57512.706;12221.1515
Оренбургская область;2001;21841.6;7051.6756
Пензенская область;2001;17090.0746;4440.5649
Самарская область;2001;107058.97;16689.4822
Саратовская область;2001;36729.021;8560.7461
Ульяновская область;2001;17555.077;5203.8002
Уральский         федеральный округ;2001;231655.1894;65895.0251
Курганская область;2001;11329.375;2626.9946
Свердловская область ;2001;80787.331;25856.3135
Тюменская область;2001;86579.718;23000.5065
в том числе:;2001;0;0
Ханты-Мансийский автономный округ - Югра;2001;41555.258;11988.6716
Ямало-Ненецкий автономный округ;2001;17386.755;4069.0176
Тюменская область  без автономных округов;2001;0;0
Челябинская область;2001;52958.7654;14411.2105
Сибирский        федеральный округ;2001;339770.5254;79174.8526
Республика Алтай;2001;1779.4401;273.831
Республика Тыва;2001;2306.387;480.1509
Республика Хакасия;2001;6950.8815;2842.9761
Алтайский край;2001;32310.853;7121.0449
Красноярский край;2001;63365.312;15626.8277
Иркутская область;2001;50246.802;10811.4853
Кемеровская область;2001;54818.283;11270.1635
Новосибирская область ;2001;52248.18;16585.0506
Омская область;2001;30663.8;8214.8098
Томская область;2001;16227.037;5948.5128
Дальневосточный федеральный округ;2001;125401.6858;54914
Республика Бурятия;2001;14546.4028;2500.4726
Республика Саха (Якутия);2001;24380.426;7113.806
Забайкальский край;2001;14307.147;2945.7323
Камчатский край;2001;8486.769;3439.1564
Приморский край;2001;33837.8046;14514.3131
Хабаровский край ;2001;25795.053;14806.3702
Амурская область;2001;13562.004;2845.7963
Магаданская область;2001;3754.765;1820.9116
Сахалинская область;2001;11817.1928;4025.3999
Еврейская автономная область;2001;2519.44;526.4548
Чукотский автономный округ;2001;1248.2314;375.2396
Центральный федеральный округ;2002;1520700.977;431565.1111
Белгородская область;2002;24713.121;5903.8763
Брянская область;2002;19796.075;6504.8669
Владимирская область;2002;16801.19;5679.1208
Воронежская область;2002;43512.3297;10171.1401
Ивановская область;2002;12052.883;4498.2265
Калужская область;2002;17598.626;4661.1038
Костромская область;2002;10430.2081;2471.1996
Курская область;2002;18699.562;4225.3217
Липецкая область;2002;22583.929;4864.4967
Московская область;2002;153802.7126;50478.2417
Орловская область;2002;15654.5246;3482.5326
Рязанская область;2002;19322.034;4795.4247
Смоленская область;2002;23109.647;3882.6725
Тамбовская область;2002;20004.4697;5054.8684
Тверская область;2002;22409.6475;5648.7052
Тульская область;2002;23739.943;7356.4762
Ярославская область;2002;21727.22;7407.0023
г. Москва;2002;1034742.855;294479.8351
Северо-Западный федеральный округ;2002;349208.758;111752.576
Республика Карелия;2002;17339.197;3967.6202
Республика Коми;2002;36721.41;7491.5563
Архангельская область;2002;29411.541;7583.4557
в том числе: ;2002;0;0
Ненецкий автономный округ;2002;1084.307;149.2176
Архангельская область без автономного округа;2002;0;0
Вологодская область;2002;22224.793;7161.3483
Калининградская область;2002;19655.48;5910.7844
Ленинградская область;2002;26653.439;6741.1007
Мурманская область;2002;29171.797;8934.4387
Новгородская область;2002;13453.056;3523.447
Псковская область;2002;15274.609;3183.6343
г. Санкт-Петербург;2002;139303.436;57255.1904
Южный             федеральный округ;2002;287757.6354;80181.9985
Республика Адыгея;2002;5695.2702;1206.9214
Республика Калмыкия;2002;2246.8261;472.8724
Республика Крым;2002;0;0
Краснодарский край;2002;109907.638;33119.9381
Астраханская область;2002;17757.745;5101.4812
Волгоградская область;2002;50198.1517;15912.3202
Ростовская область;2002;101952.0044;24368.4652
г. Севастополь;2002;0;0
Северо-Кавказский        федеральный округ;2002;103848.7699;30725.4013
Республика Дагестан;2002;25147.557;4588.7649
Республика Ингушетия;2002;1956.8291;507.4786
Кабардино-Балкарская Республика;2002;12126.098;3473.5659
Карачаево-Черкесская Республика;2002;5532.4658;1265.7585
Республика Северная Осетия - Алания;2002;9181.984;3687.1822
Чеченская Республика;2002;0;0
Ставропольский край;2002;49903.836;17202.6512
Приволжский федеральный округ;2002;620259.4082;159950.473
Республика Башкортостан;2002;82047.569;25423.6747
Республика Марий Эл;2002;7622.383;2353.5511
Республика Мордовия;2002;9586.288;2813.6196
Республика Татарстан;2002;74576.838;19278.0421
Удмуртская Республика;2002;22780.7561;7462.2259
Чувашская Республика;2002;15769.109;6134.837
Пермский край;2002;68143.602;17709.6493
Кировская область;2002;22079.197;6958.2516
Нижегородская область ;2002;74758.836;15477.7044
Оренбургская область;2002;26007.472;9350.6856
Пензенская область;2002;20910.0031;5743.2111
Самарская область;2002;127798.4;23023.9483
Саратовская область;2002;45238.214;11395.5379
Ульяновская область;2002;22940.741;6825.5344
Уральский         федеральный округ;2002;298638.1798;89971.9504
Курганская область;2002;14519.16;3555.4974
Свердловская область ;2002;107717.876;34028.9927
Тюменская область;2002;109663.019;33566.4919
в том числе:;2002;0;0
Ханты-Мансийский автономный округ - Югра;2002;53184.129;17491.4408
Ямало-Ненецкий автономный округ;2002;22089.555;6519.3776
Тюменская область  без автономных округов;2002;0;0
Челябинская область;2002;66738.1248;18820.9684
Сибирский        федеральный округ;2002;429809.5019;110809.6492
Республика Алтай;2002;2189.0137;440.8935
Республика Тыва;2002;2910.227;623.7809
Республика Хакасия;2002;7732.5312;3214.0102
Алтайский край;2002;41368.927;9839.3235
Красноярский край;2002;75906.1802;21895.9549
Иркутская область;2002;58011.003;14902.1982
Кемеровская область;2002;72562.6023;15177.1199
Новосибирская область ;2002;68011.705;23784.4628
Омская область;2002;41798.368;11641.1498
Томская область;2002;21743.042;9290.7555
Дальневосточный федеральный округ;2002;155140.4151;73059
Республика Бурятия;2002;18006.3865;3449.4746
Республика Саха (Якутия);2002;29226.522;9659.9279
Забайкальский край;2002;19569.516;4726.3045
Камчатский край;2002;9638.367;4223.1307
Приморский край;2002;42346.378;17968.9335
Хабаровский край ;2002;33012.944;18826.4229
Амурская область;2002;15612.961;4611.1141
Магаданская область;2002;4446.61;2298.6403
Сахалинская область;2002;15568.3136;5900.1957
Еврейская автономная область;2002;3500.832;733.8902
Чукотский автономный округ;2002;1787.4875;660.8645
Центральный федеральный округ;2003;1774813.198;574677.6261
Белгородская область;2003;29080.984;7776.43
Брянская область;2003;24600.67;8373.9877
Владимирская область;2003;20234.041;7819.9474
Воронежская область;2003;52608.6669;12754.7351
Ивановская область;2003;14123.62;6076.9269
Калужская область;2003;23072.723;6806.063
Костромская область;2003;12613.806;3150.9623
Курская область;2003;23239.787;5968.1658
Липецкая область;2003;26315.467;6887.9484
Московская область;2003;194375.0036;67088.2898
Орловская область;2003;17895.9218;4746.8755
Рязанская область;2003;23991.362;6433.6572
Смоленская область;2003;26652.843;5600.7217
Тамбовская область;2003;23828.3406;6774.4255
Тверская область;2003;28151.7121;8027.3188
Тульская область;2003;29490.2221;9644.6402
Ярославская область;2003;25567.701;9701.2687
г. Москва;2003;1178970.327;391045.2621
Северо-Западный федеральный округ;2003;411326.57;147687.66
Республика Карелия;2003;19853.724;5630.3524
Республика Коми;2003;44481.031;10093.4831
Архангельская область;2003;35696.321;9388.2922
в том числе: ;2003;0;0
Ненецкий автономный округ;2003;1371.055;225.0198
Архангельская область без автономного округа;2003;0;0
Вологодская область;2003;26818.17;8775.0052
Калининградская область;2003;23064.68;7380.9639
Ленинградская область;2003;30924.431;8515.9938
Мурманская область;2003;34203.985;12220.3884
Новгородская область;2003;15561.869;4856.7483
Псковская область;2003;18844.112;4356.3148
г. Санкт-Петербург;2003;161878.247;76470.1179
Южный             федеральный округ;2003;349666.5568;105575.0909
Республика Адыгея;2003;6722.3808;1731.9566
Республика Калмыкия;2003;2443.0097;615.0045
Республика Крым;2003;0;0
Краснодарский край;2003;134355.479;43307.3408
Астраханская область;2003;21740.524;6784.9109
Волгоградская область;2003;61836.7736;21147.0431
Ростовская область;2003;122568.3897;31988.835
г. Севастополь;2003;0;0
Северо-Кавказский        федеральный округ;2003;137193.263;40549.6581
Республика Дагестан;2003;41051.726;6785.9
Республика Ингушетия;2003;2457.2867;726.7163
Кабардино-Балкарская Республика;2003;15205.211;4826.0744
Карачаево-Черкесская Республика;2003;7453.5123;1653.9023
Республика Северная Осетия - Алания;2003;10537.702;4851.5411
Чеченская Республика;2003;0;0
Ставропольский край;2003;60487.825;21705.524
Приволжский федеральный округ;2003;755327.2577;210234.333
Республика Башкортостан;2003;103784.966;34325.146
Республика Марий Эл;2003;8951.038;3067.3368
Республика Мордовия;2003;12351.262;3537.8937
Республика Татарстан;2003;96969.837;26351.1721
Удмуртская Республика;2003;26321.1229;9925.1351
Чувашская Республика;2003;19603.109;8261.5364
Пермский край;2003;83796.068;22932.1965
Кировская область;2003;24650.206;8787.8042
Нижегородская область ;2003;92013.205;19222.9194
Оренбургская область;2003;30469.788;12450.906
Пензенская область;2003;25184.0668;7833.2157
Самарская область;2003;147998.588;30178.6786
Саратовская область;2003;54470.041;14490.2942
Ульяновская область;2003;28763.96;8870.0983
Уральский         федеральный округ;2003;381195.8976;116671.3764
Курганская область;2003;18091.37;4464.3244
Свердловская область ;2003;134139.044;43429.4795
Тюменская область;2003;146362.467;44791.7617
в том числе:;2003;0;0
Ханты-Мансийский автономный округ - Югра;2003;75723.685;23184.6052
Ямало-Ненецкий автономный округ;2003;27021.377;8882.4614
Тюменская область  без автономных округов;2003;0;0
Челябинская область;2003;82603.0166;23985.8108
Сибирский        федеральный округ;2003;528960.966;141814.1632
Республика Алтай;2003;2807.2615;590.0683
Республика Тыва;2003;3581.385;802.5626
Республика Хакасия;2003;9250.672;3821.7421
Алтайский край;2003;53126.644;13058.8814
Красноярский край;2003;89835.7401;29530.6037
Иркутская область;2003;67486.402;20157.2349
Кемеровская область;2003;88177.8348;18736
Новосибирская область ;2003;82946.788;28046.0886
Омская область;2003;54124.6522;15165.935
Томская область;2003;28786.677;11905.0466
Дальневосточный федеральный округ;2003;191149.2307;93459
Республика Бурятия;2003;22318.4034;4731.5563
Республика Саха (Якутия);2003;40286.356;13134.9423
Забайкальский край;2003;26518.506;6054.486
Камчатский край;2003;10897.099;4685.8243
Приморский край;2003;51278.7026;21955.835
Хабаровский край ;2003;39440.521;23848.2616
Амурская область;2003;18226.648;6204.3038
Магаданская область;2003;5310.574;2984.5654
Сахалинская область;2003;19232.3166;8123.3736
Еврейская автономная область;2003;4467.382;916.8991
Чукотский автономный округ;2003;2009.6315;818.7955
Центральный федеральный округ;2004;2166665.21;700127.9268
Белгородская область;2004;36559.82;10401.339
Брянская область;2004;30896.464;11114.6125
Владимирская область;2004;24935.43;10265.7902
Воронежская область;2004;66949.8543;15307.4941
Ивановская область;2004;17426.135;7952.6993
Калужская область;2004;31231.93;8242.2997
Костромская область;2004;16146.7377;4060.5263
Курская область;2004;30524.533;7749.9019
Липецкая область;2004;34180.854;9174.9974
Московская область;2004;284996.9199;85873.4068
Орловская область;2004;21357.0816;5883.3951
Рязанская область;2004;29967.113;8525.5814
Смоленская область;2004;30999.387;7090.5689
Тамбовская область;2004;29399.98;8381.9125
Тверская область;2004;40512.5711;11772.4574
Тульская область;2004;38792.0998;12431.7616
Ярославская область;2004;31653.184;12370.8585
г. Москва;2004;1370135.116;463528.3242
Северо-Западный федеральный округ;2004;527487.555;195499.0418
Республика Карелия;2004;24267.159;7180.8361
Республика Коми;2004;55559.483;13589.5412
Архангельская область;2004;43867.805;13627.2408
в том числе: ;2004;0;0
Ненецкий автономный округ;2004;1632.748;283.7687
Архангельская область без автономного округа;2004;0;0
Вологодская область;2004;31460.722;11502.674
Калининградская область;2004;28821.548;9200.7415
Ленинградская область;2004;46000.366;10702.5075
Мурманская область;2004;39311.984;16195.9821
Новгородская область;2004;18338.051;6465.9338
Псковская область;2004;23967.051;5814.8154
г. Санкт-Петербург;2004;215893.386;101218.7694
Южный             федеральный округ;2004;437380.872;133120.5166
Республика Адыгея;2004;8775.693;2417.1657
Республика Калмыкия;2004;3001.073;922.0123
Республика Крым;2004;0;0
Краснодарский край;2004;167381.84;55601.2606
Астраханская область;2004;25936.462;8279.117
Волгоградская область;2004;80030.7672;25709.9907
Ростовская область;2004;152255.0368;40190.9703
г. Севастополь;2004;0;0
Северо-Кавказский        федеральный округ;2004;191040.7178;52810.0716
Республика Дагестан;2004;58148.547;12283.7035
Республика Ингушетия;2004;2983.4619;1082.7457
Кабардино-Балкарская Республика;2004;18683.555;5606.7687
Карачаево-Черкесская Республика;2004;9600.5681;2148.3096
Республика Северная Осетия - Алания;2004;12668.197;5832.8014
Чеченская Республика;2004;9085.9898;0
Ставропольский край;2004;79870.399;25855.7427
Приволжский федеральный округ;2004;940884.1437;273278.2172
Республика Башкортостан;2004;133567.619;45427.242
Республика Марий Эл;2004;10787.292;4237.4514
Республика Мордовия;2004;15277.676;4429.1261
Республика Татарстан;2004;121736.562;36555.9176
Удмуртская Республика;2004;31792.9879;11853.318
Чувашская Республика;2004;23804.628;10370.1173
Пермский край;2004;101149.347;29066.5406
Кировская область;2004;30238.351;10733.4941
Нижегородская область ;2004;115730.924;24754.8982
Оренбургская область;2004;40885.832;15461.3159
Пензенская область;2004;32230.9178;10097.508
Самарская область;2004;182204.46;41200.8955
Саратовская область;2004;67219.467;17891.8008
Ульяновская область;2004;34258.08;11198.5917
Уральский         федеральный округ;2004;493155.9901;143968.1517
Курганская область;2004;23283.593;5892.7259
Свердловская область ;2004;179044.917;53661.8585
Тюменская область;2004;186292.594;54515.0555
в том числе:;2004;0;0
Ханты-Мансийский автономный округ - Югра;2004;98850.434;27826.3314
Ямало-Ненецкий автономный округ;2004;34896.182;11038.7574
Тюменская область  без автономных округов;2004;0;0
Челябинская область;2004;104534.8861;29898.5118
Сибирский        федеральный округ;2004;653543.5742;173801.005
Республика Алтай;2004;3351.858;733.8116
Республика Тыва;2004;4501.434;1093.2762
Республика Хакасия;2004;10756.5554;4554.7564
Алтайский край;2004;66261.173;16141.4789
Красноярский край;2004;105790.2572;35742.0893
Иркутская область;2004;83554.608;25211.5984
Кемеровская область;2004;110583.57;22836.3386
Новосибирская область ;2004;104233.933;33694.988
Омская область;2004;66507.5159;18410.0326
Томская область;2004;36714.384;15382.635
Дальневосточный федеральный округ;2004;232339.6658;117130
Республика Бурятия;2004;27744.9937;6189.3179
Республика Саха (Якутия);2004;45112.536;16354.1093
Забайкальский край;2004;33543.292;7251.5601
Камчатский край;2004;12327.381;5587.7441
Приморский край;2004;64628.4941;27730.1824
Хабаровский край ;2004;48356.519;29669.1766
Амурская область;2004;23591.607;7766.7467
Магаданская область;2004;5954.39;3630.2072
Сахалинская область;2004;24400.2845;10738.8683
Еврейская автономная область;2004;5835.87;1163.6277
Чукотский автономный округ;2004;2132.5842;1048.317
Центральный федеральный округ;2005;2600704.7;858523.5576
Белгородская область;2005;45614.2;13640.5652
Брянская область;2005;38596.9;13746.7882
Владимирская область;2005;31541.3;13991.7698
Воронежская область;2005;83280.1;21107.7538
Ивановская область;2005;21148.2;9990.2466
Калужская область;2005;39276;10549.2869
Костромская область;2005;18668.7;5523.6883
Курская область;2005;37071.3;10818.9623
Липецкая область;2005;42015.3;11541.0419
Московская область;2005;369929.1;108058.4965
Орловская область;2005;26082.8;7524.4211
Рязанская область;2005;36305.5;10700.2202
Смоленская область;2005;39033.3;9060.2235
Тамбовская область;2005;38831.9;10680.2222
Тверская область;2005;58500.6;16451.2328
Тульская область;2005;48490.1;16967.1996
Ярославская область;2005;40235.7;17239.4449
г. Москва;2005;1586083.7;550931.9938
Северо-Западный федеральный округ;2005;674299.7;250966.0326
Республика Карелия;2005;28832.3;9029.3998
Республика Коми;2005;68273.2;16507.9639
Архангельская область;2005;53824;18065.9259
в том числе: ;2005;0;0
Ненецкий автономный округ;2005;2139.8;325.4124
Архангельская область без автономного округа;2005;0;0
Вологодская область;2005;35473.2;15945.1365
Калининградская область;2005;36531.2;12040.7084
Ленинградская область;2005;62653;14822.6738
Мурманская область;2005;45643.3;22941.4944
Новгородская область;2005;22317;8072.0865
Псковская область;2005;28248.1;7173.4455
г. Санкт-Петербург;2005;292504.4;126367.1979
Южный             федеральный округ;2005;559262.5;171113.1575
Республика Адыгея;2005;11110.7;3145.4972
Республика Калмыкия;2005;3878;1152.2687
Республика Крым;2005;0;0
Краснодарский край;2005;214120.8;74197.4774
Астраханская область;2005;32864;10761.3734
Волгоградская область;2005;101535.5;32539.4373
Ростовская область;2005;195753.5;49317.1035
г. Севастополь;2005;0;0
Северо-Кавказский        федеральный округ;2005;251639.0356;72494.1029
Республика Дагестан;2005;82148.3;19384.3612
Республика Ингушетия;2005;3357.9356;1094.2757
Кабардино-Балкарская Республика;2005;23435.4;6790.4643
Карачаево-Черкесская Республика;2005;12510.2;3046.7953
Республика Северная Осетия - Алания;2005;17104.8;6868.8947
Чеченская Республика;2005;11704.3;0
Ставропольский край;2005;101378.1;35309.3117
Приволжский федеральный округ;2005;1190814.3;363144.3683
Республика Башкортостан;2005;177376.8;59692.3507
Республика Марий Эл;2005;13952.7;5496.6864
Республика Мордовия;2005;18617.7;5828.3026
Республика Татарстан;2005;161441;54914.6446
Удмуртская Республика;2005;39088.9;15101.8792
Чувашская Республика;2005;29806.2;12628.022
Пермский край;2005;130236.3;39333.2037
Кировская область;2005;36334;13825.0992
Нижегородская область ;2005;139956.9;34160.3076
Оренбургская область;2005;54408.7;19634.1663
Пензенская область;2005;40254.3;13032.6068
Самарская область;2005;225857.5;52534.2347
Саратовская область;2005;82852.4;22987.2357
Ульяновская область;2005;40630.9;13975.6288
Уральский         федеральный округ;2005;656692.2;183325.013
Курганская область;2005;29271.3;7192.6448
Свердловская область ;2005;236855.1;68645.9128
Тюменская область;2005;243614;66477.9009
в том числе:;2005;0;0
Ханты-Мансийский автономный округ - Югра;2005;128935.1;33351.6406
Ямало-Ненецкий автономный округ;2005;47788.4;14000.6519
Тюменская область  без автономных округов;2005;0;0
Челябинская область;2005;146951.8;41008.5545
Сибирский        федеральный округ;2005;820481.2;220423.4368
Республика Алтай;2005;3960.9;1011.1862
Республика Тыва;2005;5598.1;1416.1502
Республика Хакасия;2005;12240.7;5821.1212
Алтайский край;2005;82057;22933.9554
Красноярский край;2005;126622.7;42926.3823
Иркутская область;2005;104303.8;29945.8534
Кемеровская область;2005;140904.3;28858.4912
Новосибирская область ;2005;139864.1;43943.9094
Омская область;2005;83375;24106.6646
Томская область;2005;46731;19459.7229
Дальневосточный федеральный округ;2005;287615.5;151743
Республика Бурятия;2005;35339.8;8930.3647
Республика Саха (Якутия);2005;52313;20834.1024
Забайкальский край;2005;39483.8;9396.3196
Камчатский край;2005;14422.2;6813.6177
Приморский край;2005;84077.1;35135.989
Хабаровский край ;2005;60479.8;38344.4882
Амурская область;2005;28480.7;10674.4726
Магаданская область;2005;7047.7;4083.4317
Сахалинская область;2005;31441.6;14385.3709
Еврейская автономная область;2005;7196.1;1754.0356
Чукотский автономный округ;2005;2157.3;1390.8813
Центральный федеральный округ;2006;3119361.8;1047659.029
Белгородская область;2006;62615.6;17408.6224
Брянская область;2006;48755.9;17107.4109
Владимирская область;2006;44018.7;17835.4731
Воронежская область;2006;93569.4;26666.5929
Ивановская область;2006;29381.1;11742.27
Калужская область;2006;49220.4;13593.0742
Костромская область;2006;23401.1;6987.0373
Курская область;2006;48814;15210.8093
Липецкая область;2006;53123.8;14964.6759
Московская область;2006;495547.8;136295.0239
Орловская область;2006;29415.3;8666.1694
Рязанская область;2006;44547.9;13208.0396
Смоленская область;2006;46880.6;11150.7326
Тамбовская область;2006;48268.5;12996.5956
Тверская область;2006;70216.2;20179.8175
Тульская область;2006;61144.2;21101.2649
Ярославская область;2006;52670.5;23347.7427
г. Москва;2006;1817770.8;659197.6768
Северо-Западный федеральный округ;2006;821299.6;307870.9445
Республика Карелия;2006;34827.3;10907.0243
Республика Коми;2006;82143.7;20394.8159
Архангельская область;2006;64708.2;23669.7907
в том числе: ;2006;0;0
Ненецкий автономный округ;2006;2650.4;544.4421
Архангельская область без автономного округа;2006;0;0
Вологодская область;2006;44860.4;20545.085
Калининградская область;2006;44554.5;15813.6425
Ленинградская область;2006;79165.6;18488.2538
Мурманская область;2006;53115.3;27716.6251
Новгородская область;2006;27390.7;9757.6371
Псковская область;2006;33161.2;9117.2651
г. Санкт-Петербург;2006;357372.7;151460.805
Южный             федеральный округ;2006;692318.8;213181.2238
Республика Адыгея;2006;13089.4;3367.8713
Республика Калмыкия;2006;5174.9;1790.1898
Республика Крым;2006;0;0
Краснодарский край;2006;274692.5;87158.6845
Астраханская область;2006;42087.5;13215.7943
Волгоградская область;2006;117868;45612.3164
Ростовская область;2006;239406.5;62036.3675
г. Севастополь;2006;0;0
Северо-Кавказский        федеральный округ;2006;314416.4;90209.906
Республика Дагестан;2006;108644.5;25333.3742
Республика Ингушетия;2006;4271.4;2367.3348
Кабардино-Балкарская Республика;2006;28400.7;7955.2639
Карачаево-Черкесская Республика;2006;15711.9;4102.6983
Республика Северная Осетия - Алания;2006;23093.8;9079.947
Чеченская Республика;2006;10397.7;0
Ставропольский край;2006;123896.4;41371.2878
Приволжский федеральный округ;2006;1516694.4;450482.8946
Республика Башкортостан;2006;239124;75724.8938
Республика Марий Эл;2006;20304.6;7071.5009
Республика Мордовия;2006;22466;7273.5108
Республика Татарстан;2006;213946.3;69612.2413
Удмуртская Республика;2006;50247;18712.6378
Чувашская Республика;2006;37212.5;15705.7866
Пермский край;2006;178030.6;46168.2162
Кировская область;2006;43929.9;16353.1452
Нижегородская область ;2006;177635.9;43904.5977
Оренбургская область;2006;69486.9;23135.1457
Пензенская область;2006;47514.4;16099.6017
Самарская область;2006;262912.2;66003.4805
Саратовская область;2006;99901.5;27937.2568
Ульяновская область;2006;53982.6;16780.8796
Уральский         федеральный округ;2006;866635.3;234292.7699
Курганская область;2006;39879.4;9146.0385
Свердловская область ;2006;303375.7;89763.8169
Тюменская область;2006;324693.8;83320.1563
в том числе:;2006;0;0
Ханты-Мансийский автономный округ - Югра;2006;172428.3;41444.1647
Ямало-Ненецкий автономный округ;2006;61973.3;16774.7776
Тюменская область  без автономных округов;2006;0;0
Челябинская область;2006;198686.4;52062.7582
Сибирский        федеральный округ;2006;1027581.1;267166.6736
Республика Алтай;2006;5165.1;1221.9734
Республика Тыва;2006;6742.1;1746.5411
Республика Хакасия;2006;16182.4;7010.0668
Алтайский край;2006;105612.1;27858.0443
Красноярский край;2006;162543.3;52731.9248
Иркутская область;2006;128017;35353.4134
Кемеровская область;2006;178978.9;35158.0753
Новосибирская область ;2006;176559.3;52440.2187
Омская область;2006;101514.1;30716.7391
Томская область;2006;56651.2;22929.6767
Дальневосточный федеральный округ;2006;353612.5;188037
Республика Бурятия;2006;42269.5;11421.2688
Республика Саха (Якутия);2006;63640.9;25657.8357
Забайкальский край;2006;47346.1;11634.7208
Камчатский край;2006;17620.9;8656.8304
Приморский край;2006;101577.9;44410.6967
Хабаровский край ;2006;74309.7;46240.8661
Амурская область;2006;35042.4;12660.4945
Магаданская область;2006;8338.1;5151.9907
Сахалинская область;2006;42580.4;18503.1173
Еврейская автономная область;2006;8125.9;2129.927
Чукотский автономный округ;2006;2376.3;1569.7493
Центральный федеральный округ;2007;3741955.4;1261986.83
Белгородская область;2007;84140.1;22574.644
Брянская область;2007;63372.3;20629.6526
Владимирская область;2007;62525.8;22616.922
Воронежская область;2007;116768.9;32511.9879
Ивановская область;2007;37975.5;14349.7721
Калужская область;2007;63534.8;17149.3262
Костромская область;2007;29328.2;8930.196
Курская область;2007;63264;18643.9285
Липецкая область;2007;68721.1;18142.7926
Московская область;2007;660751.4;167028.071
Орловская область;2007;38569.9;10023.6761
Рязанская область;2007;59147.7;16136.3136
Смоленская область;2007;58300.8;13936.7015
Тамбовская область;2007;62610.3;16256.9083
Тверская область;2007;80116.5;24958.0927
Тульская область;2007;84233.3;25272.3331
Ярославская область;2007;68314.4;28489.4894
г. Москва;2007;2040280.4;784336.0223
Северо-Западный федеральный округ;2007;1018518.4;379684.475
Республика Карелия;2007;41343;13187.0168
Республика Коми;2007;98184.2;24379.4493
Архангельская область;2007;77510.6;32227.2114
в том числе: ;2007;0;0
Ненецкий автономный округ;2007;3332.5;784.5636
Архангельская область без автономного округа;2007;0;0
Вологодская область;2007;57104.7;24580.7542
Калининградская область;2007;57660;19684.503
Ленинградская область;2007;100218.3;21534.5366
Мурманская область;2007;65164.5;31579.6079
Новгородская область;2007;34403;11759.4761
Псковская область;2007;39002.1;10685.5304
г. Санкт-Петербург;2007;447928;190066.3893
Южный             федеральный округ;2007;923999.1;268011.8644
Республика Адыгея;2007;16370.9;4023.7024
Республика Калмыкия;2007;6125.2;2120.4745
Республика Крым;2007;0;0
Краснодарский край;2007;378338.4;115688.8614
Астраханская область;2007;55955.5;15361.0503
Волгоградская область;2007;147708.2;57988.0192
Ростовская область;2007;319500.9;72829.7566
г. Севастополь;2007;0;0
Северо-Кавказский        федеральный округ;2007;408598.6;119267.2397
Республика Дагестан;2007;146647.8;33773.7326
Республика Ингушетия;2007;5092.7;5509.6837
Кабардино-Балкарская Республика;2007;35549;8984.4699
Карачаево-Черкесская Республика;2007;18044.6;4704.7709
Республика Северная Осетия - Алания;2007;28836.1;10672.4748
Чеченская Республика;2007;15715.1;5260.1733
Ставропольский край;2007;158713.3;50361.9345
Приволжский федеральный округ;2007;1949291.9;566439.4403
Республика Башкортостан;2007;323420.5;96393.1839
Республика Марий Эл;2007;26329.5;8920.2606
Республика Мордовия;2007;29178.8;8973.8813
Республика Татарстан;2007;276459.2;93325.7718
Удмуртская Республика;2007;65900.4;22827.8896
Чувашская Республика;2007;48352.4;19586.4108
Пермский край;2007;220406.7;56287.0185
Кировская область;2007;57626.6;21370.4087
Нижегородская область ;2007;232306.1;53392.5485
Оренбургская область;2007;90265.5;30122.3538
Пензенская область;2007;73789;19517.7543
Самарская область;2007;312218.8;81728.1474
Саратовская область;2007;121826.5;33749.6945
Ульяновская область;2007;71211.9;20244.1166
Уральский         федеральный округ;2007;1128828.6;288161.0616
Курганская область;2007;54618.3;11825.4769
Свердловская область ;2007;401294.2;109753.5741
Тюменская область;2007;421225;101898.2906
в том числе:;2007;0;0
Ханты-Мансийский автономный округ - Югра;2007;223984.2;49868.5495
Ямало-Ненецкий автономный округ;2007;78193.8;20459.4405
Тюменская область  без автономных округов;2007;0;0
Челябинская область;2007;251691.1;64683.72
Сибирский        федеральный округ;2007;1275824;318093.0587
Республика Алтай;2007;7302.7;1531.3671
Республика Тыва;2007;7947.7;2207.2525
Республика Хакасия;2007;21313;8496.0193
Алтайский край;2007;132859.9;34530.1651
Красноярский край;2007;213665.2;63015.5394
Иркутская область;2007;151289.1;43338.1021
Кемеровская область;2007;223710.2;44092.0432
Новосибирская область ;2007;213552.2;55348.1113
Омская область;2007;128358.7;37733.8187
Томская область;2007;64377.9;27800.64
Дальневосточный федеральный округ;2007;421960.4;223087
Республика Бурятия;2007;54454.5;13642.5457
Республика Саха (Якутия);2007;74069;30621.0323
Забайкальский край;2007;56992.9;14064.8759
Камчатский край;2007;21616.3;10658.7578
Приморский край;2007;120837.8;52126.0419
Хабаровский край ;2007;91404.3;53844.4333
Амурская область;2007;41872;14333.0546
Магаданская область;2007;9876.7;6178.4887
Сахалинская область;2007;50352.4;23358.0804
Еврейская автономная область;2007;9181.1;2648.1858
Чукотский автономный округ;2007;2750.8;1611.3008
Центральный федеральный округ;2008;4662364.5;1460330.141
Белгородская область;2008;113627.5;30665.6693
Брянская область;2008;84392.2;24723.0718
Владимирская область;2008;83270;27065.9468
Воронежская область;2008;166557.7;39737.2938
Ивановская область;2008;57854.7;16815.327
Калужская область;2008;80730.8;20961.4601
Костромская область;2008;38142.3;10066.5801
Курская область;2008;79795.4;23828.1855
Липецкая область;2008;93375.1;22246.3513
Московская область;2008;887416.5;201490.8466
Орловская область;2008;52705.2;11527.6738
Рязанская область;2008;82794.3;19362.3627
Смоленская область;2008;77283.5;16237.7496
Тамбовская область;2008;85132.1;21579.0463
Тверская область;2008;103869.4;28600.1916
Тульская область;2008;118105.8;30845.8526
Ярославская область;2008;91729.5;27359.2916
г. Москва;2008;2365582.5;887217.2408
Северо-Западный федеральный округ;2008;1302864.1;451998.049
Республика Карелия;2008;50774.5;13993.7214
Республика Коми;2008;114568.1;28728.1557
Архангельская область;2008;100122.1;39264.7785
в том числе: ;2008;0;0
Ненецкий автономный округ;2008;3945.9;1121.6703
Архангельская область без автономного округа;2008;0;0
Вологодская область;2008;70845.4;29267.5835
Калининградская область;2008;76298.8;23914.9156
Ленинградская область;2008;130852;25616.0804
Мурманская область;2008;84266.3;35382.6618
Новгородская область;2008;48129.5;14310.3854
Псковская область;2008;50929.2;12708.9492
г. Санкт-Петербург;2008;576078.1;228810.8175
Южный             федеральный округ;2008;1220890.9;323293
Республика Адыгея;2008;25645;5254.1947
Республика Калмыкия;2008;7368.1;2611.3757
Республика Крым;2008;0;0
Краснодарский край;2008;500692.6;137867.6555
Астраханская область;2008;77665.4;18457.273
Волгоградская область;2008;186093.6;70985.1691
Ростовская область;2008;423426.2;88117.5827
г. Севастополь;2008;0;0
Северо-Кавказский        федеральный округ;2008;566002.4;142967
Республика Дагестан;2008;217344;43799.9954
Республика Ингушетия;2008;6606.3;6082.4293
Кабардино-Балкарская Республика;2008;47968.1;10795.1652
Карачаево-Черкесская Республика;2008;22575.1;6061.6062
Республика Северная Осетия - Алания;2008;38611.1;12517.3384
Чеченская Республика;2008;29340.8;6536.019
Ставропольский край;2008;203557;57174.6066
Приволжский федеральный округ;2008;2556441.1;705655.5735
Республика Башкортостан;2008;428899.6;127399.4378
Республика Марий Эл;2008;36189.2;10899.2567
Республика Мордовия;2008;39519.6;11018.6625
Республика Татарстан;2008;369299.3;118482.3272
Удмуртская Республика;2008;92480.8;26999.4502
Чувашская Республика;2008;67727.2;23699.3384
Пермский край;2008;278260.4;68629.3428
Кировская область;2008;78138.5;26691.6625
Нижегородская область ;2008;314054;67499.6904
Оренбургская область;2008;125959.2;40151.4878
Пензенская область;2008;94078.6;23626.7632
Самарская область;2008;387216.7;95585.0694
Саратовская область;2008;159113.5;40773.9957
Ульяновская область;2008;85504.5;24199.0889
Уральский         федеральный округ;2008;1494728.4;348411.7874
Курганская область;2008;73300.5;14851.4104
Свердловская область ;2008;527212;134881.3974
Тюменская область;2008;553251.8;122475.0577
в том числе:;2008;0;0
Ханты-Мансийский автономный округ - Югра;2008;288415.5;58697.206
Ямало-Ненецкий автономный округ;2008;100301.8;24643.1863
Тюменская область  без автономных округов;2008;0;0
Челябинская область;2008;340964.1;76203.9219
Сибирский        федеральный округ;2008;1616255;378958.8079
Республика Алтай;2008;10556.5;1971.9188
Республика Тыва;2008;9348;2693.7931
Республика Хакасия;2008;27587.3;9844.4479
Алтайский край;2008;171986.3;43656.8656
Красноярский край;2008;276011.9;72936.3121
Иркутская область;2008;192059.1;51016.8252
Кемеровская область;2008;273833.6;54053.6057
Новосибирская область ;2008;271532.9;66867.6905
Омская область;2008;164345.3;44037.291
Томская область;2008;75370.4;31880.058
Дальневосточный федеральный округ;2008;524636.7;267988
Республика Бурятия;2008;68253.8;16898.8083
Республика Саха (Якутия);2008;87843.1;35915.6866
Забайкальский край;2008;75369.9;17138.0119
Камчатский край;2008;26599.9;12296.5433
Приморский край;2008;150010.4;63783.0573
Хабаровский край ;2008;110977.3;62887.7636
Амурская область;2008;53929.1;17782.9752
Магаданская область;2008;11390;7944.2859
Сахалинская область;2008;68244.4;28259.1796
Еврейская автономная область;2008;11349.1;3271.815
Чукотский автономный округ;2008;4293.4;1810.1878
Центральный федеральный округ;2009;4939335.1;1583097.988
Белгородская область;2009;125594.4;37793.1121
Брянская область;2009;93790.2;26946.2779
Владимирская область;2009;88192.8;33495.4621
Воронежская область;2009;184945.7;48502.8977
Ивановская область;2009;59158.9;19680.8431
Калужская область;2009;85169.1;24134.8815
Костромская область;2009;40342.9;11102.0871
Курская область;2009;86939.2;26153.2756
Липецкая область;2009;104424.6;26091.1143
Московская область;2009;893868.2;223657.3876
Орловская область;2009;53636.2;14615.8874
Рязанская область;2009;88621.7;22363.7684
Смоленская область;2009;85314.5;17257.8619
Тамбовская область;2009;89859.4;24337.4155
Тверская область;2009;111367.7;30461.8924
Тульская область;2009;127336;34931.4559
Ярославская область;2009;93207.2;31183.6072
г. Москва;2009;2527566.4;930388.7604
Северо-Западный федеральный округ;2009;1365171.8;493287.4304
Республика Карелия;2009;53440.3;15726.4242
Республика Коми;2009;101078.2;32129.1551
Архангельская область;2009;108994.8;44018.5398
в том числе: ;2009;0;0
Ненецкий автономный округ;2009;4453.3;1634.3508
Архангельская область без автономного округа;2009;0;0
Вологодская область;2009;69621.4;31681.4279
Калининградская область;2009;85951.3;26736.2445
Ленинградская область;2009;141313.1;31178.2405
Мурманская область;2009;92058.3;39199.7534
Новгородская область;2009;54284.1;16487.6029
Псковская область;2009;52739.8;14763.2025
г. Санкт-Петербург;2009;605690.5;241366.8396
Южный             федеральный округ;2009;1274546.2;371893.0059
Республика Адыгея;2009;31445.1;6016.5632
Республика Калмыкия;2009;8487.9;2829.6611
Республика Крым;2009;0;0
Краснодарский край;2009;552354;161786.8114
Астраханская область;2009;83906;21710.0044
Волгоградская область;2009;201676.1;82645.8595
Ростовская область;2009;396677.1;96904.1063
г. Севастополь;2009;0;0
Северо-Кавказский        федеральный округ;2009;680740.5;167800.0688
Республика Дагестан;2009;275129.4;53466.7374
Республика Ингушетия;2009;7240.7;6708.9429
Кабардино-Балкарская Республика;2009;54901.4;12727.1359
Карачаево-Черкесская Республика;2009;25306.3;6801.8788
Республика Северная Осетия - Алания;2009;44690.5;14549.3697
Чеченская Республика;2009;44512.4;8411.6388
Ставропольский край;2009;228959.8;65134.3653
Приволжский федеральный округ;2009;2666624.8;797767.6297
Республика Башкортостан;2009;458949.2;143225.0142
Республика Марий Эл;2009;39924.8;12772.9194
Республика Мордовия;2009;44112.4;13261.8176
Республика Татарстан;2009;393903.6;132938.5001
Удмуртская Республика;2009;98100.7;29398.0669
Чувашская Республика;2009;72596.3;25952.9539
Пермский край;2009;290195.9;78573.6074
Кировская область;2009;79403.3;30403.6242
Нижегородская область ;2009;310266.6;78817.3882
Оренбургская область;2009;136473.4;47419.4042
Пензенская область;2009;102888.8;26375.245
Самарская область;2009;388483.9;106470.2767
Саратовская область;2009;163530.6;45949.3791
Ульяновская область;2009;87795.3;26209.4328
Уральский         федеральный округ;2009;1480465.5;382683.0006
Курганская область;2009;68309.3;18282.6979
Свердловская область ;2009;553186;154651.9067
Тюменская область;2009;510666.4;134943.1298
в том числе:;2009;0;0
Ханты-Мансийский автономный округ - Югра;2009;259453.2;62624.4996
Ямало-Ненецкий автономный округ;2009;88526.7;27815.5666
Тюменская область  без автономных округов;2009;0;0
Челябинская область;2009;348303.8;74805.2662
Сибирский        федеральный округ;2009;1598045.9;403004.9749
Республика Алтай;2009;10896.1;2347.4437
Республика Тыва;2009;10244;3088.0984
Республика Хакасия;2009;31743.7;10757.7921
Алтайский край;2009;159003.2;47317.3772
Красноярский край;2009;279179.1;77674.6796
Иркутская область;2009;191358.8;54877.6373
Кемеровская область;2009;234237.1;57872.8055
Новосибирская область ;2009;278436.8;67534.8836
Омская область;2009;167764.2;48447.182
Томская область;2009;75654.3;33087.0755
Дальневосточный федеральный округ;2009;594223.3;304921
Республика Бурятия;2009;75365.9;19082.1127
Республика Саха (Якутия);2009;100238.8;40787.7171
Забайкальский край;2009;84162.7;19754.3034
Камчатский край;2009;30602.9;14846.0858
Приморский край;2009;164582;71069.3484
Хабаровский край ;2009;128533.2;71314.5497
Амурская область;2009;59490.8;19900.6575
Магаданская область;2009;13197.6;9568.9078
Сахалинская область;2009;79158.4;32389.9391
Еврейская автономная область;2009;13423.1;3873.8854
Чукотский автономный округ;2009;4996.5;2333.2978
Центральный федеральный округ;2010;5644616.2;1701292.695
Белгородская область;2010;143302;44436.6871
Брянская область;2010;110850.2;30110.9576
Владимирская область;2010;101592.6;38779.6785
Воронежская область;2010;215519.2;59386.2323
Ивановская область;2010;71001.2;23031.8588
Калужская область;2010;98856.7;27030.4246
Костромская область;2010;49162.3;14584.0762
Курская область;2010;97694.9;28788.8136
Липецкая область;2010;117750.3;30928.3205
Московская область;2010;1016779.7;258156.1147
Орловская область;2010;62813.4;16888.3635
Рязанская область;2010;97030.4;27072.5316
Смоленская область;2010;98023.1;19828.3677
Тамбовская область;2010;98311.1;26893.7449
Тверская область;2010;126770.2;30556.1702
Тульская область;2010;151330.7;38616.1413
Ярославская область;2010;105411.2;32218.6445
г. Москва;2010;2882416.9;953985.5671
Северо-Западный федеральный округ;2010;1544705.1;555961.1383
Республика Карелия;2010;60033.4;18319.7899
Республика Коми;2010;110493.9;34825.8506
Архангельская область;2010;122992.9;46663.6532
в том числе: ;2010;0;0
Ненецкий автономный округ;2010;4929.5;1641.4231
Архангельская область без автономного округа;2010;0;0
Вологодская область;2010;85456.3;34792.5666
Калининградская область;2010;90573.2;29768.8719
Ленинградская область;2010;169587.4;36702.3817
Мурманская область;2010;102865;37794.6694
Новгородская область;2010;59787.4;19425.714
Псковская область;2010;57864.7;16329.8475
г. Санкт-Петербург;2010;685050.9;281337.7935
Южный             федеральный округ;2010;1482637.9;415198.7649
Республика Адыгея;2010;36620.7;6280.5478
Республика Калмыкия;2010;9817.2;3110.8219
Республика Крым;2010;0;0
Краснодарский край;2010;646284.1;186095.1396
Астраханская область;2010;100303.2;24509.5578
Волгоградская область;2010;225497.1;85380.2812
Ростовская область;2010;464115.5;109822.4166
г. Севастополь;2010;0;0
Северо-Кавказский        федеральный округ;2010;800289;192535.8188
Республика Дагестан;2010;317207.3;60775.8312
Республика Ингушетия;2010;8316.8;7480.8725
Кабардино-Балкарская Республика;2010;62861;14925.1821
Карачаево-Черкесская Республика;2010;27645;8451.7183
Республика Северная Осетия - Алания;2010;54371.5;16358.5244
Чеченская Республика;2010;55527.2;10555.5408
Ставропольский край;2010;274360.2;73988.1495
Приволжский федеральный округ;2010;3002552.6;878027.2494
Республика Башкортостан;2010;512128.9;143714.3929
Республика Марий Эл;2010;43625.7;14150.0976
Республика Мордовия;2010;48409.5;15662.5337
Республика Татарстан;2010;454393.5;154128.4179
Удмуртская Республика;2010;116834.2;33773.8176
Чувашская Республика;2010;82239.5;28157.7667
Пермский край;2010;316149.3;90667.6006
Кировская область;2010;95621.5;31849.3123
Нижегородская область ;2010;350747.5;88733.4602
Оренбургская область;2010;157681.8;52166.8185
Пензенская область;2010;113519.2;28951.2762
Самарская область;2010;423533.6;112061.3327
Саратовская область;2010;183984.1;53773.9278
Ульяновская область;2010;103684.2;30236.4947
Уральский         федеральный округ;2010;1611277.5;415871.4451
Курганская область;2010;72494.6;18757.3406
Свердловская область ;2010;646015.8;175515.1515
Тюменская область;2010;519347.3;139294.8393
в том числе:;2010;0;0
Ханты-Мансийский автономный округ - Югра;2010;253891.6;65275.6296
Ямало-Ненецкий автономный округ;2010;87533.5;29928.6358
Тюменская область  без автономных округов;2010;0;0
Челябинская область;2010;373419.8;82304.1137
Сибирский        федеральный округ;2010;1768915;440555.5976
Республика Алтай;2010;12097.6;2650.0819
Республика Тыва;2010;11851.3;3602.4833
Республика Хакасия;2010;36881.6;11595.0147
Алтайский край;2010;180376.9;50944.2268
Красноярский край;2010;312290.6;87785.158
Иркутская область;2010;197271.8;63253.4816
Кемеровская область;2010;258977.1;59869.5231
Новосибирская область ;2010;311987.1;76491.7703
Омская область;2010;185228.6;53534.3963
Томская область;2010;82485.3;30829.4616
Дальневосточный федеральный округ;2010;657053.7;344039
Республика Бурятия;2010;85436.4;20723.4535
Республика Саха (Якутия);2010;109117.9;46736.1772
Забайкальский край;2010;94030.6;22605.4517
Камчатский край;2010;33640.3;16646.4854
Приморский край;2010;177504.5;81418.8695
Хабаровский край ;2010;144975.1;80300.183
Амурская область;2010;66934.6;24749.6038
Магаданская область;2010;14742.8;9558.5702
Сахалинская область;2010;89488.1;34170.9051
Еврейская автономная область;2010;14897.3;4464.5191
Чукотский автономный округ;2010;5753.1;2665.2163
Центральный федеральный округ;2011;6594385.7;1872211.487
Белгородская область;2011;166558.3;49775.6812
Брянская область;2011;135800.9;34124.8574
Владимирская область;2011;122486.5;43514.457
Воронежская область;2011;264358.7;68501.8351
Ивановская область;2011;90945.1;26236.32
Калужская область;2011;119066.3;30236.682
Костромская область;2011;57601;16523.5746
Курская область;2011;115979.1;31262.8359
Липецкая область;2011;138576.7;35229.2917
Московская область;2011;1207783;285878.8098
Орловская область;2011;73854.8;20060.5188
Рязанская область;2011;112883;30230.4703
Смоленская область;2011;109596.2;22550.9812
Тамбовская область;2011;115034.6;29933.3823
Тверская область;2011;142301.7;33783.9976
Тульская область;2011;171442;45055.6538
Ярославская область;2011;128070.7;35406.3212
г. Москва;2011;3322047;1033905.817
Северо-Западный федеральный округ;2011;1743422;621213.9188
Республика Карелия;2011;69919.6;20254.6979
Республика Коми;2011;126605.2;38124.0285
Архангельская область;2011;144731.4;52494.9201
в том числе: ;2011;0;0
Ненецкий автономный округ;2011;5627.6;1739.9597
Архангельская область без автономного округа;2011;0;0
Вологодская область;2011;100024.3;39310.0867
Калининградская область;2011;100894.9;31657.7344
Ленинградская область;2011;209684.5;41773.9753
Мурманская область;2011;112750.3;40237.2655
Новгородская область;2011;67745.7;22768.6338
Псковская область;2011;68961.7;18284.6352
г. Санкт-Петербург;2011;742104.4;316307.9414
Южный             федеральный округ;2011;1702429;469853.7323
Республика Адыгея;2011;44977;7372.6293
Республика Калмыкия;2011;12361.7;3455.027
Республика Крым;2011;0;0
Краснодарский край;2011;731407.6;214282.2646
Астраханская область;2011;116786.2;26858.1009
Волгоградская область;2011;254394.2;95779.5262
Ростовская область;2011;542502.3;122106.1843
г. Севастополь;2011;0;0
Северо-Кавказский        федеральный округ;2011;948448;220309.137
Республика Дагестан;2011;358216.4;66957.0971
Республика Ингушетия;2011;13273.7;8125.8096
Кабардино-Балкарская Республика;2011;73110.7;17368.1411
Карачаево-Черкесская Республика;2011;31035.8;9285.5185
Республика Северная Осетия - Алания;2011;67363.4;19129.3648
Чеченская Республика;2011;73082.9;14158.4571
Ставропольский край;2011;332365.1;85284.7488
Приволжский федеральный округ;2011;3469159.6;988903.9165
Республика Башкортостан;2011;577987.3;160603.7881
Республика Марий Эл;2011;50282.8;15816.6763
Республика Мордовия;2011;52995.1;17408.3548
Республика Татарстан;2011;534877.3;176247.2352
Удмуртская Республика;2011;140015.1;37297.7404
Чувашская Республика;2011;97045.1;31560.3391
Пермский край;2011;365875.8;102886.5079
Кировская область;2011;116617.4;35678.2427
Нижегородская область ;2011;421498.7;100009.876
Оренбургская область;2011;187098.8;58717.0851
Пензенская область;2011;131017.3;31467.8676
Самарская область;2011;463930.4;121925.7189
Саратовская область;2011;214476;65077.8162
Ульяновская область;2011;115442.5;34206.6682
Уральский         федеральный округ;2011;1840346.2;481804.1941
Курганская область;2011;80001.5;22191.8958
Свердловская область ;2011;764558.3;199656.3275
Тюменская область;2011;574436.3;154093.02
в том числе:;2011;0;0
Ханты-Мансийский автономный округ - Югра;2011;271930.8;73073.314
Ямало-Ненецкий автономный округ;2011;98810.6;31174.3928
Тюменская область  без автономных округов;2011;0;0
Челябинская область;2011;421350.1;105862.9508
Сибирский        федеральный округ;2011;2064138.2;490098.464
Республика Алтай;2011;14312;2955.8638
Республика Тыва;2011;13741.6;4063.0806
Республика Хакасия;2011;46034;13116.6799
Алтайский край;2011;218077.2;56760.3068
Красноярский край;2011;361606.8;96364.8582
Иркутская область;2011;225845.8;68371.5004
Кемеровская область;2011;287279.5;67564.9743
Новосибирская область ;2011;368292.5;88927.6978
Омская область;2011;228594.6;59984.5841
Томская область;2011;93050.3;31988.9181
Дальневосточный федеральный округ;2011;742007.8;396259
Республика Бурятия;2011;100937.9;24130.3162
Республика Саха (Якутия);2011;119573.3;52010.9611
Забайкальский край;2011;106366;26635.0321
Камчатский край;2011;37669.6;19411.77
Приморский край;2011;195798.3;96370.9139
Хабаровский край ;2011;167132.3;90355.5055
Амурская область;2011;86004.3;29038.5834
Магаданская область;2011;17002.4;10927.7029
Сахалинская область;2011;97388.9;39275.7687
Еврейская автономная область;2011;15456.2;5180.3385
Чукотский автономный округ;2011;5982.5;2922.3386
Центральный федеральный округ;2012;7287582.4;2017121.985
Белгородская область;2012;199861.1;53115.2387
Брянская область;2012;152515.5;36157.3117
Владимирская область;2012;148174;49433.2765
Воронежская область;2012;324310;77444.688
Ивановская область;2012;115478.3;28351.1709
Калужская область;2012;134021.6;33168.278
Костромская область;2012;63254.5;18079.169
Курская область;2012;131875.5;34416.1214
Липецкая область;2012;156042.8;39463.788
Московская область;2012;1259362.1;305363.4764
Орловская область;2012;82138;22341.5083
Рязанская область;2012;129543.5;32290.7379
Смоленская область;2012;120555.9;24019.6759
Тамбовская область;2012;132277.1;33599.2046
Тверская область;2012;161705;37402.0765
Тульская область;2012;191664.4;49519.7555
Ярославская область;2012;145088;37998.1493
г. Москва;2012;3639715.1;1104958.358
Северо-Западный федеральный округ;2012;1967542.2;675510.9424
Республика Карелия;2012;78438.8;22655.5914
Республика Коми;2012;137899;40448.7764
Архангельская область;2012;163823.6;57538.5478
в том числе: ;2012;0;0
Ненецкий автономный округ;2012;6197.9;2101.5229
Архангельская область без автономного округа;2012;0;0
Вологодская область;2012;125682.7;41259.4839
Калининградская область;2012;109321.2;34252.497
Ленинградская область;2012;230530.4;46799.983
Мурманская область;2012;123492.1;43145.1882
Новгородская область;2012;76986.2;26212.7924
Псковская область;2012;76608.8;19429.1755
г. Санкт-Петербург;2012;844759.4;343768.9068
Южный             федеральный округ;2012;1919622.3;523099.6549
Республика Адыгея;2012;57368.1;8451.2506
Республика Калмыкия;2012;14591.8;3875.233
Республика Крым;2012;0;0
Краснодарский край;2012;816298;241536.0152
Астраханская область;2012;132989.6;29077.464
Волгоградская область;2012;279235.1;107892.6113
Ростовская область;2012;619139.6;132267.0808
г. Севастополь;2012;0;0
Северо-Кавказский        федеральный округ;2012;1091748.5;243396.1627
Республика Дагестан;2012;399189.5;73655.353
Республика Ингушетия;2012;14409.6;8835.9244
Кабардино-Балкарская Республика;2012;80549.5;18972.6782
Карачаево-Черкесская Республика;2012;33589.1;10174.6717
Республика Северная Осетия - Алания;2012;76490;20459.2082
Чеченская Республика;2012;90925;14449.076
Ставропольский край;2012;396595.8;96849.2512
Приволжский федеральный округ;2012;3913676;1075486.021
Республика Башкортостан;2012;633942.7;178963.5162
Республика Марий Эл;2012;56068.3;17154.8403
Республика Мордовия;2012;57692.6;18979.9255
Республика Татарстан;2012;650696.8;191119.6344
Удмуртская Республика;2012;156931.6;40843.0023
Чувашская Республика;2012;108746.6;34349.9006
Пермский край;2012;401727.1;112432.2106
Кировская область;2012;131278.2;38212.1479
Нижегородская область ;2012;482677;112624.2918
Оренбургская область;2012;214089.8;64752.9161
Пензенская область;2012;141099.8;34476.7232
Самарская область;2012;502042.2;125341.0394
Саратовская область;2012;243937.4;68355.9084
Ульяновская область;2012;132745.9;37879.9645
Уральский         федеральный округ;2012;2065036.3;518674.4743
Курганская область;2012;87381.2;23465.8595
Свердловская область ;2012;858801.4;214996.3807
Тюменская область;2012;653156.9;167741.2929
в том числе:;2012;0;0
Ханты-Мансийский автономный округ - Югра;2012;303132.9;77161.3921
Ямало-Ненецкий автономный округ;2012;108558.7;33100.7562
Тюменская область  без автономных округов;2012;0;0
Челябинская область;2012;465696.8;112470.9412
Сибирский        федеральный округ;2012;2330901.3;541122.4374
Республика Алтай;2012;15825.9;3266.0068
Республика Тыва;2012;15169.4;4549.1827
Республика Хакасия;2012;56540.9;14006.0814
Алтайский край;2012;254124.7;60409.2396
Красноярский край;2012;423839.8;106583.6273
Иркутская область;2012;249988.4;74599.9542
Кемеровская область;2012;317748.2;76632.314
Новосибирская область ;2012;398830.9;102133.8723
Омская область;2012;263914.9;64509.9692
Томская область;2012;105186.2;34432.1899
Дальневосточный федеральный округ;2012;818417.2;442427
Республика Бурятия;2012;113573.1;27054.5623
Республика Саха (Якутия);2012;129122.9;55106.992
Забайкальский край;2012;116158.9;30488.4262
Камчатский край;2012;40237.4;21759.8526
Приморский край;2012;214571.2;114686.31
Хабаровский край ;2012;184692.2;98033.5284
Амурская область;2012;104207.1;30812.4862
Магаданская область;2012;19380.2;12430.6535
Сахалинская область;2012;103393.4;43673.9474
Еврейская автономная область;2012;17049.3;5594.7044
Чукотский автономный округ;2012;5763.5;2785.4392
Центральный федеральный округ;2013;8036406.9;2340149.729
Белгородская область;2013;223657.5;64114.7918
Брянская область;2013;173077.4;40064.2613
Владимирская область;2013;164720.4;59775.8226
Воронежская область;2013;368595.7;90948.4658
Ивановская область;2013;127422;32581.5132
Калужская область;2013;145285.1;37990.7885
Костромская область;2013;69017.1;21009.3308
Курская область;2013;145858.2;40004.3418
Липецкая область;2013;175734.6;45833.2489
Московская область;2013;1360001.7;404496.3839
Орловская область;2013;90420.6;26025.4991
Рязанская область;2013;141307.9;35331.6327
Смоленская область;2013;131050.5;26784.8551
Тамбовская область;2013;150033.2;38694.2777
Тверская область;2013;177080;41489.5186
Тульская область;2013;209056.1;55352.5405
Ярославская область;2013;167102;41597.3459
г. Москва;2013;4016986.9;1238055.111
Северо-Западный федеральный округ;2013;2147205;734077.8838
Республика Карелия;2013;86819.8;25093.689
Республика Коми;2013;146960.6;44459.5181
Архангельская область;2013;184726.8;54294.0389
в том числе: ;2013;0;0
Ненецкий автономный округ;2013;6786.2;2349.2336
Архангельская область без автономного округа;2013;177940.6;51944.8053
Вологодская область;2013;134739.9;46322.7822
Калининградская область;2013;118058.9;37991.0846
Ленинградская область;2013;247986.9;53905.7357
Мурманская область;2013;137536.9;50681.6084
Новгородская область;2013;85365.3;28870.0566
Псковская область;2013;84289.1;19785.6196
г. Санкт-Петербург;2013;920720.7;372673.7507
Южный             федеральный округ;2013;2134592;629606.5676
Республика Адыгея;2013;67361.2;10175.7085
Республика Калмыкия;2013;15960.7;4290.0029
Республика Крым;2013;0;0
Краснодарский край;2013;916570;315013.6622
Астраханская область;2013;150199.6;31705.399
Волгоградская область;2013;301586.5;113897.0974
Ростовская область;2013;682913.9;154524.6976
г. Севастополь;2013;0;0
Северо-Кавказский        федеральный округ;2013;1209370.1;298487.9621
Республика Дагестан;2013;451642.1;85805.7846
Республика Ингушетия;2013;16542.1;9049.8025
Кабардино-Балкарская Республика;2013;89855.4;21880.5352
Карачаево-Черкесская Республика;2013;34720.6;11245.66
Республика Северная Осетия - Алания;2013;84220;21887.1594
Чеченская Республика;2013;102958.6;29862.2438
Ставропольский край;2013;429431.3;118756.7766
Приволжский федеральный округ;2013;4377960.8;1213789.191
Республика Башкортостан;2013;721818.1;196574.886
Республика Марий Эл;2013;63780.2;18588.6118
Республика Мордовия;2013;63014.1;20775.1413
Республика Татарстан;2013;712966.7;212334.0764
Удмуртская Республика;2013;177486;48991.4616
Чувашская Республика;2013;119867.8;38002.8941
Пермский край;2013;453294.5;124279.1475
Кировская область;2013;149229.4;45133.4297
Нижегородская область ;2013;539844.1;140758.716
Оренбургская область;2013;240773.4;73811.6218
Пензенская область;2013;161841.9;40371.6366
Самарская область;2013;558547.2;135873.61
Саратовская область;2013;267193.3;76134.9676
Ульяновская область;2013;148304;42158.9903
Уральский         федеральный округ;2013;2302653.1;586559.3556
Курганская область;2013;94898.3;26224.7278
Свердловская область ;2013;953972.8;253270.9346
Тюменская область;2013;747381;181279.5997
в том числе:;2013;0;0
Ханты-Мансийский автономный округ - Югра;2013;341358;85369.5272
Ямало-Ненецкий автономный округ;2013;119857.3;35771.6803
Тюменская область  без автономных округов;2013;286165.7;60138.3921
Челябинская область;2013;506401;125784.0935
Сибирский        федеральный округ;2013;2555023.8;619122.6797
Республика Алтай;2013;17721.1;3614.6178
Республика Тыва;2013;16829.8;5120.3295
Республика Хакасия;2013;60791.2;14913.4612
Алтайский край;2013;282804.2;65891.165
Красноярский край;2013;462064.7;128220.7058
Иркутская область;2013;266525.9;81574.656
Кемеровская область;2013;344841.8;86762.5844
Новосибирская область ;2013;433531.1;121333.9349
Омская область;2013;294569.8;71804.207
Томская область;2013;118013.2;39887.0181
Дальневосточный федеральный округ;2013;922701.8;505688
Республика Бурятия;2013;130418.4;35884.5155
Республика Саха (Якутия);2013;142854.7;62171.5213
Забайкальский край;2013;126912.5;36347.1478
Камчатский край;2013;42367.9;26136.5441
Приморский край;2013;248818.7;131730.7154
Хабаровский край ;2013;210413.5;109645.9349
Амурская область;2013;118288.3;36852.0954
Магаданская область;2013;23214.5;12922.2307
Сахалинская область;2013;112666.5;42724.6752
Еврейская автономная область;2013;18594.5;7077.1943
Чукотский автономный округ;2013;5483.2;4195.8287
Центральный федеральный округ;2014;9016550.9;2511428.635
Белгородская область;2014;253669.7;70453.4047
Брянская область;2014;196187.2;42682.044
Владимирская область;2014;182615.6;64011.0496
Воронежская область;2014;422902.3;99563.7529
Ивановская область;2014;143715.2;36921.2994
Калужская область;2014;162837.3;41290.7756
Костромская область;2014;75343;22608.4902
Курская область;2014;164199.8;44706.9389
Липецкая область;2014;198277.1;50959.3215
Московская область;2014;1582372.1;427558.1856
Орловская область;2014;100886.5;28261.0334
Рязанская область;2014;159369.2;37908.5099
Смоленская область;2014;144959.7;30038.1725
Тамбовская область;2014;167903.4;42424.6367
Тверская область;2014;202162.6;42022.7529
Тульская область;2014;231976.2;59850.5349
Ярославская область;2014;190275.6;46011.7918
г. Москва;2014;4436898.4;1324155.941
Северо-Западный федеральный округ;2014;2383450.3;777256.3865
Республика Карелия;2014;97333.1;27318.3829
Республика Коми;2014;157965.2;45734.5159
Архангельская область;2014;209592.9;59624.9882
в том числе: ;2014;0;0
Ненецкий автономный округ;2014;7705.6;2512.8519
Архангельская область без автономного округа;2014;201887.3;57112.1363
Вологодская область;2014;149041;50738.9095
Калининградская область;2014;131986.7;41851.7171
Ленинградская область;2014;277458.2;57996.7505
Мурманская область;2014;151386.6;54787.5325
Новгородская область;2014;96388.9;31720.5296
Псковская область;2014;94674.7;21039.1901
г. Санкт-Петербург;2014;1017623;386443.8702
Южный             федеральный округ;2014;2405182;714470.5621
Республика Адыгея;2014;73873.9;11243.2999
Республика Калмыкия;2014;17659.3;4608.4849
Республика Крым;2014;148891.6;8624.2079
Краснодарский край;2014;1068889;360831.9377
Астраханская область;2014;165462.8;34874.2711
Волгоградская область;2014;325165;120534.9308
Ростовская область;2014;754132;171447.3389
г. Севастополь;2014;34959.9;2306.0909
Северо-Кавказский        федеральный округ;2014;1340343.9;333084.2433
Республика Дагестан;2014;509251.4;96395.5548
Республика Ингушетия;2014;19165.7;9582.8683
Кабардино-Балкарская Республика;2014;100117.8;24030.1506
Карачаево-Черкесская Республика;2014;36815.3;11757.9721
Республика Северная Осетия - Алания;2014;92897.6;23268.0227
Чеченская Республика;2014;119956;37771.0986
Ставропольский край;2014;462140.1;130278.5762
Приволжский федеральный округ;2014;4851273.5;1303083.113
Республика Башкортостан;2014;781337.8;218847.5118
Республика Марий Эл;2014;73125.1;19613.4293
Республика Мордовия;2014;72791.2;22187.3685
Республика Татарстан;2014;781014.2;229759.7107
Удмуртская Республика;2014;196727.6;52494.7301
Чувашская Республика;2014;131887.3;39945.1785
Пермский край;2014;487372.8;130983.7319
Кировская область;2014;165064.7;48021.7462
Нижегородская область ;2014;623085.3;149205.5258
Оренбургская область;2014;269615;80014.4868
Пензенская область;2014;180978.8;43357.9594
Самарская область;2014;623718.1;144819.4795
Саратовская область;2014;301183;78937.7698
Ульяновская область;2014;163372.5;44894.4844
Уральский         федеральный округ;2014;2435413.2;638071.2157
Курганская область;2014;102280.8;27001.0095
Свердловская область ;2014;998642.6;281070.8674
Тюменская область;2014;795674.6;195973.5751
в том числе:;2014;0;0
Ханты-Мансийский автономный округ - Югра;2014;359505.8;92177.3888
Ямало-Ненецкий автономный округ;2014;127136.2;37218.937
Тюменская область  без автономных округов;2014;309032.6;66577.2493
Челябинская область;2014;538815.2;134025.7637
Сибирский        федеральный округ;2014;2696933.4;653144.5016
Республика Алтай;2014;20730.2;3934.8279
Республика Тыва;2014;18785.7;5274.9812
Республика Хакасия;2014;65891.3;15786.83
Алтайский край;2014;306526.3;72008.0703
Красноярский край;2014;490612.6;130323.5658
Иркутская область;2014;285855.7;84474.4254
Кемеровская область;2014;335091.6;91909.5318
Новосибирская область ;2014;461744.4;129952.0902
Омская область;2014;314167.9;77460.182
Томская область;2014;123369.2;42019.997
Дальневосточный федеральный округ;2014;1043238.6;536983
Республика Бурятия;2014;138124.8;38748.4374
Республика Саха (Якутия);2014;165817.9;67744.8673
Забайкальский край;2014;136033.7;38839.4904
Камчатский край;2014;45826.2;27104.6091
Приморский край;2014;285901.4;138156.7378
Хабаровский край ;2014;239263;118595.5486
Амурская область;2014;132756.4;38510.6973
Магаданская область;2014;26062.9;13137.0366
Сахалинская область;2014;122551.3;44552.4886
Еврейская автономная область;2014;19863.4;7364.3486
Чукотский автономный округ;2014;5196.1;4228.5703
Центральный федеральный округ;2015;9278379.5;2692079.262
Белгородская область;2015;275878.4;74392.5788
Брянская область;2015;217652.8;45074.3938
Владимирская область;2015;195364.6;66909.0527
Воронежская область;2015;463696.3;110399.1428
Ивановская область;2015;148132.7;38453.44
Калужская область;2015;168897.4;43478.3166
Костромская область;2015;85533.8;24042.732
Курская область;2015;179787.8;48381.5078
Липецкая область;2015;215896.2;55228.2148
Московская область;2015;1725247.4;452056.2669
Орловская область;2015;114912.1;30769.5954
Рязанская область;2015;168427.8;39834.4422
Смоленская область;2015;157362.9;31238.1343
Тамбовская область;2015;182429.3;44633.7564
Тверская область;2015;211105.3;46361.3318
Тульская область;2015;253383;64388.6284
Ярославская область;2015;204565;48323.766
г. Москва;2015;4310106.7;1428113.962
Северо-Западный федеральный округ;2015;2600929.3;826164.527
Республика Карелия;2015;103880.9;28842.9862
Республика Коми;2015;150511.4;45898.6002
Архангельская область;2015;228981;63710.299
в том числе: ;2015;0;0
Ненецкий автономный округ;2015;8381.1;2719.0512
Архангельская область без автономного округа;2015;220599.9;60991.2478
Вологодская область;2015;157333.1;53308.493
Калининградская область;2015;141958.6;45809.759
Ленинградская область;2015;311317.6;63003.8392
Мурманская область;2015;153670.1;54961.8205
Новгородская область;2015;107010;33070.2981
Псковская область;2015;101659.3;23489.4489
г. Санкт-Петербург;2015;1144607.3;414068.9829
Южный             федеральный округ;2015;2597810.2;874205.1932
Республика Адыгея;2015;73232.6;11515.3722
Республика Калмыкия;2015;17904.6;4869.096
Республика Крым;2015;214710.2;73772.0867
Краснодарский край;2015;1160565.9;408125.5497
Астраханская область;2015;174292.9;35690.5143
Волгоградская область;2015;346899.7;131503.6095
Ростовская область;2015;824914.5;187603.3024
г. Севастополь;2015;38462.7;21125.6624
Северо-Кавказский        федеральный округ;2015;1503389.3;362075.5774
Республика Дагестан;2015;618292.1;105899.0665
Республика Ингушетия;2015;21823.6;9938.0141
Кабардино-Балкарская Республика;2015;112947.6;26197.7022
Карачаево-Черкесская Республика;2015;35081;12224.2862
Республика Северная Осетия - Алания;2015;101910.5;24970.0971
Чеченская Республика;2015;146703.7;42837.8944
Ставропольский край;2015;466630.8;140008.5169
Приволжский федеральный округ;2015;4879977.8;1368355.524
Республика Башкортостан;2015;784663.1;231570.0728
Республика Марий Эл;2015;76579;20463.3337
Республика Мордовия;2015;77889.4;23200.3328
Республика Татарстан;2015;776236;247693.0064
Удмуртская Республика;2015;207024.3;53793.2054
Чувашская Республика;2015;136737.9;42140.7068
Пермский край;2015;478047.5;133267.7712
Кировская область;2015;174876.6;49647.3292
Нижегородская область ;2015;625136.7;153966.4696
Оренбургская область;2015;278368.2;83888.1306
Пензенская область;2015;191367.5;47723.1083
Самарская область;2015;589987.9;152110.9508
Саратовская область;2015;314121.7;81001.0528
Ульяновская область;2015;168941.9;47890.0538
Уральский         федеральный округ;2015;2484078.3;688535.2863
Курганская область;2015;105765.5;28218.0467
Свердловская область ;2015;1035793;312042.4797
Тюменская область;2015;829441.3;210513.1893
в том числе:;2015;0;0
Ханты-Мансийский автономный округ - Югра;2015;370923.1;96126.893
Ямало-Ненецкий автономный округ;2015;131876.2;38731.9014
Тюменская область  без автономных округов;2015;326642;75654.3949
Челябинская область;2015;513078.5;137761.5706
Сибирский        федеральный округ;2015;2740453.7;685602.1394
Республика Алтай;2015;21648.2;4570.5507
Республика Тыва;2015;21581.3;5594.3322
Республика Хакасия;2015;73611.5;16585.9905
Алтайский край;2015;321229.5;79760.8967
Красноярский край;2015;473397.6;136815.2064
Иркутская область;2015;290845.1;82919.3823
Кемеровская область;2015;343368;97233.6078
Новосибирская область ;2015;444352.9;133320.1596
Омская область;2015;306692.1;82944.5446
Томская область;2015;134226;45857.4686
Дальневосточный федеральный округ;2015;1188602.2;553790
Республика Бурятия;2015;162560.7;41943.6868
Республика Саха (Якутия);2015;188484.6;70770.9196
Забайкальский край;2015;146940.7;41055.6772
Камчатский край;2015;50432.4;27067.3829
Приморский край;2015;341742.9;131537.9232
Хабаровский край ;2015;271562;125494.3672
Амурская область;2015;147412.6;41106.647
Магаданская область;2015;27640.5;13829.817
Сахалинская область;2015;132950.3;48676.7059
Еврейская автономная область;2015;22368.5;7878.6498
Чукотский автономный округ;2015;6008.4;4428.4325
Центральный федеральный округ;2016;9531829.8;2979150.087
Белгородская область;2016;298669.8;77677.2073
Брянская область;2016;219879.3;47409.7769
Владимирская область;2016;200149.1;66896.4232
Воронежская область;2016;487054.2;118237.5861
Ивановская область;2016;147372.7;40152.2919
Калужская область;2016;177419.1;45271.8459
Костромская область;2016;93648.1;24988.7622
Курская область;2016;189617.7;50979.7977
Липецкая область;2016;226044.5;59430.3904
Московская область;2016;1901369.2;468005.4474
Орловская область;2016;118382.5;32630.0003
Рязанская область;2016;170446.3;43070.6518
Смоленская область;2016;152916.1;32078.5398
Тамбовская область;2016;189897.1;46763.6448
Тверская область;2016;214151.9;49674.3106
Тульская область;2016;256587.3;66018.817
Ярославская область;2016;205814.8;52023.9893
г. Москва;2016;4282410.1;1657840.604
Северо-Западный федеральный округ;2016;2742436.9;880570.4798
Республика Карелия;2016;107326;30795.6283
Республика Коми;2016;145963.5;47153.2032
Архангельская область;2016;237514.5;65824.4385
в том числе: ;2016;0;0
Ненецкий автономный округ;2016;8957.4;2893.4385
Архангельская область без автономного округа;2016;228557.1;62931
Вологодская область;2016;161530.2;54554.25
Калининградская область;2016;150308;51268.1382
Ленинградская область;2016;342645.4;69066.5841
Мурманская область;2016;154756.5;56778.2329
Новгородская область;2016;108537.3;33025.2277
Псковская область;2016;99532;24692.9264
г. Санкт-Петербург;2016;1234323.5;447411.8505
Южный             федеральный округ;2016;2994483.5;938393.1003
Республика Адыгея;2016;80130.9;12679.2553
Республика Калмыкия;2016;18803;5030.1118
Республика Крым;2016;219861.4;80102.9437
Краснодарский край;2016;1247914.4;446299.0323
Астраханская область;2016;167320.3;37081.8085
Волгоградская область;2016;345656.8;125910.4579
Ростовская область;2016;853290.2;201235.0253
г. Севастополь;2016;61506.5;30054.4655
Северо-Кавказский        федеральный округ;2016;1473318.3;378266.6675
Республика Дагестан;2016;594637;109131.3797
Республика Ингушетия;2016;21908.3;9991.334
Кабардино-Балкарская Республика;2016;118274.7;27761.7238
Карачаево-Черкесская Республика;2016;35702.4;12969.8542
Республика Северная Осетия - Алания;2016;105349.1;25975.9137
Чеченская Республика;2016;152437.5;47019.5711
Ставропольский край;2016;445009.3;145416.891
Приволжский федеральный округ;2016;4977617.1;1425145.405
Республика Башкортостан;2016;803226.1;240018.6432
Республика Марий Эл;2016;78497.6;21122.2866
Республика Мордовия;2016;82084.4;24095.1635
Республика Татарстан;2016;801642.4;259238.3476
Удмуртская Республика;2016;211091.2;58790.5848
Чувашская Республика;2016;137166.4;45127.1776
Пермский край;2016;482929.6;140122.573
Кировская область;2016;177188.8;51518.8269
Нижегородская область ;2016;652766.1;160785.632
Оренбургская область;2016;274944.3;80524.2102
Пензенская область;2016;188372.4;49744.4919
Самарская область;2016;599368.2;157723.2495
Саратовская область;2016;319374.2;86510.7147
Ульяновская область;2016;168965.4;49823.5032
Уральский         федеральный округ;2016;2475431.2;727807.4568
Курганская область;2016;104329.3;28937.2169
Свердловская область ;2016;1054176.6;334386.2601
Тюменская область;2016;823248.8;222374.3006
в том числе:;2016;0;0
Ханты-Мансийский автономный округ - Югра;2016;366782;101035.7905
Ямало-Ненецкий автономный округ;2016;122658.4;41180.672
Тюменская область  без автономных округов;2016;333808.4;80157.8373
Челябинская область;2016;493676.5;142109.6792
Сибирский        федеральный округ;2016;2797007.8;725271.791
Республика Алтай;2016;22833.4;4941.3047
Республика Тыва;2016;21490.9;5784.6686
Республика Хакасия;2016;74645;16777.4656
Алтайский край;2016;326858.6;84542.7734
Красноярский край;2016;502075.8;141580.1295
Иркутская область;2016;305112.1;90501.6503
Кемеровская область;2016;339146.6;101303.6516
Новосибирская область ;2016;449992.5;144465.1417
Омская область;2016;291862.4;88508.876
Томская область;2016;141343.8;46866.1296
Дальневосточный федеральный округ;2016;1248760.3;581672
Республика Бурятия;2016;167899.9;43434.5193
Республика Саха (Якутия);2016;203555;76823.0194
Забайкальский край;2016;153746.8;42619.2471
Камчатский край;2016;52037.7;28363.3238
Приморский край;2016;353985.1;133155.6165
Хабаровский край ;2016;291098.4;135419.87
Амурская область;2016;153931.1;42752.3884
Магаданская область;2016;29562.5;15060.78
Сахалинская область;2016;134731.7;51231.6525
Еврейская автономная область;2016;22159.4;8301.9727
Чукотский автономный округ;2016;7699.4;4509.2607
Центральный федеральный округ;2017;10140135.8;3180228.747
Белгородская область;2017;315389.9;80857.7603
Брянская область;2017;234367.2;49890.7756
Владимирская область;2017;211869.5;68738.6865
Воронежская область;2017;516648.5;124815.9462
Ивановская область;2017;156904.6;41799.1777
Калужская область;2017;186001.8;47059.6052
Костромская область;2017;97322.6;25840.3141
Курская область;2017;197188.3;52531.5479
Липецкая область;2017;236980.4;63055.6017
Московская область;2017;2093604.5;491239.8725
Орловская область;2017;124681;34287.5733
Рязанская область;2017;179999.3;46087.3955
Смоленская область;2017;158253.4;33545.6155
Тамбовская область;2017;194712;48095.682
Тверская область;2017;216144.6;52048.2169
Тульская область;2017;273690.4;69593.7631
Ярославская область;2017;224491.7;54971.7728
г. Москва;2017;4521886.1;1795769.44
Северо-Западный федеральный округ;2017;2922979.1;944407.8374
Республика Карелия;2017;112645.3;33410.2021
Республика Коми;2017;150198.1;48515.0014
Архангельская область;2017;252084.2;68478.4849
в том числе: ;2017;0;0
Ненецкий автономный округ;2017;9449.7;2727.971
Архангельская область без автономного округа;2017;242634.5;65750.5139
Вологодская область;2017;171979.2;55810.875
Калининградская область;2017;157054.4;56102.3698
Ленинградская область;2017;370676.2;73631.6825
Мурманская область;2017;163528.5;56470.2765
Новгородская область;2017;111882.7;32208.8435
Псковская область;2017;106614.3;25635.1703
г. Санкт-Петербург;2017;1326316.2;494144.9314
Южный             федеральный округ;2017;3120253.6;1004337.609
Республика Адыгея;2017;86249.4;13304.247
Республика Калмыкия;2017;19631.9;5457.5235
Республика Крым;2017;229892.5;85414.9079
Краснодарский край;2017;1306893.9;479806.1034
Астраханская область;2017;166809.5;39255.0462
Волгоградская область;2017;367064.7;133057.1269
Ростовская область;2017;880421.6;214509.695
г. Севастополь;2017;63290.1;33532.9593
Северо-Кавказский        федеральный округ;2017;1551260.3;405397.6571
Республика Дагестан;2017;620839.2;118943.0541
Республика Ингушетия;2017;22500.8;11363.4741
Кабардино-Балкарская Республика;2017;123965.1;29355.9761
Карачаево-Черкесская Республика;2017;37075.6;13680.7779
Республика Северная Осетия - Алания;2017;109722.5;27255.2266
Чеченская Республика;2017;158382.6;52712.4234
Ставропольский край;2017;478774.5;152086.7249
Приволжский федеральный округ;2017;5219930.2;1504684.653
Республика Башкортостан;2017;841128.4;249900.2606
Республика Марий Эл;2017;81990.7;22688.7334
Республика Мордовия;2017;87397.4;25051.5989
Республика Татарстан;2017;843942.5;267909.9472
Удмуртская Республика;2017;221458.1;63152.1991
Чувашская Республика;2017;142187;48212.6379
Пермский край;2017;502334.2;151610.3655
Кировская область;2017;184352.6;54204.6766
Нижегородская область ;2017;696909.3;173518.3663
Оренбургская область;2017;293997;83376.9406
Пензенская область;2017;199178.8;52931.8423
Самарская область;2017;613578;166823.8918
Саратовская область;2017;333210.3;93278.229
Ульяновская область;2017;178265.9;52024.9639
Уральский         федеральный округ;2017;2555718.4;779102.7155
Курганская область;2017;108661.6;30296.9312
Свердловская область ;2017;1078233.8;359375.3312
Тюменская область;2017;876414;238209.5104
в том числе:;2017;0;0
Ханты-Мансийский автономный округ - Югра;2017;394612.6;107799.2012
Ямало-Ненецкий автономный округ;2017;127666.2;45722.7798
Тюменская область  без автономных округов;2017;354135.1;84687.5294
Челябинская область;2017;492409;151220.9427
Сибирский        федеральный округ;2017;2920193.5;780195.395
Республика Алтай;2017;24371.4;5321.9104
Республика Тыва;2017;22139.9;6025.0619
Республика Хакасия;2017;79163.2;17706.3142
Алтайский край;2017;339235.3;88833.5452
Красноярский край;2017;511024.3;156939.7538
Иркутская область;2017;321971.7;99686.7247
Кемеровская область;2017;355028.2;109795.0613
Новосибирская область ;2017;473396.5;151579.5708
Омская область;2017;316727.7;94882.3835
Томская область;2017;148097.7;49425.0692
Дальневосточный федеральный округ;2017;1315064.6;613086
Республика Бурятия;2017;170864.5;44860.3548
Республика Саха (Якутия);2017;212662.7;81826.2337
Забайкальский край;2017;158173.1;44098.1307
Камчатский край;2017;53971;30711.7868
Приморский край;2017;375032.5;146400.9977
Хабаровский край ;2017;307592.8;140377.7445
Амурская область;2017;161648;44051.4476
Магаданская область;2017;30929.8;16009.0924
Сахалинская область;2017;141532.5;51222.5046
Еврейская автономная область;2017;22582.5;8668.2159
Чукотский автономный округ;2017;9112.8;4859.7083
Центральный федеральный округ;2018;10898929.2;3392288.248
Белгородская область;2018;336148.5;83388.9711
Брянская область;2018;253157.2;54205.1917
Владимирская область;2018;225731.2;70164.2463
Воронежская область;2018;552288.4;129069.8099
Ивановская область;2018;164827.4;43857.0086
Калужская область;2018;197086.7;49822.2525
Костромская область;2018;101815.8;27084.3044
Курская область;2018;213277.6;54799.4272
Липецкая область;2018;256645.4;66110.4148
Московская область;2018;2355264.1;511624.0801
Орловская область;2018;132137.4;34629.8647
Рязанская область;2018;193216.7;49531.2527
Смоленская область;2018;169721.9;35891.5668
Тамбовская область;2018;200455.6;49813.2943
Тверская область;2018;223702;55653.7074
Тульская область;2018;289310.7;72912.388
Ярославская область;2018;235688.6;59878.2861
г. Москва;2018;4798454;1943852.182
Северо-Западный федеральный округ;2018;3112019.2;1024459.696
Республика Карелия;2018;121814.1;35068.9058
Республика Коми;2018;154571.4;50845.1418
Архангельская область;2018;263914.7;71769.9681
в том числе: ;2018;0;0
Ненецкий автономный округ;2018;9698.8;3029.188
Архангельская область без автономного округа;2018;254215.9;68740.7801
Вологодская область;2018;186480.1;58256.9787
Калининградская область;2018;170195.8;60647.811
Ленинградская область;2018;405492;78538.2232
Мурманская область;2018;169676.6;60063.1215
Новгородская область;2018;115328;34951.2705
Псковская область;2018;112140.5;26893.1722
г. Санкт-Петербург;2018;1412406;547425.1034
Южный             федеральный округ;2018;3290219.3;1110397.567
Республика Адыгея;2018;95164.4;13695.5418
Республика Калмыкия;2018;21333.1;5852.8223
Республика Крым;2018;256198;86531.9568
Краснодарский край;2018;1368124.7;555351.5375
Астраханская область;2018;173405.1;42462.3818
Волгоградская область;2018;389565;139635.9839
Ростовская область;2018;920765.6;230939.8163
г. Севастополь;2018;65663.4;35927.5263
Северо-Кавказский        федеральный округ;2018;1548699.7;424822.7929
Республика Дагестан;2018;565425;123251.5711
Республика Ингушетия;2018;25141.9;11604.58
Кабардино-Балкарская Республика;2018;127518.3;31442.8346
Карачаево-Черкесская Республика;2018;38364.5;14672.6672
Республика Северная Осетия - Алания;2018;114696.7;28759.883
Чеченская Республика;2018;167530.5;55848.3017
Ставропольский край;2018;510022.8;159242.9553
Приволжский федеральный округ;2018;5540392.1;1582374.92
Республика Башкортостан;2018;879483.7;261569.5354
Республика Марий Эл;2018;86591.6;24136.4502
Республика Мордовия;2018;91787;26020.8673
Республика Татарстан;2018;916973.5;278767.1011
Удмуртская Республика;2018;233540.7;65785.3586
Чувашская Республика;2018;152769;50793.7315
Пермский край;2018;537352.6;161087.0706
Кировская область;2018;195499.7;57566.2034
Нижегородская область ;2018;738975.8;184265.0372
Оренбургская область;2018;307946;88972.0079
Пензенская область;2018;206297.4;55504.7979
Самарская область;2018;648396.3;175221.4611
Саратовская область;2018;357332.5;98114.2901
Ульяновская область;2018;187446.3;54571.0081
Уральский         федеральный округ;2018;2706558.5;858998.6575
Курганская область;2018;114416.9;31238.2281
Свердловская область ;2018;1130702;391604.9341
Тюменская область;2018;942830.1;271640.3856
в том числе:;2018;0;0
Ханты-Мансийский автономный округ - Югра;2018;420592;113499.3368
Ямало-Ненецкий автономный округ;2018;138460.3;51569.5007
Тюменская область  без автономных округов;2018;383777.9;106571.5481
Челябинская область;2018;518609.5;164515.1097
Сибирский        федеральный округ;2018;2738913.7;830042.2302
Республика Алтай;2018;25989.4;5964.4113
Республика Тыва;2018;23653.4;6486.956
Республика Хакасия;2018;83893.5;18085.0256
Алтайский край;2018;352257.4;95985.4808
Красноярский край;2018;537966.9;165070.0167
Иркутская область;2018;348024.9;108104.0054
Кемеровская область;2018;376622;117270.4247
Новосибирская область ;2018;501403.3;161376.8693
Омская область;2018;330565.4;99789.518
Томская область;2018;158537.5;51909.5224
Дальневосточный федеральный округ;2018;1743640.1;647200.6053
Республика Бурятия;2018;177121.9;45619.9191
Республика Саха (Якутия);2018;228740.2;89956.3342
Забайкальский край;2018;164946.5;45924.3615
Камчатский край;2018;57195.1;30303.1006
Приморский край;2018;406297.1;157982.2432
Хабаровский край ;2018;324055.1;147235.9722
Амурская область;2018;170850.7;46436.4699
Магаданская область;2018;32286.4;16400.9097
Сахалинская область;2018;148497.4;53389.4396
Еврейская автономная область;2018;24075.7;8846.1849
Чукотский автономный округ;2018;9573.8;5105.6704
Центральный федеральный округ;2019;11678620.2;3691547.336
Белгородская область;2019;357195.2;88843.4007
Брянская область;2019;270154.5;56841.0274
Владимирская область;2019;238711.1;72680.1482
Воронежская область;2019;585880.1;134410.2134
Ивановская область;2019;178634.5;45725.2232
Калужская область;2019;211712.3;52842.7744
Костромская область;2019;109000.9;28490.5094
Курская область;2019;228654.6;56802.0404
Липецкая область;2019;275796.3;70331.5511
Московская область;2019;2582675.9;575599.7
Орловская область;2019;139168.6;36982.756
Рязанская область;2019;207618.3;52052.1352
Смоленская область;2019;177217.7;36966.973
Тамбовская область;2019;211506.9;52296.6389
Тверская область;2019;243990.2;59237.3926
Тульская область;2019;307452.7;75446.0971
Ярославская область;2019;251254.3;64581.8099
г. Москва;2019;5101996.1;2131416.945
Северо-Западный федеральный округ;2019;3301993.1;1080645.653
Республика Карелия;2019;129121.6;37158.4473
Республика Коми;2019;162257.8;53181.601
Архангельская область;2019;273126.9;76621.1689
в том числе: ;2019;0;0
Ненецкий автономный округ;2019;9831.1;3274.9381
Архангельская область без автономного округа;2019;263295.8;73346.2308
Вологодская область;2019;198096.5;63934.6325
Калининградская область;2019;181271.1;64720.3781
Ленинградская область;2019;438860.3;84695.1434
Мурманская область;2019;178998;63515.067
Новгородская область;2019;120513.3;34572.96
Псковская область;2019;120911.9;28310.1594
г. Санкт-Петербург;2019;1498835.7;573936.0952
Южный             федеральный округ;2019;3504305;1188062.538
Республика Адыгея;2019;101635;14609.2349
Республика Калмыкия;2019;22630.7;6169.552
Республика Крым;2019;274708.6;90770.0085
Краснодарский край;2019;1462388.7;595122.1856
Астраханская область;2019;180930.9;42677.6702
Волгоградская область;2019;417372.3;147874.3612
Ростовская область;2019;975600.2;253342.2622
г. Севастополь;2019;69038.6;37497.2631
Северо-Кавказский        федеральный округ;2019;1625973.4;446165.2293
Республика Дагестан;2019;593299.4;132105.6155
Республика Ингушетия;2019;25966.3;11074.0462
Кабардино-Балкарская Республика;2019;134586.7;33495.918
Карачаево-Черкесская Республика;2019;40318.4;16391.2978
Республика Северная Осетия - Алания;2019;119194.8;27148.9247
Чеченская Республика;2019;176225.3;58311.0495
Ставропольский край;2019;536382.6;167638.3776
Приволжский федеральный округ;2019;5839683.1;1664571.59
Республика Башкортостан;2019;931528.9;273419.0676
Республика Марий Эл;2019;90761.7;24941.3418
Республика Мордовия;2019;97736.9;27173.4021
Республика Татарстан;2019;952690.3;292843.3378
Удмуртская Республика;2019;242990.4;67748.5815
Чувашская Республика;2019;166357.7;53813.717
Пермский край;2019;564029.6;168913.2375
Кировская область;2019;204496.5;61216.4427
Нижегородская область ;2019;780708.1;198093.8674
Оренбургская область;2019;327692.6;93151.1372
Пензенская область;2019;217573.9;59595.0811
Самарская область;2019;687516.7;181564.7269
Саратовская область;2019;376900.8;103955.5632
Ульяновская область;2019;198699.1;58142.0861
Уральский         федеральный округ;2019;2849230.6;907288.7476
Курганская область;2019;120321.2;32912.6654
Свердловская область ;2019;1196946.9;404336.8192
Тюменская область;2019;981867.9;291003.4759
в том числе:;2019;0;0
Ханты-Мансийский автономный округ - Югра;2019;437521.8;120300.5216
Ямало-Ненецкий автономный округ;2019;142232;54606.9621
Тюменская область  без автономных округов;2019;402114.1;116095.9922
Челябинская область;2019;550094.6;179035.7871
Сибирский        федеральный округ;2019;2945966.5;889529.1299
Республика Алтай;2019;29033.6;6496.6725
Республика Тыва;2019;26164.5;6944.7887
Республика Хакасия;2019;91091.9;19315.6107
Алтайский край;2019;370868.3;103106.7408
Красноярский край;2019;578805.8;176275.5828
Иркутская область;2019;384461.1;116255.2667
Кемеровская область;2019;402503.5;126122.1084
Новосибирская область ;2019;535148.3;173182.8239
Омская область;2019;356465;106669.1651
Томская область;2019;171424.5;55160.3703
Дальневосточный федеральный округ;2019;1878531.4;667824.052
Республика Бурятия;2019;189113;46433.8688
Республика Саха (Якутия);2019;246913.7;94374.2643
Забайкальский край;2019;173507.3;49374.5353
Камчатский край;2019;61972.9;32039.0912
Приморский край;2019;447420.4;163255.4505
Хабаровский край ;2019;345885.7;146658.1607
Амурская область;2019;182953.4;48753.2943
Магаданская область;2019;33788.9;16951.0911
Сахалинская область;2019;160179.7;55646.2607
Еврейская автономная область;2019;26309.7;9109.7399
Чукотский автономный округ;2019;10486.7;5228.2952
Центральный федеральный округ;2020;11849562.4;3124797.127
Белгородская область;2020;366330.5;87529.6501
Брянская область;2020;267971;52843.5577
Владимирская область;2020;239913.6;68586.0436
Воронежская область;2020;584320.1;116327.2967
Ивановская область;2020;178886.3;41383.3122
Калужская область;2020;215053;49973.9531
Костромская область;2020;113302.3;26809.6231
Курская область;2020;227898.6;52997.4994
Липецкая область;2020;268198.9;68212.3041
Московская область;2020;2676149.2;499418.2132
Орловская область;2020;142156;33863.9672
Рязанская область;2020;216729.7;50020.9504
Смоленская область;2020;172754.1;33825.2992
Тамбовская область;2020;198398.2;47656.917
Тверская область;2020;250269.6;56190.0824
Тульская область;2020;299762.2;72196.6799
Ярославская область;2020;254977.1;59913.7259
г. Москва;2020;5176492.1;1707048.051
Северо-Западный федеральный округ;2020;3418712.9;946835.1587
Республика Карелия;2020;138562.2;35762.6734
Республика Коми;2020;164775;46904.1251
Архангельская область;2020;281931.3;64534.5386
в том числе: ;2020;0;0
Ненецкий автономный округ;2020;10009.6;3043.5829
Архангельская область без автономного округа;2020;271921.7;61490.9557
Вологодская область;2020;211408.9;62700.8556
Калининградская область;2020;186139.9;57456.4664
Ленинградская область;2020;481711.7;82340.7633
Мурманская область;2020;179008.3;58465.5719
Новгородская область;2020;121595.1;30251.2595
Псковская область;2020;125207;26316.8432
г. Санкт-Петербург;2020;1528373.6;482102.0617
Южный             федеральный округ;2020;3534093.3;1111966.397
Республика Адыгея;2020;107189.8;14388.2407
Республика Калмыкия;2020;23268.6;5899.1437
Республика Крым;2020;282385.3;86675.4606
Краснодарский край;2020;1487272.5;562783.2957
Астраханская область;2020;174837.4;39053.9824
Волгоградская область;2020;415734.9;133109.6015
Ростовская область;2020;975602.4;234519.4904
г. Севастополь;2020;67802.4;35537.1816
Северо-Кавказский        федеральный округ;2020;1605509.6;414036.0384
Республика Дагестан;2020;587964.2;123584.6723
Республика Ингушетия;2020;25930.4;9405.6963
Кабардино-Балкарская Республика;2020;134203.9;31710.3082
Карачаево-Черкесская Республика;2020;38871.7;15904.3073
Республика Северная Осетия - Алания;2020;113604.7;23523.799
Чеченская Республика;2020;184489.8;56287.6177
Ставропольский край;2020;520444.9;153619.6376
Приволжский федеральный округ;2020;5786086;1506614.672
Республика Башкортостан;2020;912651.3;229649.6518
Республика Марий Эл;2020;91237.3;22935.0192
Республика Мордовия;2020;99898.5;25503.317
Республика Татарстан;2020;929098.6;265495.1978
Удмуртская Республика;2020;239672;63854.2718
Чувашская Республика;2020;171695.4;49509.8045
Пермский край;2020;554520.5;146426.9684
Кировская область;2020;205056.6;58655.0652
Нижегородская область ;2020;755996.6;182928.5955
Оренбургская область;2020;330340.1;87926.0439
Пензенская область;2020;222343.6;54768.8588
Самарская область;2020;674641.3;165334.8962
Саратовская область;2020;396596;99196.3912
Ульяновская область;2020;202338.2;54430.5911
Уральский         федеральный округ;2020;2828392.9;788844.4475
Курганская область;2020;121234.7;28484.8627
Свердловская область ;2020;1117561.6;329936.7706
Тюменская область;2020;990684.5;256224.303
в том числе:;2020;0;0
Ханты-Мансийский автономный округ - Югра;2020;433936.7;108938.522
Ямало-Ненецкий автономный округ;2020;143588.3;44889.7012
Тюменская область  без автономных округов;2020;413159.5;102396.0798
Челябинская область;2020;598912.1;174198.5112
Сибирский        федеральный округ;2020;2944584;826553.8095
Республика Алтай;2020;29854.1;6568.6712
Республика Тыва;2020;25297.4;6531.4463
Республика Хакасия;2020;93608.5;19301.0683
Алтайский край;2020;354328.4;98579.6157
Красноярский край;2020;563311.6;166141.98
Иркутская область;2020;392925;101234.4565
Кемеровская область;2020;404872.5;122058.7244
Новосибирская область ;2020;550103.8;157590.7474
Омская область;2020;355778.5;96423.1495
Томская область;2020;174504.2;52123.9502
Дальневосточный федеральный округ;2020;1906719.1;574549.8713
Республика Бурятия;2020;196887.7;43891.1079
Республика Саха (Якутия);2020;244908.9;75608.6945
Забайкальский край;2020;174063.6;46798.783
Камчатский край;2020;63202.9;29179.5075
Приморский край;2020;434689.3;134955.5126
Хабаровский край ;2020;363655.6;119471.944
Амурская область;2020;192739.8;47363.565
Магаданская область;2020;34314.1;14955.7537
Сахалинская область;2020;164968.8;49485.9156
Еврейская автономная область;2020;26453.9;8640.1529
Чукотский автономный округ;2020;10834.5;4198.9346
Центральный федеральный округ;2021;13874429.6;3971502.669
Белгородская область;2021;398209;96124.4459
Брянская область;2021;302959.5;60119.4274
Владимирская область;2021;276799.4;76233.3183
Воронежская область;2021;681334.3;133790.864
Ивановская область;2021;207733.2;45762.985
Калужская область;2021;237322.4;58548.8399
Костромская область;2021;135775.2;30080.2583
Курская область;2021;260445.3;59026.1543
Липецкая область;2021;305829.8;75909.2188
Московская область;2021;3267358.9;614622.1551
Орловская область;2021;160518.3;38433.7185
Рязанская область;2021;246166.5;58577.6855
Смоленская область;2021;193370.9;39488.3849
Тамбовская область;2021;220208.2;51531.1422
Тверская область;2021;289394.1;64056.823
Тульская область;2021;346432.8;81836.1159
Ярославская область;2021;305775.1;72069.0823
г. Москва;2021;6038796.7;2315292.05
Северо-Западный федеральный округ;2021;4071879.5;1173596.907
Республика Карелия;2021;152913.8;44234.5047
Республика Коми;2021;179383.3;52931.7172
Архангельская область;2021;311869.1;76471.8742
в том числе: ;2021;0;0
Ненецкий автономный округ;2021;10473.6;3264.2774
Архангельская область без автономного округа;2021;301395.5;73207.5968
Вологодская область;2021;238252;71388.1436
Калининградская область;2021;224005.9;73484.4387
Ленинградская область;2021;567662.2;98470.2181
Мурманская область;2021;191400.8;69361.0717
Новгородская область;2021;136978.9;33981.6022
Псковская область;2021;144846.2;30135.3336
г. Санкт-Петербург;2021;1924567.3;623138.0034
Южный             федеральный округ;2021;4336462.1;1377464.572
Республика Адыгея;2021;139651.5;17488.2385
Республика Калмыкия;2021;26232.6;6620.2421
Республика Крым;2021;334305.8;124151.6793
Краснодарский край;2021;1908464.3;715942.3303
Астраханская область;2021;194841.4;43812.3204
Волгоградская область;2021;478130.2;146333.0719
Ростовская область;2021;1157939.3;280382.2136
г. Севастополь;2021;96897;42734.4761
Северо-Кавказский        федеральный округ;2021;1868459.5;464722.4351
Республика Дагестан;2021;657564.5;131313.8969
Республика Ингушетия;2021;29943.5;9169.8768
Кабардино-Балкарская Республика;2021;188981;36691.964
Карачаево-Черкесская Республика;2021;44185.7;18078.7146
Республика Северная Осетия - Алания;2021;133488;25388.1774
Чеченская Республика;2021;212966.4;62112.5373
Ставропольский край;2021;601330.5;181967.2681
Приволжский федеральный округ;2021;6596485.1;1728923.581
Республика Башкортостан;2021;1015846.5;251182.6341
Республика Марий Эл;2021;108490.4;25576.794
Республика Мордовия;2021;116697.7;29571.4676
Республика Татарстан;2021;1086401.2;302050.6203
Удмуртская Республика;2021;265557.4;79236.164
Чувашская Республика;2021;199903.7;57854.5244
Пермский край;2021;615914.7;180865.2026
Кировская область;2021;236122.5;66499.4099
Нижегородская область ;2021;880674.1;213898.9413
Оренбургская область;2021;383838;96218.0071
Пензенская область;2021;255559.9;63504.7045
Самарская область;2021;757582.5;190101.0315
Саратовская область;2021;449078;110338.2455
Ульяновская область;2021;224818.5;62025.8344
Уральский         федеральный округ;2021;3159059;965026.4893
Курганская область;2021;133013.2;31077.0024
Свердловская область ;2021;1227763.2;415499.4642
Тюменская область;2021;1113530.4;315710.5858
в том числе:;2021;0;0
Ханты-Мансийский автономный округ - Югра;2021;489800.1;133693.6233
Ямало-Ненецкий автономный округ;2021;161413.3;50921.0536
Тюменская область  без автономных округов;2021;462317;131095.9089
Челябинская область;2021;684752.2;202739.4369
Сибирский        федеральный округ;2021;3419912.3;962930.7074
Республика Алтай;2021;36390.5;8660.2405
Республика Тыва;2021;29661.5;8068.539
Республика Хакасия;2021;103162.8;22952.5121
Алтайский край;2021;397846;107858.8918
Красноярский край;2021;636026.7;206121.4835
Иркутская область;2021;473295.1;120786.5162
Кемеровская область;2021;460981.7;139298.087
Новосибирская область ;2021;671856.5;182033.8338
Омская область;2021;400794.1;114197.966
Томская область;2021;209897.4;52952.6375
Дальневосточный федеральный округ;2021;2145033.5;677051.0482
Республика Бурятия;2021;219448.7;47933.6943
Республика Саха (Якутия);2021;280354.7;92164.6018
Забайкальский край;2021;197766.6;54677.4884
Камчатский край;2021;74835.7;31172.1729
Приморский край;2021;509007.7;166598.6737
Хабаровский край ;2021;391443.8;150288.8342
Амурская область;2021;214996.6;51099.2516
Магаданская область;2021;40021.5;14574.9223
Сахалинская область;2021;176676;54325.8798
Еврейская автономная область;2021;29247.4;9806.8982
Чукотский автономный округ;2021;11234.8;4408.631
