Субъект РФ;Год;Среднегодовая численность занятых (тыс. чел);Численность безработных (тыс. чел);Численность незанятых граждан, состоящих на учете в органах службы занятости населения в целях поиска подходящей работы (тыс. чел)
Центральный федеральный округ;2000;17721.3;1516;260.4
Белгородская область;2000;671.3;45;6.7
Брянская область;2000;593.7;89;14.7
Владимирская область;2000;724.6;95;23.1
Воронежская область;2000;1090.9;119;16.2
Ивановская область;2000;491.2;61;9.7
Калужская область;2000;488.7;49;4.8
Костромская область;2000;332.6;33;5.3
Курская область;2000;616.6;66;6.8
Липецкая область;2000;572.8;52;5.1
Московская область;2000;2444.5;284;48.6
Орловская область;2000;414.7;38;4.3
Рязанская область;2000;539.5;58;5.2
Смоленская область;2000;473.9;67;5.4
Тамбовская область;2000;516.9;48;13.6
Тверская область;2000;643;69;5.9
Тульская область;2000;786.9;83;9.3
Ярославская область;2000;666.5;55;11.8
г. Москва;2000;5653.1;205;63.9
Северо-Западный федеральный округ;2000;6609.6;710;141
Республика Карелия;2000;343.1;43;11
Республика Коми;2000;459.9;66;16.7
Архангельская область;2000;594.4;90;17.4
в том числе: ;2000;0;0;0
Ненецкий автономный округ;2000;20.9;2;0.9
Архангельская область без автономного округа;2000;573.5;87;16.6
Вологодская область;2000;622.6;55;11.7
Калининградская область;2000;413.2;77;7.2
Ленинградская область;2000;710.6;82;12.5
Мурманская область;2000;432.9;73;20.4
Новгородская область;2000;318.1;28;3.9
Псковская область;2000;331.1;43;8.9
г. Санкт-Петербург;2000;2383.7;153;31.4
Южный             федеральный округ;2000;5764.7;870;57.4
Республика Адыгея;2000;156.8;29;2
Республика Калмыкия;2000;117.4;30;3
Республика Крым;2000;0;0;0
Краснодарский край;2000;2038.3;309;15.3
Астраханская область;2000;428.4;58;11.1
Волгоградская область;2000;1154.1;126;9.8
Ростовская область;2000;1869.7;319;16.1
г. Севастополь;2000;0;0;0
Северо-Кавказский        федеральный округ;2000;2646.1;668;86.6
Республика Дагестан;2000;816.2;255;48.9
Республика Ингушетия;2000;59.4;31;10
Кабардино-Балкарская Республика;2000;321.9;68;8.4
Карачаево-Черкесская Республика;2000;143.9;41;1.9
Республика Северная Осетия - Алания;2000;242.2;96;7.6
Чеченская Республика;2000;…;…;…
Ставропольский край;2000;1062.5;178;9.8
Приволжский федеральный округ;2000;14209.9;1543;247.3
Республика Башкортостан;2000;1746.2;228;23.3
Республика Марий Эл;2000;332.4;44;8.4
Республика Мордовия;2000;402.8;47;10.1
Республика Татарстан;2000;1695.1;159;21.6
Удмуртская Республика;2000;767.8;78;25.1
Чувашская Республика;2000;607.8;61;15.6
Пермский край;2000;1319.3;152;20.2
Кировская область;2000;717.3;68;32.9
Нижегородская область ;2000;1658.5;144;14.7
Оренбургская область;2000;1018.6;127;4.6
Пензенская область;2000;676;86;13.1
Самарская область;2000;1470.5;174;32.2
Саратовская область;2000;1184.2;130;14.7
Ульяновская область;2000;613.3;45;10.8
Уральский         федеральный округ;2000;5711.9;640;96.7
Курганская область;2000;437.4;67;7.2
Свердловская область ;2000;1987.8;233;37.4
Тюменская область;2000;1704.3;183;30.7
в том числе:;2000;0;0;0
Ханты-Мансийский автономный округ - Югра;2000;792;88;18.3
Ямало-Ненецкий автономный округ;2000;312.7;26;7.5
Тюменская область  без автономных округов;2000;599.6;70;4.8
Челябинская область;2000;1582.4;156;21.4
Сибирский        федеральный округ;2000;7845.8;1124;182.2
Республика Алтай;2000;84.2;16;2.7
Республика Тыва;2000;99.2;27;5.9
Республика Хакасия;2000;233.9;32;6.8
Алтайский край;2000;1110.2;149;30.4
Красноярский край;2000;1409.4;190;45.5
Иркутская область;2000;1122.5;156;25.8
Кемеровская область;2000;1235.9;157;24.8
Новосибирская область ;2000;1130;184;12.4
Омская область;2000;957.9;145;16.2
Томская область;2000;462.5;68;11.9
Дальневосточный федеральный округ;2000;4007.3;628;114.8
Республика Бурятия;2000;395.5;93;9
Республика Саха (Якутия);2000;459.7;55;10.3
Забайкальский край;2000;449.7;77;10.8
Камчатский край;2000;183.2;35;6.4
Приморский край;2000;945.1;140;24
Хабаровский край ;2000;674.8;93;28.3
Амурская область;2000;425.8;66;9.8
Магаданская область;2000;104.2;13;4.8
Сахалинская область;2000;266.3;40;8.2
Еврейская автономная область;2000;70.2;14;1.3
Чукотский автономный округ;2000;32.7;4;1.9
Центральный федеральный округ;2001;17747;1165;271.3
Белгородская область;2001;677.5;48;7.4
Брянская область;2001;596.1;64;13.1
Владимирская область;2001;715.6;80;23.8
Воронежская область;2001;1076.4;106;18.5
Ивановская область;2001;490.6;34;8.7
Калужская область;2001;484.1;33;5.9
Костромская область;2001;327.7;22;5.2
Курская область;2001;606.4;64;7.2
Липецкая область;2001;569.5;38;4.6
Московская область;2001;2467.4;197;43.7
Орловская область;2001;414;34;4.4
Рязанская область;2001;534.7;64;5.4
Смоленская область;2001;487.9;53;5.2
Тамбовская область;2001;504.9;63;14.8
Тверская область;2001;638.4;55;6.6
Тульская область;2001;780.5;44;10.5
Ярославская область;2001;663.2;49;11.5
г. Москва;2001;5712.2;116;74.9
Северо-Западный федеральный округ;2001;6628.6;557;169.7
Республика Карелия;2001;338.6;33;12.6
Республика Коми;2001;466.4;76;18.7
Архангельская область;2001;601.3;61;19.4
в том числе: ;2001;0;0;0
Ненецкий автономный округ;2001;22.7;2;0.8
Архангельская область без автономного округа;2001;578.6;60;18.6
Вологодская область;2001;623;59;12.1
Калининградская область;2001;409.1;39;9.2
Ленинградская область;2001;715.8;62;14.8
Мурманская область;2001;433.5;69;23.9
Новгородская область;2001;316.3;23;4.3
Псковская область;2001;327.5;37;8.7
г. Санкт-Петербург;2001;2397.2;98;46
Южный             федеральный округ;2001;5883.2;761;65.2
Республика Адыгея;2001;157;28;3.3
Республика Калмыкия;2001;118.1;27;4
Республика Крым;2001;0;0;0
Краснодарский край;2001;2052.4;257;16.5
Астраханская область;2001;428.7;53;10.8
Волгоградская область;2001;1247.2;125;12.5
Ростовская область;2001;1879.8;272;18.2
г. Севастополь;2001;0;0;0
Северо-Кавказский        федеральный округ;2001;2688.5;611;94.1
Республика Дагестан;2001;817.8;281;55.4
Республика Ингушетия;2001;68.6;51;9.9
Кабардино-Балкарская Республика;2001;320.2;63;9
Карачаево-Черкесская Республика;2001;144.3;36;2.5
Республика Северная Осетия - Алания;2001;258.3;59;5.9
Чеченская Республика;2001;…;…;…
Ставропольский край;2001;1079.3;120;11.4
Приволжский федеральный округ;2001;14293.4;1306;251.6
Республика Башкортостан;2001;1750.7;205;26.1
Республика Марий Эл;2001;330.4;34;12.4
Республика Мордовия;2001;402.1;44;9.5
Республика Татарстан;2001;1702;116;19.9
Удмуртская Республика;2001;792.9;59;23.8
Чувашская Республика;2001;609.2;63;14.7
Пермский край;2001;1372;98;18.8
Кировская область;2001;708.8;64;35.3
Нижегородская область ;2001;1638.2;149;14.9
Оренбургская область;2001;1031.1;86;6.4
Пензенская область;2001;677.1;100;14
Самарская область;2001;1485.3;104;25
Саратовская область;2001;1187.2;126;17.4
Ульяновская область;2001;606.3;57;13.3
Уральский         федеральный округ;2001;5836.4;573;108
Курганская область;2001;436.3;62;8.5
Свердловская область ;2001;2039.4;180;45.3
Тюменская область;2001;1792.6;181;29.6
в том числе:;2001;0;0;0
Ханты-Мансийский автономный округ - Югра;2001;868.7;89;16.1
Ямало-Ненецкий автономный округ;2001;319;21;8.7
Тюменская область  без автономных округов;2001;604.9;71;4.8
Челябинская область;2001;1568.1;150;24.7
Сибирский        федеральный округ;2001;7848.7;930;206.1
Республика Алтай;2001;81.2;9;2.8
Республика Тыва;2001;100.2;29;11.1
Республика Хакасия;2001;234.4;23;7.7
Алтайский край;2001;1090.9;124;34.2
Красноярский край;2001;1409.1;148;45.3
Иркутская область;2001;1141.5;145;27.2
Кемеровская область;2001;1246.2;142;27.6
Новосибирская область ;2001;1125.6;162;14.2
Омская область;2001;954.8;98;19.8
Томская область;2001;464.7;51;16.1
Дальневосточный федеральный округ;2001;4054.3;522;145
Республика Бурятия;2001;394.3;81;11.9
Республика Саха (Якутия);2001;462.6;39;9.3
Забайкальский край;2001;459.8;82;31.4
Камчатский край;2001;182.3;31;7.5
Приморский край;2001;970.7;96;28.9
Хабаровский край ;2001;680.6;77;28.5
Амурская область;2001;426;54;11.8
Магаданская область;2001;103.3;13;6
Сахалинская область;2001;268.7;36;7.5
Еврейская автономная область;2001;72;9;1.1
Чукотский автономный округ;2001;34.1;2;1.2
Центральный федеральный округ;2002;17927.8;1000;288.7
Белгородская область;2002;673.4;58;9.5
Брянская область;2002;601.1;54;13.8
Владимирская область;2002;716;84;20.5
Воронежская область;2002;1091.8;101;21.7
Ивановская область;2002;483.2;39;11.1
Калужская область;2002;482;35;5.2
Костромская область;2002;326.4;18;5.9
Курская область;2002;607.9;44;10.1
Липецкая область;2002;572.8;30;4.8
Московская область;2002;2494.4;152;48.6
Орловская область;2002;415.3;30;6.9
Рязанская область;2002;555.7;50;8.4
Смоленская область;2002;482;60;5.7
Тамбовская область;2002;502.9;53;16.2
Тверская область;2002;642;35;6.7
Тульская область;2002;772.9;49;10.5
Ярославская область;2002;675.7;27;13.2
г. Москва;2002;5832.4;81;70
Северо-Западный федеральный округ;2002;6659.5;460;187.4
Республика Карелия;2002;342.9;30;12.6
Республика Коми;2002;463.9;49;17.1
Архангельская область;2002;609;58;21
в том числе: ;2002;0;0;0
Ненецкий автономный округ;2002;24.3;2;1
Архангельская область без автономного округа;2002;584.7;56;20
Вологодская область;2002;623.9;39;15.4
Калининградская область;2002;414;35;11
Ленинградская область;2002;718.3;59;14.8
Мурманская область;2002;436.8;54;23.7
Новгородская область;2002;315;22;5.1
Псковская область;2002;323.8;28;9.9
г. Санкт-Петербург;2002;2412;86;56.8
Южный             федеральный округ;2002;5966.3;644;88.1
Республика Адыгея;2002;156.5;27;5.7
Республика Калмыкия;2002;117.8;25;4.1
Республика Крым;2002;0;0;0
Краснодарский край;2002;2122.3;186;21
Астраханская область;2002;429.8;52;11.6
Волгоградская область;2002;1244.9;114;19.5
Ростовская область;2002;1895;240;26.1
г. Севастополь;2002;0;0;0
Северо-Кавказский        федеральный округ;2002;2719.9;581;307.2
Республика Дагестан;2002;819.7;260;53.5
Республика Ингушетия;2002;68.9;66;22.1
Кабардино-Балкарская Республика;2002;321.5;72;11.1
Карачаево-Черкесская Республика;2002;151.5;24;2.9
Республика Северная Осетия - Алания;2002;272;44;5.4
Чеченская Республика;2002;…;…;199.1
Ставропольский край;2002;1086.4;116;13
Приволжский федеральный округ;2002;14481;1199;282.9
Республика Башкортостан;2002;1769;161;35.7
Республика Марий Эл;2002;324.3;51;9.6
Республика Мордовия;2002;401.4;40;9.1
Республика Татарстан;2002;1722.5;100;25
Удмуртская Республика;2002;782;65;18
Чувашская Республика;2002;611.2;63;14.6
Пермский край;2002;1392.7;131;21.8
Кировская область;2002;707;56;32.8
Нижегородская область ;2002;1699.6;141;16.8
Оренбургская область;2002;1036.9;105;8.5
Пензенская область;2002;680.8;51;19.8
Самарская область;2002;1552.2;94;31.5
Саратовская область;2002;1195.6;98;23.2
Ульяновская область;2002;605.9;43;16.6
Уральский         федеральный округ;2002;5879;509;127.1
Курганская область;2002;436.5;51;12
Свердловская область ;2002;2040.8;195;44.1
Тюменская область;2002;1829.1;152;38.5
в том числе:;2002;0;0;0
Ханты-Мансийский автономный округ - Югра;2002;878;80;21.4
Ямало-Ненецкий автономный округ;2002;330.9;21;9.5
Тюменская область  без автономных округов;2002;620.2;51;7.6
Челябинская область;2002;1572.7;110;32.4
Сибирский        федеральный округ;2002;7864.7;869;263.2
Республика Алтай;2002;81.5;10;3
Республика Тыва;2002;100.8;26;12.6
Республика Хакасия;2002;237;21;9.2
Алтайский край;2002;1096.3;106;45.8
Красноярский край;2002;1415.1;120;49.8
Иркутская область;2002;1131.5;142;30.4
Кемеровская область;2002;1249;135;49.7
Новосибирская область ;2002;1133.5;154;19.4
Омская область;2002;950.5;95;21.2
Томская область;2002;469.4;59;22.2
Дальневосточный федеральный округ;2002;4075.4;436;152.5
Республика Бурятия;2002;393;70;9
Республика Саха (Якутия);2002;462.5;35;8.9
Забайкальский край;2002;469.4;63;25.2
Камчатский край;2002;181.2;24;10
Приморский край;2002;968.7;97;42.5
Хабаровский край ;2002;696.4;52;26.5
Амурская область;2002;428.7;48;13.6
Магаданская область;2002;98.1;9;6.1
Сахалинская область;2002;269.1;27;8.2
Еврейская автономная область;2002;75.8;9;1.5
Чукотский автономный округ;2002;32.3;2;1
Центральный федеральный округ;2003;18054;1002;286.9
Белгородская область;2003;668.3;60;10.7
Брянская область;2003;602.3;48;13.2
Владимирская область;2003;714.2;81;19.5
Воронежская область;2003;1065.9;92;27.4
Ивановская область;2003;476.1;36;11.5
Калужская область;2003;480;33;4.4
Костромская область;2003;325.2;22;5.3
Курская область;2003;591.6;50;10.1
Липецкая область;2003;556.4;27;5
Московская область;2003;2582.8;160;44.7
Орловская область;2003;409.1;34;7
Рязанская область;2003;532.7;49;7.4
Смоленская область;2003;480.2;56;5.5
Тамбовская область;2003;502.2;50;14.7
Тверская область;2003;630.6;47;6.2
Тульская область;2003;770.7;43;12.2
Ярославская область;2003;666.3;41;13.3
г. Москва;2003;5999.3;74;68.8
Северо-Западный федеральный округ;2003;6676.8;516;170.3
Республика Карелия;2003;350.3;31;12.6
Республика Коми;2003;465;67;16.5
Архангельская область;2003;609.7;70;18.9
в том числе: ;2003;0;0;0
Ненецкий автономный округ;2003;26.2;2;1
Архангельская область без автономного округа;2003;583.5;68;17.8
Вологодская область;2003;619.2;31;12.8
Калининградская область;2003;420.2;38;10.5
Ленинградская область;2003;725.3;75;10.6
Мурманская область;2003;436.7;52;23.2
Новгородская область;2003;313.8;18;5
Псковская область;2003;326.5;30;9.2
г. Санкт-Петербург;2003;2410.2;105;51.1
Южный             федеральный округ;2003;5987.1;750;87.2
Республика Адыгея;2003;156.3;29;7.6
Республика Калмыкия;2003;116.5;24;4.7
Республика Крым;2003;0;0;0
Краснодарский край;2003;2145.8;238;17.4
Астраханская область;2003;438;52;11.6
Волгоградская область;2003;1248.9;144;17.8
Ростовская область;2003;1881.7;263;28.2
г. Севастополь;2003;0;0;0
Северо-Кавказский        федеральный округ;2003;2750.4;575;453.7
Республика Дагестан;2003;820.6;213;54.9
Республика Ингушетия;2003;62.3;68;26.9
Кабардино-Балкарская Республика;2003;315.7;91;20.6
Карачаево-Черкесская Республика;2003;153.2;35;2.8
Республика Северная Осетия - Алания;2003;280.3;34;5.3
Чеченская Республика;2003;…;…;328.8
Ставропольский край;2003;1118.3;134;14.5
Приволжский федеральный округ;2003;14417.3;1183;250.7
Республика Башкортостан;2003;1788.8;164;28.4
Республика Марий Эл;2003;323.4;42;10.3
Республика Мордовия;2003;399.8;33;8.2
Республика Татарстан;2003;1745.6;125;26.3
Удмуртская Республика;2003;774;53;18.4
Чувашская Республика;2003;604.3;55;13.8
Пермский край;2003;1343;103;20.7
Кировская область;2003;706.8;58;23.7
Нижегородская область ;2003;1717.7;112;15
Оренбургская область;2003;1012.8;117;7.9
Пензенская область;2003;645.8;64;13
Самарская область;2003;1574.2;74;29.1
Саратовская область;2003;1176.7;135;19.3
Ульяновская область;2003;604.5;48;16.7
Уральский         федеральный округ;2003;5993.3;480;131.4
Курганская область;2003;437.3;46;10.9
Свердловская область ;2003;2056.7;178;45.8
Тюменская область;2003;1865.2;148;42.3
в том числе:;2003;0;0;0
Ханты-Мансийский автономный округ - Югра;2003;879.8;78;24.1
Ямало-Ненецкий автономный округ;2003;353;17;8.2
Тюменская область  без автономных округов;2003;632.4;54;10
Челябинская область;2003;1634;106;32.4
Сибирский        федеральный округ;2003;7935.5;973;291.2
Республика Алтай;2003;82.9;9;3.7
Республика Тыва;2003;103.2;28;17.1
Республика Хакасия;2003;239.5;28;9.6
Алтайский край;2003;1095;155;51.9
Красноярский край;2003;1409.1;147;59.5
Иркутская область;2003;1138.4;145;32.2
Кемеровская область;2003;1263.1;144;50.4
Новосибирская область ;2003;1192.6;150;18.5
Омская область;2003;938;96;24
Томская область;2003;473.6;69;24.2
Дальневосточный федеральный округ;2003;4090.4;455;150.5
Республика Бурятия;2003;380.8;81;10.1
Республика Саха (Якутия);2003;463.9;47;7.1
Забайкальский край;2003;470.3;73;19.6
Камчатский край;2003;180.6;26;9.7
Приморский край;2003;979.4;90;41.9
Хабаровский край ;2003;706.3;47;30.9
Амурская область;2003;425.8;45;16.5
Магаданская область;2003;97.7;11;5.8
Сахалинская область;2003;271.8;28;6.4
Еврейская автономная область;2003;79.5;6;1.3
Чукотский автономный округ;2003;34.2;2;1.2
Центральный федеральный округ;2004;18229;930;299.5
Белгородская область;2004;670.7;46;12.1
Брянская область;2004;601;58;13
Владимирская область;2004;713.5;73;20.4
Воронежская область;2004;1059.6;96;21.6
Ивановская область;2004;480.6;27;14.6
Калужская область;2004;479.3;35;5.6
Костромская область;2004;325.6;22;6.5
Курская область;2004;595.6;44;10.9
Липецкая область;2004;551.1;26;5.5
Московская область;2004;2689.5;140;44.6
Орловская область;2004;411.2;27;12.2
Рязанская область;2004;529.5;34;8.9
Смоленская область;2004;478.7;48;6.1
Тамбовская область;2004;500.8;50;14.3
Тверская область;2004;628.6;39;9.2
Тульская область;2004;773.7;39;10.4
Ярославская область;2004;661.4;32;12.5
г. Москва;2004;6078.7;96;71.2
Северо-Западный федеральный округ;2004;6700.1;443;185.7
Республика Карелия;2004;349.9;28;13.9
Республика Коми;2004;466.1;66;19.5
Архангельская область;2004;601.4;49;21.6
в том числе: ;2004;0;0;0
Ненецкий автономный округ;2004;27.2;2;1.2
Архангельская область без автономного округа;2004;574.2;47;20.4
Вологодская область;2004;600.4;40;15.3
Калининградская область;2004;436.1;33;9.8
Ленинградская область;2004;733.6;62;11.4
Мурманская область;2004;434.5;54;22.6
Новгородская область;2004;314.9;21;7.4
Псковская область;2004;338.7;20;10.6
г. Санкт-Петербург;2004;2424.5;70;53.8
Южный             федеральный округ;2004;6031.4;651;117.1
Республика Адыгея;2004;154.2;33;9
Республика Калмыкия;2004;115.9;31;5
Республика Крым;2004;0;0;0
Краснодарский край;2004;2180.3;210;24.1
Астраханская область;2004;443.1;60;15.4
Волгоградская область;2004;1243.6;126;26.5
Ростовская область;2004;1894.4;192;37.1
г. Севастополь;2004;0;0;0
Северо-Кавказский        федеральный округ;2004;2766.3;642;541
Республика Дагестан;2004;826.5;300;54.3
Республика Ингушетия;2004;63.1;58;36
Кабардино-Балкарская Республика;2004;316.1;95;35.8
Карачаево-Черкесская Республика;2004;152.1;33;5.9
Республика Северная Осетия - Алания;2004;283.6;37;14.2
Чеченская Республика;2004;…;…;372.6
Ставропольский край;2004;1124.9;120;22.2
Приволжский федеральный округ;2004;14462.4;1226;304.4
Республика Башкортостан;2004;1788.9;140;37.3
Республика Марий Эл;2004;337.9;36;9.2
Республика Мордовия;2004;403;26;9.3
Республика Татарстан;2004;1754.3;138;30.1
Удмуртская Республика;2004;780.4;64;18.2
Чувашская Республика;2004;601.8;64;14.6
Пермский край;2004;1338.5;105;23.7
Кировская область;2004;705.7;69;31.6
Нижегородская область ;2004;1712.4;133;19.8
Оренбургская область;2004;1002.5;118;8.7
Пензенская область;2004;674.8;47;11.3
Самарская область;2004;1585.6;93;34.8
Саратовская область;2004;1172.1;128;30.7
Ульяновская область;2004;604.6;64;25.2
Уральский         федеральный округ;2004;6041.8;477;163.1
Курганская область;2004;432.1;61;14.2
Свердловская область ;2004;2088.5;171;53.1
Тюменская область;2004;1869.7;155;47.2
в том числе:;2004;0;0;0
Ханты-Мансийский автономный округ - Югра;2004;873.5;79;24.4
Ямало-Ненецкий автономный округ;2004;357.3;19;9.7
Тюменская область  без автономных округов;2004;638.9;57;13.2
Челябинская область;2004;1651.5;89;48.5
Сибирский        федеральный округ;2004;7987.6;853;335.5
Республика Алтай;2004;83.6;9;4.4
Республика Тыва;2004;103.7;26;14.2
Республика Хакасия;2004;240.1;27;11.3
Алтайский край;2004;1107.6;118;60.8
Красноярский край;2004;1420;128;71.6
Иркутская область;2004;1143.9;137;37
Кемеровская область;2004;1273.8;144;59.1
Новосибирская область ;2004;1205.3;121;24.5
Омская область;2004;935.5;89;28.1
Томская область;2004;474.2;54;24.4
Дальневосточный федеральный округ;2004;4111.8;443;162.5
Республика Бурятия;2004;384.6;68;12.1
Республика Саха (Якутия);2004;468.6;44;9.7
Забайкальский край;2004;471.2;66;15.3
Камчатский край;2004;181.8;21;9.4
Приморский край;2004;982.5;105;45.2
Хабаровский край ;2004;713.4;50;35.7
Амурская область;2004;423.8;50;19.3
Магаданская область;2004;94.1;9;6.1
Сахалинская область;2004;274.4;22;7.2
Еврейская автономная область;2004;81.6;7;1.5
Чукотский автономный округ;2004;36;1;1.2
Центральный федеральный округ;2005;18354.6;852;285
Белгородская область;2005;674.7;42;11.6
Брянская область;2005;604.1;44;12.5
Владимирская область;2005;713.1;73;18.1
Воронежская область;2005;1055.4;88;22.3
Ивановская область;2005;486;40;13.5
Калужская область;2005;478.7;31;4.3
Костромская область;2005;324.5;18;5.8
Курская область;2005;598.9;44;9.3
Липецкая область;2005;548.7;48;5.3
Московская область;2005;2740.2;118;41.1
Орловская область;2005;407;26;7.4
Рязанская область;2005;525.4;32;8.4
Смоленская область;2005;478.8;41;6.1
Тамбовская область;2005;506.9;48;15.8
Тверская область;2005;620.1;42;7.7
Тульская область;2005;770.9;40;8.8
Ярославская область;2005;664.2;27;12.8
г. Москва;2005;6156.8;50;74.4
Северо-Западный федеральный округ;2005;6730.5;409;164.1
Республика Карелия;2005;345.8;33;13.7
Республика Коми;2005;465.6;60;16.8
Архангельская область;2005;601.5;38;16.7
в том числе: ;2005;0;0;0
Ненецкий автономный округ;2005;27.7;2;0.9
Архангельская область без автономного округа;2005;573.9;35;15.8
Вологодская область;2005;605.7;34;12
Калининградская область;2005;443.8;33;9.3
Ленинградская область;2005;738.6;66;11
Мурманская область;2005;433.1;44;19.6
Новгородская область;2005;313.4;20;6
Псковская область;2005;336;23;11.6
г. Санкт-Петербург;2005;2447;57;47.3
Южный             федеральный округ;2005;6058;562;113.9
Республика Адыгея;2005;154;26;9.4
Республика Калмыкия;2005;116.7;27;4.6
Республика Крым;2005;0;0;0
Краснодарский край;2005;2189.4;179;21.2
Астраханская область;2005;445;61;15.1
Волгоградская область;2005;1254.3;88;23.6
Ростовская область;2005;1898.6;182;40
г. Севастополь;2005;0;0;0
Северо-Кавказский        федеральный округ;2005;2876.5;613;541.4
Республика Дагестан;2005;873.4;264;51.7
Республика Ингушетия;2005;64.8;111;53
Кабардино-Балкарская Республика;2005;310.6;91;39.5
Карачаево-Черкесская Республика;2005;162.7;29;6
Республика Северная Осетия - Алания;2005;295.8;29;18.8
Чеченская Республика;2005;…;…;341.4
Ставропольский край;2005;1169.2;89;31
Приволжский федеральный округ;2005;14453.1;1164;276.4
Республика Башкортостан;2005;1797.6;143;30.6
Республика Марий Эл;2005;334.4;38;7.2
Республика Мордовия;2005;399.1;29;7.9
Республика Татарстан;2005;1773.5;125;31.3
Удмуртская Республика;2005;764.8;64;23.9
Чувашская Республика;2005;597.5;77;13.8
Пермский край;2005;1311;113;24.3
Кировская область;2005;707.2;57;24.4
Нижегородская область ;2005;1728.9;107;16
Оренбургская область;2005;1000.5;96;9.1
Пензенская область;2005;685.4;47;11
Самарская область;2005;1579;93;30.7
Саратовская область;2005;1169.5;121;23.9
Ульяновская область;2005;604.9;54;22.3
Уральский         федеральный округ;2005;6068.4;431;144.4
Курганская область;2005;424.4;55;13.2
Свердловская область ;2005;2093.7;159;47.1
Тюменская область;2005;1890.6;122;43.7
в том числе:;2005;0;0;0
Ханты-Мансийский автономный округ - Югра;2005;877.1;67;20.3
Ямало-Ненецкий автономный округ;2005;359.7;22;9.1
Тюменская область  без автономных округов;2005;653.8;32;14.2
Челябинская область;2005;1659.6;95;40.5
Сибирский        федеральный округ;2005;8016.5;835;318.9
Республика Алтай;2005;84.9;9;5.1
Республика Тыва;2005;103.9;29;13
Республика Хакасия;2005;241.1;25;9.1
Алтайский край;2005;1105.1;113;79.4
Красноярский край;2005;1418.8;152;52.6
Иркутская область;2005;1141.7;128;37
Кемеровская область;2005;1295.2;127;52.1
Новосибирская область ;2005;1221.7;108;23.8
Омская область;2005;939.1;90;23.1
Томская область;2005;465.1;55;23.8
Дальневосточный федеральный округ;2005;4125.1;375;165
Республика Бурятия;2005;386.6;55;14.8
Республика Саха (Якутия);2005;471.8;45;11.8
Забайкальский край;2005;476;49;13.1
Камчатский край;2005;179.5;17;9.1
Приморский край;2005;980.2;86;48.1
Хабаровский край ;2005;717.4;43;34.5
Амурская область;2005;424.2;41;20.1
Магаданская область;2005;93.8;7;5.5
Сахалинская область;2005;277.7;24;5.2
Еврейская автономная область;2005;79.3;7;1.4
Чукотский автономный округ;2005;38.5;1;1.4
Центральный федеральный округ;2006;18466.7;815;276.8
Белгородская область;2006;677.4;43;12
Брянская область;2006;603.3;45;12.2
Владимирская область;2006;708;86;15.8
Воронежская область;2006;1057.1;64;25.3
Ивановская область;2006;488.8;23;12.3
Калужская область;2006;477.5;30;4.3
Костромская область;2006;323.8;18;5.3
Курская область;2006;594.3;42;8.2
Липецкая область;2006;547.2;30;5.4
Московская область;2006;2771.6;111;35.6
Орловская область;2006;407.1;25;6.6
Рязанская область;2006;520.4;28;8
Смоленская область;2006;479.3;44;6.1
Тамбовская область;2006;507.6;49;15.7
Тверская область;2006;613.6;33;8.4
Тульская область;2006;777.9;23;7.7
Ярославская область;2006;668.8;21;12.8
г. Москва;2006;6242.9;99;75.2
Северо-Западный федеральный округ;2006;6785.8;373;146.2
Республика Карелия;2006;343.2;12;12.9
Республика Коми;2006;465.6;65;14.6
Архангельская область;2006;613.5;41;16.1
в том числе: ;2006;0;0;0
Ненецкий автономный округ;2006;29.5;1;0.6
Архангельская область без автономного округа;2006;584;39;15.4
Вологодская область;2006;610.4;36;11.8
Калининградская область;2006;461.8;22;8
Ленинградская область;2006;746.8;54;10
Мурманская область;2006;431.2;33;17.9
Новгородская область;2006;310.5;19;5.1
Псковская область;2006;332.6;27;11.3
г. Санкт-Петербург;2006;2470.2;64;38.5
Южный             федеральный округ;2006;6077.4;563;107.6
Республика Адыгея;2006;153.3;28;10.3
Республика Калмыкия;2006;116.7;25;5.7
Республика Крым;2006;0;0;0
Краснодарский край;2006;2197.7;178;20.1
Астраханская область;2006;449.9;42;14.7
Волгоградская область;2006;1256.2;117;23.7
Ростовская область;2006;1903.6;173;33.1
г. Севастополь;2006;0;0;0
Северо-Кавказский        федеральный округ;2006;2903.6;915;525.5
Республика Дагестан;2006;882;270;55.8
Республика Ингушетия;2006;65.3;64;51.3
Кабардино-Балкарская Республика;2006;309.7;89;34.2
Карачаево-Черкесская Республика;2006;164.5;41;6.2
Республика Северная Осетия - Алания;2006;296;26;12.4
Чеченская Республика;2006;…;311;328
Ставропольский край;2006;1186.2;115;37.7
Приволжский федеральный округ;2006;14578.6;1020;243.8
Республика Башкортостан;2006;1846.2;130;29.7
Республика Марий Эл;2006;328.6;36;5.5
Республика Мордовия;2006;396.6;20;7
Республика Татарстан;2006;1803.9;105;27.8
Удмуртская Республика;2006;767;71;20.1
Чувашская Республика;2006;598.3;58;12.6
Пермский край;2006;1323.9;99;24.3
Кировская область;2006;699.1;61;16.2
Нижегородская область ;2006;1755.1;96;15.3
Оренбургская область;2006;1013.2;68;11.3
Пензенская область;2006;680.3;46;9.8
Самарская область;2006;1586.8;75;25.1
Саратовская область;2006;1173.4;108;22.2
Ульяновская область;2006;606.3;46;17
Уральский         федеральный округ;2006;6050.5;443;125.7
Курганская область;2006;419.1;57;15.1
Свердловская область ;2006;2084.9;167;42.2
Тюменская область;2006;1876.7;125;37.2
в том числе:;2006;0;0;0
Ханты-Мансийский автономный округ - Югра;2006;879.4;53;17.5
Ямало-Ненецкий автономный округ;2006;355.9;17;7.5
Тюменская область  без автономных округов;2006;641.3;55;12.2
Челябинская область;2006;1669.8;93;31.2
Сибирский        федеральный округ;2006;8032.6;769;316
Республика Алтай;2006;86.7;11;6
Республика Тыва;2006;103.8;26;12.4
Республика Хакасия;2006;243.6;24;8.5
Алтайский край;2006;1104.6;114;81.5
Красноярский край;2006;1416;138;50.8
Иркутская область;2006;1131.5;108;41.5
Кемеровская область;2006;1305.1;107;44.5
Новосибирская область ;2006;1229.8;101;26.8
Омская область;2006;941.3;92;23.6
Томская область;2006;470.3;47;20.3
Дальневосточный федеральный округ;2006;4151.4;352;169.3
Республика Бурятия;2006;390.8;64;16.1
Республика Саха (Якутия);2006;476.6;47;14.2
Забайкальский край;2006;483;33;16.4
Камчатский край;2006;177.5;16;8.1
Приморский край;2006;979.1;82;44.8
Хабаровский край ;2006;722.8;44;32.2
Амурская область;2006;425.7;35;24.3
Магаданская область;2006;93.7;5;5.2
Сахалинская область;2006;283.9;15;4.8
Еврейская автономная область;2006;81.1;8;1.7
Чукотский автономный округ;2006;37.3;1;1.4
Центральный федеральный округ;2007;18753;636;229.9
Белгородская область;2007;685.3;31;9.1
Брянская область;2007;607.7;42;9.1
Владимирская область;2007;707;54;15.1
Воронежская область;2007;1061.9;59;22.2
Ивановская область;2007;504.9;24;13.8
Калужская область;2007;479.1;27;4.3
Костромская область;2007;324.5;12;7.2
Курская область;2007;592.7;29;7.5
Липецкая область;2007;547.2;17;5.8
Московская область;2007;2860.1;79;28.2
Орловская область;2007;405.4;23;6.2
Рязанская область;2007;516.5;22;7.4
Смоленская область;2007;485.1;37;5.9
Тамбовская область;2007;505.3;50;11.3
Тверская область;2007;612.7;30;6.9
Тульская область;2007;788.9;22;7.5
Ярославская область;2007;672;24;11.6
г. Москва;2007;6396.8;52;50.7
Северо-Западный федеральный округ;2007;6846.3;317;136.8
Республика Карелия;2007;341.5;22;10.5
Республика Коми;2007;469.1;54;14.1
Архангельская область;2007;613.1;37;16.2
в том числе: ;2007;0;0;0
Ненецкий автономный округ;2007;32.6;2;0.6
Архангельская область без автономного округа;2007;580.5;35;15.6
Вологодская область;2007;613.7;26;11.4
Калининградская область;2007;473.2;18;7.2
Ленинградская область;2007;753.6;37;7.9
Мурманская область;2007;430.1;30;15.9
Новгородская область;2007;313.6;18;4.8
Псковская область;2007;335.1;18;7.1
г. Санкт-Петербург;2007;2503.4;58;41.6
Южный             федеральный округ;2007;6139.4;490;101.5
Республика Адыгея;2007;153.2;21;8.8
Республика Калмыкия;2007;116.7;22;5.8
Республика Крым;2007;0;0;0
Краснодарский край;2007;2237.3;168;27.2
Астраханская область;2007;457.9;45;9.6
Волгоградская область;2007;1259.1;86;21.6
Ростовская область;2007;1915.1;147;28.5
г. Севастополь;2007;0;0;0
Северо-Кавказский        федеральный округ;2007;3176;807;515.7
Республика Дагестан;2007;902.8;253;53.7
Республика Ингушетия;2007;65.5;66;55.6
Кабардино-Балкарская Республика;2007;312.2;73;31.3
Карачаево-Черкесская Республика;2007;165.3;41;7.9
Республика Северная Осетия - Алания;2007;294.5;31;18.8
Чеченская Республика;2007;227.5;255;320
Ставропольский край;2007;1208.3;89;28.4
Приволжский федеральный округ;2007;14646.9;959;223.9
Республика Башкортостан;2007;1856.4;132;28.8
Республика Марий Эл;2007;329;35;4.6
Республика Мордовия;2007;395.3;16;6.1
Республика Татарстан;2007;1825.5;108;26.9
Удмуртская Республика;2007;766.3;68;14.6
Чувашская Республика;2007;599.6;61;10.4
Пермский край;2007;1333.2;92;29
Кировская область;2007;694.9;44;13
Нижегородская область ;2007;1760.9;82;13.3
Оренбургская область;2007;1019.2;75;9
Пензенская область;2007;677.3;36;6.8
Самарская область;2007;1592.4;75;27.4
Саратовская область;2007;1189.5;105;20.9
Ульяновская область;2007;607.3;31;12.9
Уральский         федеральный округ;2007;6054;316;107.5
Курганская область;2007;409.4;37;13.3
Свердловская область ;2007;2092.4;125;38.3
Тюменская область;2007;1880.8;110;26.8
в том числе:;2007;0;0;0
Ханты-Мансийский автономный округ - Югра;2007;880.6;67;11.8
Ямало-Ненецкий автономный округ;2007;357.2;9;6.1
Тюменская область  без автономных округов;2007;642.9;34;8.9
Челябинская область;2007;1671.4;44;29.1
Сибирский        федеральный округ;2007;8105.3;659;270.8
Республика Алтай;2007;92;9;5.2
Республика Тыва;2007;105;22;11.2
Республика Хакасия;2007;244.7;18;8.1
Алтайский край;2007;1108.7;82;65
Красноярский край;2007;1419.7;118;40.2
Иркутская область;2007;1145.6;105;38.5
Кемеровская область;2007;1322.8;90;43.6
Новосибирская область ;2007;1244.7;97;23.9
Омская область;2007;943.4;83;19
Томская область;2007;478.8;37;16.1
Дальневосточный федеральный округ;2007;4200.7;334;145.7
Республика Бурятия;2007;398.2;61;9.9
Республика Саха (Якутия);2007;483.7;38;14.2
Забайкальский край;2007;489.8;47;15.3
Камчатский край;2007;177.4;18;7.5
Приморский край;2007;980.2;76;35.4
Хабаровский край ;2007;730.5;41;26.5
Амурская область;2007;437.1;26;24.9
Магаданская область;2007;93.3;6;4.7
Сахалинская область;2007;291;13;4.7
Еврейская автономная область;2007;81.8;8;1.4
Чукотский автономный округ;2007;37.7;1;1.2
Центральный федеральный округ;2008;19033.9;733;254.5
Белгородская область;2008;695.3;30;12.5
Брянская область;2008;608.2;42;9.6
Владимирская область;2008;706.4;45;19.8
Воронежская область;2008;1064.6;61;23.5
Ивановская область;2008;500.5;30;15.5
Калужская область;2008;482.9;26;5.1
Костромская область;2008;324.1;18;6.5
Курская область;2008;586.3;37;8.1
Липецкая область;2008;546.1;31;7
Московская область;2008;2946.9;106;38.8
Орловская область;2008;400.5;24;6.6
Рязанская область;2008;514.2;31;7.9
Смоленская область;2008;487;37;6.2
Тамбовская область;2008;507.1;52;8.4
Тверская область;2008;612;36;9.1
Тульская область;2008;787.5;27;8.8
Ярославская область;2008;671;41;14.2
г. Москва;2008;6593.2;59;46.9
Северо-Западный федеральный округ;2008;6834.9;385;151.3
Республика Карелия;2008;335.7;30;10.9
Республика Коми;2008;468.4;39;13.5
Архангельская область;2008;611.3;46;15.6
в том числе: ;2008;0;0;0
Ненецкий автономный округ;2008;32.8;2;0.6
Архангельская область без автономного округа;2008;578.6;44;15
Вологодская область;2008;611.3;37;14.1
Калининградская область;2008;476.4;46;11.1
Ленинградская область;2008;749.2;58;10.5
Мурманская область;2008;429.7;33;13.3
Новгородская область;2008;315.2;17;4.6
Псковская область;2008;335.6;24;9.6
г. Санкт-Петербург;2008;2502.1;57;48
Южный             федеральный округ;2008;6202;454;109.7
Республика Адыгея;2008;152.8;15;6.6
Республика Калмыкия;2008;115.4;24;5.4
Республика Крым;2008;0;0;0
Краснодарский край;2008;2280.3;125;32.9
Астраханская область;2008;464.2;39;9.8
Волгоградская область;2008;1258.8;108;26.5
Ростовская область;2008;1930.6;143;28.6
г. Севастополь;2008;0;0;0
Северо-Кавказский        федеральный округ;2008;3233;671;468
Республика Дагестан;2008;941.4;175;47.6
Республика Ингушетия;2008;66.3;78;48.8
Кабардино-Балкарская Республика;2008;311.2;68;24.8
Карачаево-Черкесская Республика;2008;168.7;34;5.3
Республика Северная Осетия - Алания;2008;296;35;11.1
Чеченская Республика;2008;237.9;172;298.9
Ставропольский край;2008;1211.5;108;31.5
Приволжский федеральный округ;2008;14606.7;988;243.3
Республика Башкортостан;2008;1846.3;105;32.1
Республика Марий Эл;2008;327.7;34;3.8
Республика Мордовия;2008;393.9;13;5.3
Республика Татарстан;2008;1814;96;28.4
Удмуртская Республика;2008;768.9;65;15.6
Чувашская Республика;2008;594.1;54;12.8
Пермский край;2008;1328.6;118;40.9
Кировская область;2008;678.6;55;13.6
Нижегородская область ;2008;1765.9;101;18.9
Оренбургская область;2008;1017;69;9.5
Пензенская область;2008;673.1;54;6.8
Самарская область;2008;1591.1;75;25
Саратовская область;2008;1202.6;100;19.6
Ульяновская область;2008;605.1;49;11.1
Уральский         федеральный округ;2008;6089;363;125.1
Курганская область;2008;403.2;42;13.8
Свердловская область ;2008;2093.2;113;47
Тюменская область;2008;1913.3;129;26.9
в том числе:;2008;0;0;0
Ханты-Мансийский автономный округ - Югра;2008;901.9;70;13.4
Ямало-Ненецкий автономный округ;2008;364.6;19;5.1
Тюменская область  без автономных округов;2008;646.9;39;8.4
Челябинская область;2008;1679.3;79;37.3
Сибирский        федеральный округ;2008;8171.9;690;241.5
Республика Алтай;2008;95.1;12;3.4
Республика Тыва;2008;105;23;9.5
Республика Хакасия;2008;243.3;19;6.8
Алтайский край;2008;1102.7;105;47
Красноярский край;2008;1437.5;96;39.3
Иркутская область;2008;1166.5;110;34.2
Кемеровская область;2008;1321.5;95;41.6
Новосибирская область ;2008;1271.2;105;26.8
Омская область;2008;947.5;83;20
Томская область;2008;481.8;43;12.9
Дальневосточный федеральный округ;2008;4225.2;412;140
Республика Бурятия;2008;413.1;59;9.9
Республика Саха (Якутия);2008;487;46;13
Забайкальский край;2008;493.2;81;18.4
Камчатский край;2008;176.5;17;6.1
Приморский край;2008;977.7;82;33.8
Хабаровский край ;2008;729.1;65;24.6
Амурская область;2008;443.4;23;22.8
Магаданская область;2008;92;7;3.8
Сахалинская область;2008;293.2;22;4.8
Еврейская автономная область;2008;82.1;8;1.8
Чукотский автономный округ;2008;37.9;2;1
Центральный федеральный округ;2009;18673.1;1193;397.2
Белгородская область;2009;693;37;15
Брянская область;2009;582.1;68;17.4
Владимирская область;2009;703.4;66;26.8
Воронежская область;2009;1055.2;101;30.5
Ивановская область;2009;490.8;59;24.4
Калужская область;2009;480.9;35;8.6
Костромская область;2009;317.2;30;8.3
Курская область;2009;580.8;51;11.4
Липецкая область;2009;545.7;35;6.5
Московская область;2009;2879.8;187;68
Орловская область;2009;388.4;39;8.6
Рязанская область;2009;496.9;52;10.6
Смоленская область;2009;494.6;44;11.6
Тамбовская область;2009;500.6;50;9.9
Тверская область;2009;596.4;58;16.6
Тульская область;2009;762.9;49;17.1
Ярославская область;2009;656.2;55;30.8
г. Москва;2009;6448.1;176;75.2
Северо-Западный федеральный округ;2009;6768.7;529;226.8
Республика Карелия;2009;322.2;34;15.4
Республика Коми;2009;463.2;59;18.9
Архангельская область;2009;609.1;48;20.5
в том числе: ;2009;0;0;0
Ненецкий автономный округ;2009;31.8;2;0.9
Архангельская область без автономного округа;2009;577.4;46;19.6
Вологодская область;2009;605;52;26.6
Калининградская область;2009;479;56;19.4
Ленинградская область;2009;744.9;67;12.2
Мурманская область;2009;426.2;37;19.2
Новгородская область;2009;313.4;21;8.4
Псковская область;2009;322.6;39;11.8
г. Санкт-Петербург;2009;2483.1;117;74.3
Южный             федеральный округ;2009;6140.1;605;141.7
Республика Адыгея;2009;152.8;15;5.3
Республика Калмыкия;2009;115;25;5.6
Республика Крым;2009;0;0;0
Краснодарский край;2009;2270.3;190;40.1
Астраханская область;2009;446.3;52;13.6
Волгоградская область;2009;1254.2;138;38.6
Ростовская область;2009;1901.5;184;38.3
г. Севастополь;2009;0;0;0
Северо-Кавказский        федеральный округ;2009;3251.9;701;471.5
Республика Дагестан;2009;942;171;45.9
Республика Ингушетия;2009;65.6;95;53.8
Кабардино-Балкарская Республика;2009;310.1;56;19.7
Карачаево-Черкесская Республика;2009;170.2;28;6.4
Республика Северная Осетия - Алания;2009;298.1;39;13
Чеченская Республика;2009;256.2;194;297.1
Ставропольский край;2009;1209.8;117;35.6
Приволжский федеральный округ;2009;14330.1;1366;429.3
Республика Башкортостан;2009;1782.4;190;45.4
Республика Марий Эл;2009;322.3;42;7.3
Республика Мордовия;2009;387.1;24;8.2
Республика Татарстан;2009;1800.5;168;57.9
Удмуртская Республика;2009;758.6;75;30.1
Чувашская Республика;2009;577.1;78;23.3
Пермский край;2009;1304.9;141;55.7
Кировская область;2009;657;81;28.8
Нижегородская область ;2009;1722.2;135;39.3
Оренбургская область;2009;1022.6;93;17.8
Пензенская область;2009;667.7;56;10.7
Самарская область;2009;1525;107;60.6
Саратовская область;2009;1204.7;115;29.5
Ульяновская область;2009;598;60;14.7
Уральский         федеральный округ;2009;6019;527;217.3
Курганская область;2009;396.3;58;16.6
Свердловская область ;2009;2060.4;191;99.7
Тюменская область;2009;1929.7;128;31.7
в том числе:;2009;0;0;0
Ханты-Мансийский автономный округ - Югра;2009;897.4;62;17.9
Ямало-Ненецкий автономный округ;2009;368.5;14;6.4
Тюменская область  без автономных округов;2009;663.8;52;7.4
Челябинская область;2009;1632.5;149;69.3
Сибирский        федеральный округ;2009;8047.3;915;305.2
Республика Алтай;2009;94.3;14;3.7
Республика Тыва;2009;104.5;27;8.2
Республика Хакасия;2009;240.4;24;7.7
Алтайский край;2009;1071.4;152;58.9
Красноярский край;2009;1435.8;145;45.8
Иркутская область;2009;1144.2;138;48.1
Кемеровская область;2009;1277.6;139;59.6
Новосибирская область ;2009;1255.9;141;31.7
Омская область;2009;942.8;89;22.4
Томская область;2009;480.3;47;19.3
Дальневосточный федеральный округ;2009;4187.6;448;159.8
Республика Бурятия;2009;401.9;63;11.8
Республика Саха (Якутия);2009;485.8;44;13.8
Забайкальский край;2009;490.8;66;21.2
Камчатский край;2009;178;14;7.1
Приморский край;2009;977.8;104;40.4
Хабаровский край ;2009;715.9;76;34.2
Амурская область;2009;441.1;37;19.1
Магаданская область;2009;90.2;7;4.1
Сахалинская область;2009;288.3;29;5.3
Еврейская автономная область;2009;80.9;7;1.7
Чукотский автономный округ;2009;36.9;2;1.1
Центральный федеральный округ;2010;20782.3;961;291.4
Белгородская область;2010;749.8;41;12
Брянская область;2010;580.9;52;12.3
Владимирская область;2010;670.5;47;18.5
Воронежская область;2010;1158.9;87;21.3
Ивановская область;2010;467.8;42;17.6
Калужская область;2010;516.8;38;6.5
Костромская область;2010;327.5;21;5.9
Курская область;2010;546.4;48;10.1
Липецкая область;2010;594.5;28;5.2
Московская область;2010;3341.4;131;41.4
Орловская область;2010;342.5;35;7
Рязанская область;2010;529;48;8.9
Смоленская область;2010;484.6;41;9.5
Тамбовская область;2010;504;43;8.1
Тверская область;2010;676.8;47;12
Тульская область;2010;770;47;13.2
Ярославская область;2010;649.1;51;20.4
г. Москва;2010;7871.8;115;61.7
Северо-Западный федеральный округ;2010;7286.3;453;155.9
Республика Карелия;2010;310.7;32;10.8
Республика Коми;2010;472.6;52;14.1
Архангельская область;2010;575.6;46;17.6
в том числе: ;2010;0;0;0
Ненецкий автономный округ;2010;32.5;2;0.9
Архангельская область без автономного округа;2010;543.1;44;16.7
Вологодская область;2010;608.6;51;16.9
Калининградская область;2010;484.5;52;12.5
Ленинградская область;2010;837.2;50;7.9
Мурманская область;2010;417.9;42;15
Новгородская область;2010;315;19;5.6
Псковская область;2010;310.5;34;8
г. Санкт-Петербург;2010;2953.7;74;47.6
Южный             федеральный округ;2010;6478.6;530;116.1
Республика Адыгея;2010;156.5;19;4.6
Республика Калмыкия;2010;115.1;22;4.7
Республика Крым;2010;0;0;0
Краснодарский край;2010;2512.5;173;37
Астраханская область;2010;493.6;43;13
Волгоградская область;2010;1243;105;27.5
Ростовская область;2010;1957.9;167;29.3
г. Севастополь;2010;0;0;0
Северо-Кавказский        федеральный округ;2010;3650.4;719;381.9
Республика Дагестан;2010;1028.1;189;40.4
Республика Ингушетия;2010;134.1;89;50.7
Кабардино-Балкарская Республика;2010;362.6;48;12
Карачаево-Черкесская Республика;2010;179.1;24;5.7
Республика Северная Осетия - Алания;2010;301.7;37;12.9
Чеченская Республика;2010;408.5;238;232.2
Ставропольский край;2010;1236.4;94;28
Приволжский федеральный округ;2010;14579.5;1198;296.3
Республика Башкортостан;2010;1825.1;182;40.4
Республика Марий Эл;2010;319.4;39;6.2
Республика Мордовия;2010;426.3;25;7.2
Республика Татарстан;2010;1949.3;126;38.5
Удмуртская Республика;2010;761.7;78;18.8
Чувашская Республика;2010;597.9;63;15.8
Пермский край;2010;1248.5;117;36.2
Кировская область;2010;624.9;64;19.9
Нижегородская область ;2010;1728.1;138;24
Оренбургская область;2010;960.4;77;14.3
Пензенская область;2010;638.9;44;9.1
Самарская область;2010;1740.5;101;36.6
Саратовская область;2010;1155.7;86;20
Ульяновская область;2010;602.6;59;9.2
Уральский         федеральный округ;2010;6458.3;519;138.7
Курганская область;2010;383.1;55;13.2
Свердловская область ;2010;2174.7;194;58.2
Тюменская область;2010;2170;130;22.4
в том числе:;2010;0;0;0
Ханты-Мансийский автономный округ - Югра;2010;1023.5;69;11.4
Ямало-Ненецкий автономный округ;2010;387.7;13;5.5
Тюменская область  без автономных округов;2010;758.8;48;5.5
Челябинская область;2010;1730.5;140;45
Сибирский        федеральный округ;2010;8121.2;762;236.7
Республика Алтай;2010;88;12;3.2
Республика Тыва;2010;101.7;28;7.2
Республика Хакасия;2010;253.2;24;5.8
Алтайский край;2010;1093.4;111;43.7
Красноярский край;2010;1437.9;97;36.8
Иркутская область;2010;1155.1;127;37.2
Кемеровская область;2010;1284.3;126;41.7
Новосибирская область ;2010;1287.9;110;28.3
Омская область;2010;938.5;85;18.6
Томская область;2010;481.2;42;14.1
Дальневосточный федеральный округ;2010;4136.5;403;123.7
Республика Бурятия;2010;401;49;9.1
Республика Саха (Якутия);2010;482.2;44;12.2
Забайкальский край;2010;488.2;59;17.4
Камчатский край;2010;169.5;13;5.9
Приморский край;2010;975.9;102;27.9
Хабаровский край ;2010;692.1;66;27
Амурская область;2010;423.2;30;14.6
Магаданская область;2010;98.6;6;2.7
Сахалинская область;2010;292.4;26;4.4
Еврейская автономная область;2010;76.9;8;1.6
Чукотский автономный округ;2010;36.6;1;1
Центральный федеральный округ;2011;20956.7;858;250.6
Белгородская область;2011;759.7;33;10.7
Брянская область;2011;584;45;10.3
Владимирская область;2011;682;44;15.8
Воронежская область;2011;1143.5;76;20
Ивановская область;2011;463.9;37;14.4
Калужская область;2011;506.3;31;5.5
Костромская область;2011;326.3;18;4.9
Курская область;2011;546.9;36;8.4
Липецкая область;2011;595.1;30;4.6
Московская область;2011;3265.9;148;34.4
Орловская область;2011;346.1;24;6
Рязанская область;2011;534.5;41;7.3
Смоленская область;2011;485;41;8
Тамбовская область;2011;504.1;36;7
Тверская область;2011;661.1;43;9.8
Тульская область;2011;772.9;43;11.6
Ярославская область;2011;645.1;34;15.7
г. Москва;2011;8134.2;95;56.1
Северо-Западный федеральный округ;2011;7396.1;391;107.2
Республика Карелия;2011;305;28;9.1
Республика Коми;2011;472.5;41;11.9
Архангельская область;2011;574.5;39;13.7
в том числе: ;2011;0;0;0
Ненецкий автономный округ;2011;32.6;2;0.7
Архангельская область без автономного округа;2011;541.9;37;13
Вологодская область;2011;609.3;47;12.1
Калининградская область;2011;489.8;48;9.4
Ленинградская область;2011;839.6;42;6.7
Мурманская область;2011;411.1;41;11.8
Новгородская область;2011;316.7;17;4.7
Псковская область;2011;312.6;33;6.5
г. Санкт-Петербург;2011;3065;56;21.2
Южный             федеральный округ;2011;6470.1;490;100.8
Республика Адыгея;2011;156.7;17;4.1
Республика Калмыкия;2011;114.1;21;4.6
Республика Крым;2011;0;0;0
Краснодарский край;2011;2516.1;153;35.5
Астраханская область;2011;495.3;47;10.9
Волгоградская область;2011;1228.9;92;22.7
Ростовская область;2011;1959;159;23.1
г. Севастополь;2011;0;0;0
Северо-Кавказский        федеральный округ;2011;3683.3;643;306
Республика Дагестан;2011;1038;172;34.4
Республика Ингушетия;2011;135.1;92;43.3
Кабардино-Балкарская Республика;2011;361.6;39;9.6
Карачаево-Черкесская Республика;2011;179.4;23;5
Республика Северная Осетия - Алания;2011;300.4;30;10.4
Чеченская Республика;2011;426.6;205;177.5
Ставропольский край;2011;1242.4;82;25.9
Приволжский федеральный округ;2011;14577.5;1034;229.2
Республика Башкортостан;2011;1819.9;159;30.2
Республика Марий Эл;2011;318.4;38;5.5
Республика Мордовия;2011;422.7;24;5.7
Республика Татарстан;2011;1948.3;95;29.9
Удмуртская Республика;2011;756.2;58;14.9
Чувашская Республика;2011;579.5;52;8.7
Пермский край;2011;1274.4;104;27.4
Кировская область;2011;621.8;59;13.5
Нижегородская область ;2011;1706.8;129;20
Оренбургская область;2011;974.9;66;13.7
Пензенская область;2011;640.2;37;8
Самарская область;2011;1732.9;88;25.8
Саратовская область;2011;1176.3;78;18.6
Ульяновская область;2011;605.3;47;7.3
Уральский         федеральный округ;2011;6497.9;447;109
Курганская область;2011;381.4;44;10.1
Свердловская область ;2011;2176.2;167;43.7
Тюменская область;2011;2189.3;111;20.1
в том числе:;2011;0;0;0
Ханты-Мансийский автономный округ - Югра;2011;1031;57;11
Ямало-Ненецкий автономный округ;2011;389.8;11;4.3
Тюменская область  без автономных округов;2011;768.5;43;4.8
Челябинская область;2011;1751;124;35.1
Сибирский        федеральный округ;2011;8150.6;707;193
Республика Алтай;2011;87.2;13;3
Республика Тыва;2011;102.6;23;6.7
Республика Хакасия;2011;251.1;19;4.8
Алтайский край;2011;1092.8;103;34.5
Красноярский край;2011;1433.8;90;32
Иркутская область;2011;1135.5;115;30.4
Кемеровская область;2011;1301.9;114;31.3
Новосибирская область ;2011;1323;99;25
Омская область;2011;935;84;13.8
Томская область;2011;487.8;46;11.5
Дальневосточный федеральный округ;2011;4168.6;353;105.1
Республика Бурятия;2011;418.3;42;6.9
Республика Саха (Якутия);2011;484.1;44;10.5
Забайкальский край;2011;487.7;57;17
Камчатский край;2011;170;12;5.1
Приморский край;2011;978.3;85;22.4
Хабаровский край ;2011;704.7;50;20.6
Амурская область;2011;424.4;27;14
Магаданская область;2011;98;5;2.2
Сахалинская область;2011;292.4;23;4.4
Еврейская автономная область;2011;75.1;8;1.2
Чукотский автономный округ;2011;35.5;2;1
Центральный федеральный округ;2012;21184.5;659;189.6
Белгородская область;2012;780.1;29;8.8
Брянская область;2012;587.1;33;8.8
Владимирская область;2012;670.3;34;11.8
Воронежская область;2012;1148;65;14
Ивановская область;2012;462.6;35;9.4
Калужская область;2012;508.7;24;4.6
Костромская область;2012;322.7;17;3.8
Курская область;2012;542.5;29;7.1
Липецкая область;2012;591.5;23;4.1
Московская область;2012;3290.8;116;26.5
Орловская область;2012;347;21;4.9
Рязанская область;2012;530.1;26;5.5
Смоленская область;2012;478;31;6.4
Тамбовская область;2012;505.3;26;5.4
Тверская область;2012;653.8;36;8.5
Тульская область;2012;769.4;37;8.6
Ярославская область;2012;646.8;23;12.8
г. Москва;2012;8349.8;55;38.6
Северо-Западный федеральный округ;2012;7367.2;302;99.4
Республика Карелия;2012;302.6;23;7.4
Республика Коми;2012;471.5;31;9.7
Архангельская область;2012;572.6;34;12.7
в том числе: ;2012;0;0;0
Ненецкий автономный округ;2012;33.1;2;0.6
Архангельская область без автономного округа;2012;539.5;33;12.1
Вологодская область;2012;579.4;37;10.5
Калининградская область;2012;476.6;39;7
Ленинградская область;2012;841.9;32;6.3
Мурманская область;2012;409.3;36;10.3
Новгородская область;2012;315.1;14;3.6
Псковская область;2012;316.9;23;5.3
г. Санкт-Петербург;2012;3081.3;33;26.8
Южный             федеральный округ;2012;6505.4;434;84.2
Республика Адыгея;2012;156.4;17;3.3
Республика Калмыкия;2012;113.7;19;3.3
Республика Крым;2012;0;0;0
Краснодарский край;2012;2546;147;29.9
Астраханская область;2012;487.9;41;7.7
Волгоградская область;2012;1238.1;80;18.4
Ростовская область;2012;1963.2;130;21.8
г. Севастополь;2012;0;0;0
Северо-Кавказский        федеральный округ;2012;3694.6;587;280.8
Республика Дагестан;2012;1049;155;31
Республика Ингушетия;2012;138.2;96;40.5
Кабардино-Балкарская Республика;2012;360.4;34;9.2
Карачаево-Черкесская Республика;2012;178.6;21;5.2
Республика Северная Осетия - Алания;2012;300.9;28;9.4
Чеченская Республика;2012;440.1;178;166.3
Ставропольский край;2012;1227.4;74;19.2
Приволжский федеральный округ;2012;14613.7;832;181.6
Республика Башкортостан;2012;1875.5;124;27.1
Республика Марий Эл;2012;315.6;24;3.9
Республика Мордовия;2012;412.7;22;5
Республика Татарстан;2012;1949.7;85;24.9
Удмуртская Республика;2012;753.5;50;11.1
Чувашская Республика;2012;575.4;38;6.2
Пермский край;2012;1250.3;85;22.4
Кировская область;2012;612;49;10.5
Нижегородская область ;2012;1718.5;98;14.1
Оренбургская область;2012;998.9;56;11.3
Пензенская область;2012;639.1;35;7.1
Самарская область;2012;1737.4;60;18.4
Саратовская область;2012;1166.4;69;14.8
Ульяновская область;2012;608.7;38;4.8
Уральский         федеральный округ;2012;6467.9;392;91.5
Курганская область;2012;376.7;38;8
Свердловская область ;2012;2144.3;133;36.5
Тюменская область;2012;2201.4;101;15.4
в том числе:;2012;0;0;0
Ханты-Мансийский автономный округ - Югра;2012;1036.8;50;7.3
Ямало-Ненецкий автономный округ;2012;392.6;11;2.9
Тюменская область  без автономных округов;2012;772;40;5.2
Челябинская область;2012;1745.6;120;31.6
Сибирский        федеральный округ;2012;8206.3;604;168.1
Республика Алтай;2012;85.4;11;2.6
Республика Тыва;2012;101.6;22;6
Республика Хакасия;2012;249.6;21;4.4
Алтайский край;2012;1091.8;74;30.3
Красноярский край;2012;1437.2;84;26.2
Иркутская область;2012;1153.1;98;26.4
Кемеровская область;2012;1307.8;99;28
Новосибирская область ;2012;1360.5;81;21.4
Омская область;2012;931.8;72;12.9
Томская область;2012;487.5;42;10
Дальневосточный федеральный округ;2012;4158.1;321;90.2
Республика Бурятия;2012;418.7;36;6.1
Республика Саха (Якутия);2012;483.7;40;10.6
Забайкальский край;2012;487;56;11.3
Камчатский край;2012;173.6;11;4.5
Приморский край;2012;979;73;19.5
Хабаровский край ;2012;705.9;48;16
Амурская область;2012;412.2;23;14.9
Магаданская область;2012;97.1;3;1.7
Сахалинская область;2012;291.8;22;3.7
Еврейская автономная область;2012;74.7;7;1.2
Чукотский автономный округ;2012;34.5;1;0.9
Центральный федеральный округ;2013;21254.4;698;170.8
Белгородская область;2013;774;32;8.1
Брянская область;2013;572.6;33;7.5
Владимирская область;2013;669.7;29;11.1
Воронежская область;2013;1139.4;54;12.9
Ивановская область;2013;457.2;29;6.6
Калужская область;2013;519.4;25;4.2
Костромская область;2013;321.4;17;3.3
Курская область;2013;537.2;27;6.2
Липецкая область;2013;587.2;22;4
Московская область;2013;3319.4;108;22.7
Орловская область;2013;344.7;23;3.8
Рязанская область;2013;526.5;26;5
Смоленская область;2013;475.3;28;6.7
Тамбовская область;2013;504.1;25;5.1
Тверская область;2013;645.8;38;8.3
Тульская область;2013;761.3;34;7.6
Ярославская область;2013;640;30;11.5
г. Москва;2013;8459.1;117;36.3
Северо-Западный федеральный округ;2013;7363.2;327;86
Республика Карелия;2013;296.1;27;8
Республика Коми;2013;462.1;35;8.2
Архангельская область;2013;567.9;38;11.9
в том числе: ;2013;0;0;0
Ненецкий автономный округ;2013;33.4;2;0.4
Архангельская область без автономного округа;2013;534.4;37;11.5
Вологодская область;2013;559.2;38;9.4
Калининградская область;2013;476.5;30;6.5
Ленинградская область;2013;847.6;41;5.1
Мурманская область;2013;405.4;34;8.3
Новгородская область;2013;308.7;16;3.5
Псковская область;2013;314.5;24;4.9
г. Санкт-Петербург;2013;3125.2;43;20.2
Южный             федеральный округ;2013;6493.1;452;79.9
Республика Адыгея;2013;156;17;2.7
Республика Калмыкия;2013;113;18;3.3
Республика Крым;2013;0;0;0
Краснодарский край;2013;2550.1;160;29.7
Астраханская область;2013;482.2;40;6.4
Волгоградская область;2013;1229.3;89;16.1
Ростовская область;2013;1962.5;129;21.7
г. Севастополь;2013;0;0;0
Северо-Кавказский        федеральный округ;2013;3711.8;586;224.2
Республика Дагестан;2013;1057.4;153;27.4
Республика Ингушетия;2013;143;88;26
Кабардино-Балкарская Республика;2013;359.2;44;8.8
Карачаево-Черкесская Республика;2013;177.5;22;4.3
Республика Северная Осетия - Алания;2013;300.7;28;11
Чеченская Республика;2013;452.2;175;129
Ставропольский край;2013;1221.8;77;17.6
Приволжский федеральный округ;2013;14511.2;767;164.2
Республика Башкортостан;2013;1849.1;116;24.7
Республика Марий Эл;2013;312;19;3.2
Республика Мордовия;2013;406.5;20;4
Республика Татарстан;2013;1941.5;81;18.7
Удмуртская Республика;2013;750;47;9.1
Чувашская Республика;2013;567.1;38;5.5
Пермский край;2013;1230.4;87;25
Кировская область;2013;605.3;38;9.7
Нижегородская область ;2013;1710.7;76;11
Оренбургская область;2013;983.5;53;13.7
Пензенская область;2013;635.5;34;7.2
Самарская область;2013;1735.6;56;16.3
Саратовская область;2013;1183.7;66;12.2
Ульяновская область;2013;600.2;37;3.8
Уральский         федеральный округ;2013;6482.7;373;84
Курганская область;2013;373.4;33;7.5
Свердловская область ;2013;2154.3;136;33.5
Тюменская область;2013;2214.8;90;14.1
в том числе:;2013;0;0;0
Ханты-Мансийский автономный округ - Югра;2013;1041.5;44;6.1
Ямало-Ненецкий автономный округ;2013;396.1;10;2.7
Тюменская область  без автономных округов;2013;777.2;36;5.3
Челябинская область;2013;1740.2;113;28.9
Сибирский        федеральный округ;2013;8217.4;618;156.8
Республика Алтай;2013;85;12;2.5
Республика Тыва;2013;100.2;24;6
Республика Хакасия;2013;246.3;16;4.1
Алтайский край;2013;1090.1;96;24.6
Красноярский край;2013;1435.2;86;25
Иркутская область;2013;1156.6;104;24.5
Кемеровская область;2013;1305.4;85;28.2
Новосибирская область ;2013;1376.5;84;19.8
Омская область;2013;930.4;72;12.5
Томская область;2013;491.7;39;9.8
Дальневосточный федеральный округ;2013;4142.7;317;82.6
Республика Бурятия;2013;418.5;37;5.5
Республика Саха (Якутия);2013;482.7;37;10.2
Забайкальский край;2013;485.4;56;11
Камчатский край;2013;173.3;11;3.7
Приморский край;2013;973.8;76;17.3
Хабаровский край ;2013;708.6;42;14.7
Амурская область;2013;405.5;26;13.3
Магаданская область;2013;96.7;3;1.5
Сахалинская область;2013;291.5;21;3.3
Еврейская автономная область;2013;73;7;1.2
Чукотский автономный округ;2013;33.7;1;0.9
Центральный федеральный округ;2014;21390.2;655;182.4
Белгородская область;2014;764.5;32;8.3
Брянская область;2014;557.8;32;7.5
Владимирская область;2014;669.7;33;11.3
Воронежская область;2014;1117.8;53;12.6
Ивановская область;2014;455.9;23;6.4
Калужская область;2014;519;22;4.9
Костромская область;2014;307.6;15;3.7
Курская область;2014;529.5;23;6.3
Липецкая область;2014;599.3;22;4.4
Московская область;2014;3405.3;105;26.9
Орловская область;2014;340.6;20;4.5
Рязанская область;2014;513.6;24;4.9
Смоленская область;2014;470;27;8.5
Тамбовская область;2014;502.2;23;4.8
Тверская область;2014;640.3;38;8
Тульская область;2014;750;33;8.9
Ярославская область;2014;633.4;26;10.5
г. Москва;2014;8613.9;104;40.2
Северо-Западный федеральный округ;2014;7330.6;310;83.2
Республика Карелия;2014;290.1;26;7.4
Республика Коми;2014;446.8;29;8.5
Архангельская область;2014;562.2;44;11.5
в том числе: ;2014;0;0;0
Ненецкий автономный округ;2014;33.4;1;0.4
Архангельская область без автономного округа;2014;528.8;43;11.1
Вологодская область;2014;554.8;35;9.2
Калининградская область;2014;477.8;29;6.1
Ленинградская область;2014;843.1;43;4.6
Мурманская область;2014;396;31;8.2
Новгородская область;2014;304.2;12;3.8
Псковская область;2014;309.4;22;4.8
г. Санкт-Петербург;2014;3146.2;39;19.1
Южный             федеральный округ;2014;6436.1;434;81.1
Республика Адыгея;2014;155.5;17;3.1
Республика Калмыкия;2014;112.6;16;3.1
Республика Крым;2014;…;…;…
Краснодарский край;2014;2541.4;149;31.8
Астраханская область;2014;481.6;40;6.2
Волгоградская область;2014;1194;87;16.1
Ростовская область;2014;1951;126;20.8
г. Севастополь;2014;…;…;…
Северо-Кавказский        федеральный округ;2014;3742.4;507;196
Республика Дагестан;2014;1069.2;135;26.6
Республика Ингушетия;2014;150;63;30.5
Кабардино-Балкарская Республика;2014;357.7;41;8.6
Карачаево-Черкесская Республика;2014;175.7;30;4.3
Республика Северная Осетия - Алания;2014;298.3;29;9.2
Чеченская Республика;2014;466;136;99.6
Ставропольский край;2014;1225.5;73;17.2
Приволжский федеральный округ;2014;14449.4;703;169.5
Республика Башкортостан;2014;1839.3;105;24.1
Республика Марий Эл;2014;309.6;17;3.4
Республика Мордовия;2014;402.4;19;4.4
Республика Татарстан;2014;1947;81;16.7
Удмуртская Республика;2014;745.7;42;9.5
Чувашская Республика;2014;566.4;34;5.2
Пермский край;2014;1216;75;27.1
Кировская область;2014;602.8;34;9.6
Нижегородская область ;2014;1713.5;75;11
Оренбургская область;2014;959.9;46;17.3
Пензенская область;2014;633.6;33;6.4
Самарская область;2014;1741.3;53;19.4
Саратовская область;2014;1180.1;58;12
Ульяновская область;2014;591.8;31;3.5
Уральский         федеральный округ;2014;6462.1;375;86.3
Курганская область;2014;367.4;30;7.4
Свердловская область ;2014;2144.6;138;33.4
Тюменская область;2014;2217.6;91;14.8
в том числе:;2014;0;0;0
Ханты-Мансийский автономный округ - Югра;2014;1040.2;42;6.4
Ямало-Ненецкий автономный округ;2014;395.4;10;3
Тюменская область  без автономных округов;2014;782;38;5.5
Челябинская область;2014;1732.4;116;30.7
Сибирский        федеральный округ;2014;8166;593;150.8
Республика Алтай;2014;85;10;2.7
Республика Тыва;2014;98.6;24;5.8
Республика Хакасия;2014;240;16;4.5
Алтайский край;2014;1069.6;83;22.6
Красноярский край;2014;1427.3;76;22.2
Иркутская область;2014;1150.6;110;21.5
Кемеровская область;2014;1276.7;88;31.3
Новосибирская область ;2014;1397.7;74;18
Омская область;2014;934.5;70;12.9
Томская область;2014;485.8;42;9.5
Дальневосточный федеральный округ;2014;4103.8;311;76.3
Республика Бурятия;2014;405.5;38;5.7
Республика Саха (Якутия);2014;482.8;37;9.8
Забайкальский край;2014;480.4;54;11.5
Камчатский край;2014;169.5;11;3.4
Приморский край;2014;968.6;73;15.9
Хабаровский край ;2014;700.6;44;10.3
Амурская область;2014;406.3;24;13
Магаданская область;2014;96.3;3;1.7
Сахалинская область;2014;290;18;3
Еврейская автономная область;2014;70.8;7;0.9
Чукотский автономный округ;2014;33.3;1;1
Центральный федеральный округ;2015;21178;745;226.2
Белгородская область;2015;754;33;8.4
Брянская область;2015;547.7;29;8.9
Владимирская область;2015;664.4;42;13.9
Воронежская область;2015;1092.5;52;14.2
Ивановская область;2015;451.5;31;8
Калужская область;2015;508;23;5.5
Костромская область;2015;299.4;17;3.9
Курская область;2015;520.3;24;7.4
Липецкая область;2015;565.2;24;4.6
Московская область;2015;3366.9;129;38.8
Орловская область;2015;335.9;24;5.2
Рязанская область;2015;504.8;25;5.5
Смоленская область;2015;460.8;33;8.8
Тамбовская область;2015;499.8;24;5.1
Тверская область;2015;630.1;39;9.6
Тульская область;2015;742.6;33;7.7
Ярославская область;2015;635.9;37;12.8
г. Москва;2015;8598;125;57.9
Северо-Западный федеральный округ;2015;7296.8;360;100.7
Республика Карелия;2015;284;29;8.7
Республика Коми;2015;437.7;33;9.6
Архангельская область;2015;558.4;42;14.8
в том числе: ;2015;0;0;0
Ненецкий автономный округ;2015;33.3;2;0.6
Архангельская область без автономного округа;2015;525.1;40;14.2
Вологодская область;2015;554.1;42;11.1
Калининградская область;2015;478.2;30;7
Ленинградская область;2015;842.1;49;5.7
Мурманская область;2015;383.2;35;10
Новгородская область;2015;298.7;15;4.7
Псковская область;2015;295.6;23;5.5
г. Санкт-Петербург;2015;3164.8;62;23.6
Южный             федеральный округ;2015;7442.5;546;98.1
Республика Адыгея;2015;155.1;18;2.8
Республика Калмыкия;2015;111.8;15;3
Республика Крым;2015;852.7;69;9.6
Краснодарский край;2015;2546.1;162;32.5
Астраханская область;2015;479.8;40;8.2
Волгоградская область;2015;1176;95;17.3
Ростовская область;2015;1948.8;130;24.1
г. Севастополь;2015;172.2;17;0.6
Северо-Кавказский        федеральный округ;2015;3745.8;499;170.1
Республика Дагестан;2015;1063.4;140;27.3
Республика Ингушетия;2015;153.2;68;29.6
Кабардино-Балкарская Республика;2015;357;43;9.1
Карачаево-Черкесская Республика;2015;173.3;33;4.1
Республика Северная Осетия - Алания;2015;294.7;31;8.2
Чеченская Республика;2015;488.7;106;75
Ставропольский край;2015;1215.5;78;16.8
Приволжский федеральный округ;2015;14221;743;195.1
Республика Башкортостан;2015;1778.8;123;27.7
Республика Марий Эл;2015;307.5;19;4.4
Республика Мордовия;2015;393.6;19;4
Республика Татарстан;2015;1950.3;82;18
Удмуртская Республика;2015;741.6;41;11.7
Чувашская Республика;2015;564.3;33;5.4
Пермский край;2015;1201;82;31.1
Кировская область;2015;596.6;36;10.7
Нижегородская область ;2015;1653.6;75;13.6
Оренбургская область;2015;930.2;49;17.6
Пензенская область;2015;632.6;33;7.2
Самарская область;2015;1739.1;60;24.5
Саратовская область;2015;1149.4;59;14.8
Ульяновская область;2015;582.3;32;4.6
Уральский         федеральный округ;2015;6425.9;406;103.9
Курганская область;2015;359.8;32;8.9
Свердловская область ;2015;2137.9;149;39.5
Тюменская область;2015;2209.8;95;17.9
в том числе:;2015;0;0;0
Ханты-Мансийский автономный округ - Югра;2015;1037.4;41;7.7
Ямало-Ненецкий автономный округ;2015;393.8;11;3.6
Тюменская область  без автономных округов;2015;778.6;43;6.6
Челябинская область;2015;1718.3;129;37.6
Сибирский        федеральный округ;2015;8061.3;656;169.5
Республика Алтай;2015;85.6;10;2.7
Республика Тыва;2015;99;23;5.4
Республика Хакасия;2015;237.2;15;6
Алтайский край;2015;1055.9;95;23.9
Красноярский край;2015;1424.4;93;23.7
Иркутская область;2015;1158.8;103;22.4
Кемеровская область;2015;1229.1;106;38.8
Новосибирская область ;2015;1363.5;99;22.6
Омская область;2015;932.7;72;13.6
Томская область;2015;475.2;40;10.5
Дальневосточный федеральный округ;2015;4053.7;309;86.6
Республика Бурятия;2015;398;42;6.8
Республика Саха (Якутия);2015;482.7;37;11.3
Забайкальский край;2015;475.4;56;12.8
Камчатский край;2015;170.1;8;3.8
Приморский край;2015;965.3;73;19.1
Хабаровский край ;2015;683;39;11.1
Амурская область;2015;393.2;24;14.3
Магаданская область;2015;94.9;4;2
Сахалинская область;2015;287.7;18;3.3
Еврейская автономная область;2015;70.3;7;1.2
Чукотский автономный округ;2015;33.1;1;0.9
Центральный федеральный округ;2016;21181.9;755;193
Белгородская область;2016;756.8;33;6.3
Брянская область;2016;540.6;29;8.2
Владимирская область;2016;647.4;41;11.6
Воронежская область;2016;1094.8;52;13.2
Ивановская область;2016;447.1;30;6.9
Калужская область;2016;508.9;23;4.9
Костромская область;2016;293.2;18;3.5
Курская область;2016;520.6;24;5.8
Липецкая область;2016;565.5;24;3.8
Московская область;2016;3377;133;31.8
Орловская область;2016;330.2;25;5
Рязанская область;2016;505.5;24;5.2
Смоленская область;2016;443.9;31;8.1
Тамбовская область;2016;492.1;24;4.7
Тверская область;2016;608.5;40;8.1
Тульская область;2016;731.5;33;6.5
Ярославская область;2016;626.6;45;12.2
г. Москва;2016;8692;127;47.1
Северо-Западный федеральный округ;2016;7251.1;351;93.5
Республика Карелия;2016;283.6;30;8
Республика Коми;2016;421.8;40;10
Архангельская область;2016;547.5;42;13
в том числе: ;2016;0;0;0
Ненецкий автономный округ;2016;33.2;2;0.7
Архангельская область без автономного округа;2016;514.4;40;12.3
Вологодская область;2016;556.6;40;9.7
Калининградская область;2016;476.9;31;5.5
Ленинградская область;2016;820.2;44;5.3
Мурманская область;2016;379.8;34;9.4
Новгородская область;2016;294;16;3.8
Псковская область;2016;291.2;22;4.5
г. Санкт-Петербург;2016;3179.4;50;24.5
Южный             федеральный округ;2016;7402.8;521;82.9
Республика Адыгея;2016;151.1;18;2.5
Республика Калмыкия;2016;112.3;15;2.8
Республика Крым;2016;825.4;62;7.3
Краснодарский край;2016;2553.2;159;26.1
Астраханская область;2016;473.7;40;8.4
Волгоградская область;2016;1147.6;88;14.7
Ростовская область;2016;1968.3;126;20.5
г. Севастополь;2016;171.3;12;0.6
Северо-Кавказский        федеральный округ;2016;3778.9;500;146.4
Республика Дагестан;2016;1066.8;146;27.1
Республика Ингушетия;2016;162.3;70;24.6
Кабардино-Балкарская Республика;2016;358.9;44;8.3
Карачаево-Черкесская Республика;2016;171.7;31;4.3
Республика Северная Осетия - Алания;2016;287.2;32;9.2
Чеченская Республика;2016;490;98;57.4
Ставропольский край;2016;1242;78;15.5
Приволжский федеральный округ;2016;14116.2;747;173.4
Республика Башкортостан;2016;1757.5;116;24.6
Республика Марий Эл;2016;300.9;21;4.1
Республика Мордовия;2016;387.6;19;4.2
Республика Татарстан;2016;1951.2;77;16
Удмуртская Республика;2016;726.5;42;10.4
Чувашская Республика;2016;545.9;34;6.3
Пермский край;2016;1204.4;76;20.7
Кировская область;2016;590.8;36;10.3
Нижегородская область ;2016;1644.9;76;12.5
Оренбургская область;2016;935.6;50;16
Пензенская область;2016;632.6;33;7.1
Самарская область;2016;1714.3;72;23.5
Саратовская область;2016;1136.9;64;13.6
Ульяновская область;2016;587.1;30;3.9
Уральский         федеральный округ;2016;6347.1;393;97.5
Курганская область;2016;348.3;34;8.5
Свердловская область ;2016;2093.9;138;36.3
Тюменская область;2016;2190.8;90;17.3
в том числе:;2016;0;0;0
Ханты-Мансийский автономный округ - Югра;2016;1025.4;42;7.8
Ямало-Ненецкий автономный округ;2016;403;8;3.6
Тюменская область  без автономных округов;2016;762.5;40;5.9
Челябинская область;2016;1714;130;35.4
Сибирский        федеральный округ;2016;7918.2;680;154.2
Республика Алтай;2016;85;12;2.9
Республика Тыва;2016;103.2;21;5.3
Республика Хакасия;2016;233.3;16;5
Алтайский край;2016;1017.5;100;21.4
Красноярский край;2016;1391.3;90;21.1
Иркутская область;2016;1128;110;20.1
Кемеровская область;2016;1220.4;108;35.9
Новосибирская область ;2016;1338.8;108;18.7
Омская область;2016;913;76;13.6
Томская область;2016;487.8;40;10.3
Дальневосточный федеральный округ;2016;4069;297;79.9
Республика Бурятия;2016;391.2;44;6.4
Республика Саха (Якутия);2016;483.4;35;13.6
Забайкальский край;2016;474.5;58;10.6
Камчатский край;2016;166.2;8;3.8
Приморский край;2016;986.2;63;16.9
Хабаровский край ;2016;693.9;37;8.6
Амурская область;2016;395.5;25;12.5
Магаданская область;2016;92.2;4;1.9
Сахалинская область;2016;284.4;18;3.5
Еврейская автономная область;2016;69.7;7;1.1
Чукотский автономный округ;2016;31.9;1;0.7
Центральный федеральный округ;2017;21259.7;692;162.4
Белгородская область;2017;757.9;32;6.3
Брянская область;2017;530.2;27;6.2
Владимирская область;2017;640.6;35;10.6
Воронежская область;2017;1102.1;51;11.8
Ивановская область;2017;456.3;25;5.4
Калужская область;2017;504.8;22;4
Костромская область;2017;290.8;17;3.2
Курская область;2017;519.6;23;4.6
Липецкая область;2017;565.8;23;3.2
Московская область;2017;3450.2;131;27.5
Орловская область;2017;321.1;25;3.9
Рязанская область;2017;511;22;4.6
Смоленская область;2017;445.9;30;6.9
Тамбовская область;2017;482.4;22;4.2
Тверская область;2017;610;31;6.6
Тульская область;2017;719.9;31;4.8
Ярославская область;2017;621.1;44;10.1
г. Москва;2017;8730;100;38.4
Северо-Западный федеральный округ;2017;7161.5;320;84.2
Республика Карелия;2017;274.8;27;6.8
Республика Коми;2017;409.9;35;9.2
Архангельская область;2017;544.6;38;11.1
в том числе: ;2017;0;0;0
Ненецкий автономный округ;2017;32.7;2;0.7
Архангельская область без автономного округа;2017;511.9;36;10.4
Вологодская область;2017;540.6;31;8.6
Калининградская область;2017;477.3;27;4.7
Ленинградская область;2017;790.9;45;4.6
Мурманская область;2017;367.4;31;9
Новгородская область;2017;288.8;15;3.2
Псковская область;2017;280.3;21;3.5
г. Санкт-Петербург;2017;3186.9;50;23.6
Южный             федеральный округ;2017;7455;495;74.4
Республика Адыгея;2017;152.1;18;2.3
Республика Калмыкия;2017;111.1;14;2.6
Республика Крым;2017;840.4;58;6.7
Краснодарский край;2017;2599.1;158;24.7
Астраханская область;2017;487.6;40;6.8
Волгоградская область;2017;1124.6;77;12
Ростовская область;2017;1958.1;120;18.6
г. Севастополь;2017;182.1;9;0.8
Северо-Кавказский        федеральный округ;2017;3839.6;501;138
Республика Дагестан;2017;1091.5;163;25.2
Республика Ингушетия;2017;179.4;68;21.6
Кабардино-Балкарская Республика;2017;362.6;45;9.4
Карачаево-Черкесская Республика;2017;169.2;28;4
Республика Северная Осетия - Алания;2017;289.7;39;8.5
Чеченская Республика;2017;513.5;87;56.2
Ставропольский край;2017;1233.7;70;13.1
Приволжский федеральный округ;2017;13854.8;714;151.4
Республика Башкортостан;2017;1730.1;111;21.5
Республика Марий Эл;2017;291.7;21;3.5
Республика Мордовия;2017;387.1;19;4.1
Республика Татарстан;2017;1945.1;71;13.1
Удмуртская Республика;2017;710.2;38;8.1
Чувашская Республика;2017;528;32;5.4
Пермский край;2017;1164.5;77;19.6
Кировская область;2017;586.7;36;9.3
Нижегородская область ;2017;1658.7;75;10.9
Оренбургская область;2017;926.8;46;16.7
Пензенская область;2017;606.6;31;6.5
Самарская область;2017;1656.8;72;17.6
Саратовская область;2017;1081.8;57;11.6
Ульяновская область;2017;580.8;28;3.5
Уральский         федеральный округ;2017;6366.7;356;83.2
Курганская область;2017;338.6;37;7.5
Свердловская область ;2017;2068.2;119;32
Тюменская область;2017;2227.1;76;15.3
в том числе:;2017;0;0;0
Ханты-Мансийский автономный округ - Югра;2017;1077.9;30;7
Ямало-Ненецкий автономный округ;2017;420.5;10;2.6
Тюменская область  без автономных округов;2017;728.7;36;5.8
Челябинская область;2017;1732.9;123;28.4
Сибирский        федеральный округ;2017;7865.6;603;134.1
Республика Алтай;2017;83.4;12;2.5
Республика Тыва;2017;98.7;23;4.9
Республика Хакасия;2017;235.6;13;4.7
Алтайский край;2017;1008.5;78;20.2
Красноярский край;2017;1411.2;85;18.8
Иркутская область;2017;1096.1;105;17.1
Кемеровская область;2017;1200;95;26.5
Новосибирская область ;2017;1340.7;85;16.5
Омская область;2017;895.3;72;14.2
Томская область;2017;496.1;34;8.8
Дальневосточный федеральный округ;2017;4039.7;288;66.9
Республика Бурятия;2017;382.7;42;6.5
Республика Саха (Якутия);2017;492.1;36;11.5
Забайкальский край;2017;467.3;57;9
Камчатский край;2017;165.4;8;3.4
Приморский край;2017;973.9;56;11.9
Хабаровский край ;2017;690.9;36;7.3
Амурская область;2017;390.6;24;11.3
Магаданская область;2017;93.2;5;1.4
Сахалинская область;2017;282.7;16;2.8
Еврейская автономная область;2017;67.2;7;1.1
Чукотский автономный округ;2017;33.7;1;0.7
Центральный федеральный округ;2018;21198.5;620;142
Белгородская область;2018;752.6;33;6.2
Брянская область;2018;523;24;5.1
Владимирская область;2018;628.2;34;8.3
Воронежская область;2018;1110.2;43;11.5
Ивановская область;2018;444.9;22;4.1
Калужская область;2018;503;21;3.2
Костромская область;2018;282.2;14;3
Курская область;2018;510.8;23;4.2
Липецкая область;2018;566.1;23;3.1
Московская область;2018;3385.7;111;23
Орловская область;2018;314.5;18;3.6
Рязанская область;2018;498.3;22;4.4
Смоленская область;2018;432.5;26;6.4
Тамбовская область;2018;466;21;3.7
Тверская область;2018;605;28;5
Тульская область;2018;715.1;31;4.2
Ярославская область;2018;622.2;36;8.7
г. Москва;2018;8838.2;90;34.2
Северо-Западный федеральный округ;2018;7080.4;295;76.8
Республика Карелия;2018;269.8;27;6.8
Республика Коми;2018;408.9;32;7.9
Архангельская область;2018;530.5;37;10.6
в том числе: ;2018;0;0;0
Ненецкий автономный округ;2018;31.8;2;0.5
Архангельская область без автономного округа;2018;498.7;35;10.1
Вологодская область;2018;530.3;29;7.1
Калининградская область;2018;479.9;25;3.8
Ленинградская область;2018;778.4;40;4.4
Мурманская область;2018;363.9;29;8.5
Новгородская область;2018;284.4;13;3
Псковская область;2018;282.7;18;2.7
г. Санкт-Петербург;2018;3151.6;45;22
Южный             федеральный округ;2018;7449.8;459;68.7
Республика Адыгея;2018;151.6;17;1.7
Республика Калмыкия;2018;108;13;2.5
Республика Крым;2018;841.4;54;5.9
Краснодарский край;2018;2603.1;145;22.4
Астраханская область;2018;470.7;39;5.8
Волгоградская область;2018;1140.6;72;10.5
Ростовская область;2018;1935.7;109;19.1
г. Севастополь;2018;198.8;9;0.6
Северо-Кавказский        федеральный округ;2018;3913.6;491;123.9
Республика Дагестан;2018;1118.3;160;23.5
Республика Ингушетия;2018;181.1;66;21.9
Кабардино-Балкарская Республика;2018;372;47;7.1
Карачаево-Черкесская Республика;2018;174.7;26;3.3
Республика Северная Осетия - Алания;2018;297.9;36;7.3
Чеченская Республика;2018;519.8;86;50.4
Ставропольский край;2018;1249.9;69;10.5
Приволжский федеральный округ;2018;13683;665;137.1
Республика Башкортостан;2018;1685.3;96;20.2
Республика Марий Эл;2018;281.4;17;3
Республика Мордовия;2018;379.9;18;4.1
Республика Татарстан;2018;1944.3;68;11.2
Удмуртская Республика;2018;700.5;38;7.4
Чувашская Республика;2018;516.8;31;5.1
Пермский край;2018;1155.6;68;18.1
Кировская область;2018;585.4;34;8.7
Нижегородская область ;2018;1633.1;73;9.1
Оренбургская область;2018;920.6;45;15.2
Пензенская область;2018;604.8;30;6.7
Самарская область;2018;1652.9;64;15.4
Саратовская область;2018;1051.4;60;9.7
Ульяновская область;2018;570.9;23;3.2
Уральский         федеральный округ;2018;6353;301;69.3
Курганская область;2018;326;31;6.3
Свердловская область ;2018;2038;103;25.8
Тюменская область;2018;2232.9;62;14.2
в том числе:;2018;0;0;0
Ханты-Мансийский автономный округ - Югра;2018;1085.7;23;6
Ямало-Ненецкий автономный округ;2018;417.7;7;2.3
Тюменская область  без автономных округов;2018;729.5;32;5.9
Челябинская область;2018;1756.2;105;23.1
Сибирский        федеральный округ;2018;7852.8;557;120.8
Республика Алтай;2018;82.8;11;2.3
Республика Тыва;2018;102.9;19;5
Республика Хакасия;2018;230.1;13;3.8
Алтайский край;2018;1023.4;70;18.5
Красноярский край;2018;1406.4;73;14.5
Иркутская область;2018;1084.8;89;17.5
Кемеровская область;2018;1195;81;23
Новосибирская область ;2018;1327;96;13.9
Омская область;2018;891.7;69;14.4
Томская область;2018;508.7;34;7.9
Дальневосточный федеральный округ;2018;4030.6;272;58.6
Республика Бурятия;2018;382.3;42;6.4
Республика Саха (Якутия);2018;497;35;9.9
Забайкальский край;2018;467;55;7.3
Камчатский край;2018;163.9;9;3
Приморский край;2018;971;56;10.1
Хабаровский край ;2018;691.8;27;6.3
Амурская область;2018;387.9;23;10.3
Магаданская область;2018;91.6;4;1.3
Сахалинская область;2018;279.7;15;2.3
Еврейская автономная область;2018;65.2;6;0.9
Чукотский автономный округ;2018;33.3;1;0.7
Центральный федеральный округ;2019;21171.2;612;145.6
Белгородская область;2019;754.1;32;5.4
Брянская область;2019;508.6;22;5
Владимирская область;2019;635.8;29;8.4
Воронежская область;2019;1106.4;42;10.2
Ивановская область;2019;443.3;19;3.7
Калужская область;2019;498.4;20;3.3
Костромская область;2019;276.8;13;3.2
Курская область;2019;505.5;23;3.7
Липецкая область;2019;565.1;22;2.7
Московская область;2019;3437.1;114;26.5
Орловская область;2019;298.7;19;3.3
Рязанская область;2019;494.6;21;3.9
Смоленская область;2019;411.4;25;5.6
Тамбовская область;2019;454.1;20;3.6
Тверская область;2019;593.5;27;5
Тульская область;2019;705.4;30;4
Ярославская область;2019;607.4;35;8.8
г. Москва;2019;8875.1;100;39.3
Северо-Западный федеральный округ;2019;7065.3;266;74.7
Республика Карелия;2019;266.3;23;6.7
Республика Коми;2019;401;29;7.5
Архангельская область;2019;510.4;35;10.3
в том числе: ;2019;0;0;0
Ненецкий автономный округ;2019;31.3;2;0.4
Архангельская область без автономного округа;2019;479.1;33;9.9
Вологодская область;2019;520.6;25;6.4
Калининградская область;2019;478.9;24;4.3
Ленинградская область;2019;783.8;38;4.7
Мурманская область;2019;362.3;23;8.1
Новгородская область;2019;278.1;11;3.1
Псковская область;2019;281.7;16;2.4
г. Санкт-Петербург;2019;3182.2;42;21.3
Южный             федеральный округ;2019;7417.3;430;70.6
Республика Адыгея;2019;152;16;1.7
Республика Калмыкия;2019;104.3;12;2.4
Республика Крым;2019;852.7;51;6.5
Краснодарский край;2019;2623.3;136;22.3
Астраханская область;2019;461.7;39;6.6
Волгоградская область;2019;1104.9;66;10.1
Ростовская область;2019;1919;101;20.4
г. Севастополь;2019;199.5;9;0.6
Северо-Кавказский        федеральный округ;2019;3904.1;509;121
Республика Дагестан;2019;1109.4;179;20.4
Республика Ингушетия;2019;187.8;68;22.8
Кабардино-Балкарская Республика;2019;368;48;7.5
Карачаево-Черкесская Республика;2019;168.4;24;3.1
Республика Северная Осетия - Алания;2019;273.1;38;5.5
Чеченская Республика;2019;541.9;86;50.5
Ставропольский край;2019;1255.6;67;11.1
Приволжский федеральный округ;2019;13434.6;620;136.4
Республика Башкортостан;2019;1646.8;84;19
Республика Марий Эл;2019;279.1;15;2.7
Республика Мордовия;2019;388.8;18;4.3
Республика Татарстан;2019;1941.3;66;12.4
Удмуртская Республика;2019;688.4;33;8.3
Чувашская Республика;2019;501.5;28;4.8
Пермский край;2019;1115;63;18.2
Кировская область;2019;558.6;30;7.7
Нижегородская область ;2019;1634.5;71;9.3
Оренбургская область;2019;875.4;41;14.5
Пензенская область;2019;581.1;28;5.9
Самарская область;2019;1618.5;66;15.5
Саратовская область;2019;1052.2;52;10.6
Ульяновская область;2019;553.1;23;3.2
Уральский         федеральный округ;2019;6322.1;271;67.5
Курганская область;2019;311.1;28;6.2
Свердловская область ;2019;2014.3;89;25.3
Тюменская область;2019;2231.2;58;13.3
в том числе:;2019;0;0;0
Ханты-Мансийский автономный округ - Югра;2019;1081.4;22;5.9
Ямало-Ненецкий автономный округ;2019;423;6;2.2
Тюменская область  без автономных округов;2019;726.8;30;5.2
Челябинская область;2019;1765.5;95;22.7
Сибирский        федеральный округ;2019;7795.2;502;111.6
Республика Алтай;2019;81.7;10;1.9
Республика Тыва;2019;100.8;14;5.1
Республика Хакасия;2019;220.6;15;3.7
Алтайский край;2019;1018.1;66;17.9
Красноярский край;2019;1405.2;67;14.1
Иркутская область;2019;1082.3;77;14.6
Кемеровская область;2019;1177.2;71;19.6
Новосибирская область ;2019;1324.1;87;14.3
Омская область;2019;883.6;65;13.6
Томская область;2019;501.6;30;6.8
Дальневосточный федеральный округ;2019;3954.7;254;55
Республика Бурятия;2019;367.4;40;5.1
Республика Саха (Якутия);2019;504.9;34;9.7
Забайкальский край;2019;457.6;49;5.8
Камчатский край;2019;165.4;7;3
Приморский край;2019;938.8;52;10.8
Хабаровский край ;2019;667.8;27;6.4
Амурская область;2019;387.7;22;9.1
Магаданская область;2019;90.4;4;1.4
Сахалинская область;2019;277.8;14;2.1
Еврейская автономная область;2019;63.6;5;1
Чукотский автономный округ;2019;33.5;1;0.7
Центральный федеральный округ;2020;20765.6;829;509.6
Белгородская область;2020;751.9;41;10.4
Брянская область;2020;498.5;23;14.1
Владимирская область;2020;618.6;40;25.5
Воронежская область;2020;1088.1;50;39.1
Ивановская область;2020;428.6;28;22.5
Калужская область;2020;495;25;8.5
Костромская область;2020;271.9;17;11.7
Курская область;2020;492.1;27;16.2
Липецкая область;2020;556;26;7.1
Московская область;2020;3422.7;150;138.5
Орловская область;2020;293.8;21;6.7
Рязанская область;2020;472.7;28;17
Смоленская область;2020;407.2;25;18.9
Тамбовская область;2020;449;23;6.3
Тверская область;2020;576;29;21.5
Тульская область;2020;705.1;35;18
Ярославская область;2020;597.5;47;15
г. Москва;2020;8641;193;112.6
Северо-Западный федеральный округ;2020;6954.2;375;281.1
Республика Карелия;2020;260.1;26;14
Республика Коми;2020;383.2;32;15.9
Архангельская область;2020;497.7;40;24.4
в том числе: ;2020;0;0;0
Ненецкий автономный округ;2020;31.2;2;0.7
Архангельская область без автономного округа;2020;466.5;38;23.7
Вологодская область;2020;517.6;35;26.4
Калининградская область;2020;472.8;31;32.8
Ленинградская область;2020;782.6;52;32.5
Мурманская область;2020;348.3;32;12.6
Новгородская область;2020;258.8;17;12.7
Псковская область;2020;272;20;7.5
г. Санкт-Петербург;2020;3161.1;90;102.5
Южный             федеральный округ;2020;7328.9;499;375.3
Республика Адыгея;2020;152.2;17;11
Республика Калмыкия;2020;104;13;8.5
Республика Крым;2020;843;58;50.1
Краснодарский край;2020;2609.1;160;129.7
Астраханская область;2020;444.2;40;29.9
Волгоградская область;2020;1072.6;94;32.8
Ростовская область;2020;1909.4;106;109.9
г. Севастополь;2020;194.3;10;3.2
Северо-Кавказский        федеральный округ;2020;3739.1;626;488.3
Республика Дагестан;2020;1022.9;202;107
Республика Ингушетия;2020;182.2;78;47.8
Кабардино-Балкарская Республика;2020;360.6;67;74.8
Карачаево-Черкесская Республика;2020;161.8;30;22.7
Республика Северная Осетия - Алания;2020;248.7;44;19.5
Чеченская Республика;2020;515.1;121;126
Ставропольский край;2020;1247.9;85;90.4
Приволжский федеральный округ;2020;13114.1;755;490.2
Республика Башкортостан;2020;1588.9;112;108.3
Республика Марий Эл;2020;264.5;22;9.4
Республика Мордовия;2020;365.4;22;11.5
Республика Татарстан;2020;1938.8;74;42.1
Удмуртская Республика;2020;678.4;48;17
Чувашская Республика;2020;478.9;37;16.3
Пермский край;2020;1108.5;70;37.4
Кировская область;2020;552.2;34;25.6
Нижегородская область ;2020;1603.6;80;58.5
Оренбургская область;2020;832.3;55;41
Пензенская область;2020;555.9;32;18.2
Самарская область;2020;1597.4;75;44.9
Саратовская область;2020;1009.4;65;38.1
Ульяновская область;2020;539.8;29;22
Уральский         федеральный округ;2020;6177.7;348;278.9
Курганская область;2020;309.8;30;28
Свердловская область ;2020;1954.9;122;121.2
Тюменская область;2020;2196;70;62
в том числе:;2020;0;0;0
Ханты-Мансийский автономный округ - Югра;2020;1066.1;27;31.3
Ямало-Ненецкий автономный округ;2020;417.2;7;7.5
Тюменская область  без автономных округов;2020;712.7;35;23.2
Челябинская область;2020;1717;126;67.7
Сибирский        федеральный округ;2020;7572;616;380.8
Республика Алтай;2020;80.6;14;10.1
Республика Тыва;2020;101.9;24;17.8
Республика Хакасия;2020;207.6;21;13.5
Алтайский край;2020;976;65;37.4
Красноярский край;2020;1363.9;88;57.4
Иркутская область;2020;1051.5;89;32
Кемеровская область;2020;1146.5;85;51.7
Новосибирская область ;2020;1288.2;93;73.2
Омская область;2020;876.6;91;54.5
Томская область;2020;479.1;46;33.1
Дальневосточный федеральный округ;2020;3898.6;274;148.7
Республика Бурятия;2020;352.8;45;22.1
Республика Саха (Якутия);2020;492.4;37;29.7
Забайкальский край;2020;452.5;51;29.9
Камчатский край;2020;167;7;4.2
Приморский край;2020;924.7;55;18.9
Хабаровский край ;2020;666.5;29;19.8
Амурская область;2020;381.2;24;13.6
Магаданская область;2020;88.8;5;2.4
Сахалинская область;2020;275.4;15;4.6
Еврейская автономная область;2020;63.9;5;2.8
Чукотский автономный округ;2020;33.5;1;0.7
Центральный федеральный округ;2021;20906.2;744;163.5
Белгородская область;2021;761.5;35;5.1
Брянская область;2021;511.3;20;5.4
Владимирская область;2021;616.1;28;6.1
Воронежская область;2021;1112.9;45;14.1
Ивановская область;2021;443.5;24;5.2
Калужская область;2021;508.6;22;3.2
Костромская область;2021;273.7;13;3.1
Курская область;2021;509.3;23;4.4
Липецкая область;2021;559.4;25;3.8
Московская область;2021;3488.4;140;25.3
Орловская область;2021;299.2;16;3.1
Рязанская область;2021;487.2;21;5.9
Смоленская область;2021;411.6;24;5.5
Тамбовская область;2021;451.8;20;3.6
Тверская область;2021;571.3;25;5.6
Тульская область;2021;713;30;4.4
Ярославская область;2021;611.5;39;8
г. Москва;2021;8576;193;51.7
Северо-Западный федеральный округ;2021;7047.9;289;91.2
Республика Карелия;2021;264.9;19;6.1
Республика Коми;2021;377.3;29;8.2
Архангельская область;2021;509.1;37;10.2
в том числе: ;2021;0;0;0
Ненецкий автономный округ;2021;30;2;0.5
Архангельская область без автономного округа;2021;479.1;35;9.7
Вологодская область;2021;515.1;26;8.1
Калининградская область;2021;489.7;27;9.7
Ленинградская область;2021;800.7;37;5.2
Мурманская область;2021;356.5;24;6.6
Новгородская область;2021;264.5;12;3.1
Псковская область;2021;274.5;15;3
г. Санкт-Петербург;2021;3195.6;63;31.1
Южный             федеральный округ;2021;7563.7;421;85.9
Республика Адыгея;2021;152.4;17;2.1
Республика Калмыкия;2021;105.1;12;2.3
Республика Крым;2021;850.2;53;12.8
Краснодарский край;2021;2703.1;142;24.8
Астраханская область;2021;457.8;39;11.3
Волгоградская область;2021;1105.7;62;9.3
Ростовская область;2021;1984.6;86;22.1
г. Севастополь;2021;205;10;1.1
Северо-Кавказский        федеральный округ;2021;3842;577;163.4
Республика Дагестан;2021;1060;206;34.6
Республика Ингушетия;2021;184.1;82;39.5
Кабардино-Балкарская Республика;2021;363.7;53;12
Карачаево-Черкесская Республика;2021;168.8;26;3.4
Республика Северная Осетия - Алания;2021;255.4;42;5.4
Чеченская Республика;2021;538.8;95;54.6
Ставропольский край;2021;1271.1;72;13.9
Приволжский федеральный округ;2021;13436.9;606;138.5
Республика Башкортостан;2021;1650.9;83;23.4
Республика Марий Эл;2021;270.9;18;3.2
Республика Мордовия;2021;374;18;4
Республика Татарстан;2021;1985.8;54;13.1
Удмуртская Республика;2021;693.7;34;8.3
Чувашская Республика;2021;494.1;29;5.6
Пермский край;2021;1153.5;57;12
Кировская область;2021;557.4;31;8.2
Нижегородская область ;2021;1637.9;73;9.4
Оренбургская область;2021;853;44;15.5
Пензенская область;2021;579.3;28;5.8
Самарская область;2021;1620.9;58;14.9
Саратовская область;2021;1024.4;52;10.2
Ульяновская область;2021;541.1;26;4.7
Уральский         федеральный округ;2021;6310.9;268;75
Курганская область;2021;302.8;28;7.8
Свердловская область ;2021;2024;86;30.2
Тюменская область;2021;2237.5;63;13.8
в том числе:;2021;0;0;0
Ханты-Мансийский автономный округ - Югра;2021;1086.9;24;6.1
Ямало-Ненецкий автономный округ;2021;424.1;7;2
Тюменская область  без автономных округов;2021;726.5;32;5.7
Челябинская область;2021;1746.6;92;23.3
Сибирский        федеральный округ;2021;7764.8;487;135.8
Республика Алтай;2021;82.4;12;3.1
Республика Тыва;2021;103.7;19;11.3
Республика Хакасия;2021;228.4;16;4.6
Алтайский край;2021;1006.3;61;17.5
Красноярский край;2021;1408.7;52;16
Иркутская область;2021;1073.1;69;14.1
Кемеровская область;2021;1156.6;69;14
Новосибирская область ;2021;1328.3;87;27.2
Омская область;2021;877.8;65;18.7
Томская область;2021;499.5;37;9.4
Дальневосточный федеральный округ;2021;3945.5;239;65.3
Республика Бурятия;2021;370.9;41;5.3
Республика Саха (Якутия);2021;495.7;34;9.8
Забайкальский край;2021;456.8;49;10.4
Камчатский край;2021;172;6;2.8
Приморский край;2021;936.2;42;12.6
Хабаровский край ;2021;674.4;22;11.2
Амурская область;2021;381.4;21;6.9
Магаданская область;2021;90.2;4;1.3
Сахалинская область;2021;270.8;14;3
Еврейская автономная область;2021;62.2;4;1.5
Чукотский автономный округ;2021;35;1;0.6
