Субъект РФ ;Год;Грузооборот автомобильного транспорта организаций всех видов деятельности (млн. т.-км.);Пассажирооборот автобусов общего пользования (млн. пассажиро-км.)
Центральный федеральный округ;2000;19932;46475
Белгородская область;2000;1435;2626
Брянская область;2000;866;1595
Владимирская область;2000;860;1322
Воронежская область;2000;1741;3507
Ивановская область;2000;395;1120
Калужская область;2000;580;1446
Костромская область;2000;701;1301
Курская область;2000;728;1163
Липецкая область;2000;1025;3708
Московская область;2000;3666;7688
Орловская область;2000;831;1453
Рязанская область;2000;792;1947
Смоленская область;2000;800;910
Тамбовская область;2000;350;1885
Тверская область;2000;914;2498
Тульская область;2000;850;2024
Ярославская область;2000;984;1845
г. Москва;2000;2414;8436
Северо-Западный федеральный округ;2000;12892;22324
Республика Карелия;2000;1032;810
Республика Коми;2000;1133;1469
Архангельская область;2000;1147;1117
в том числе: ;2000;0;0
Ненецкий автономный округ;2000;16;20
Архангельская область без автономного округа;2000;1131;1098
Вологодская область;2000;2765;1553
Калининградская область;2000;279;684
Ленинградская область;2000;1272;2024
Мурманская область;2000;472;2027
Новгородская область;2000;1046;2071
Псковская область;2000;1847;1687
г. Санкт-Петербург;2000;1899;8881
Южный             федеральный округ;2000;10037;13298
Республика Адыгея;2000;343;253
Республика Калмыкия;2000;275;86
Республика Крым;2000;0;0
Краснодарский край;2000;4478;4387
Астраханская область;2000;331;559
Волгоградская область;2000;1147;2572
Ростовская область;2000;3463;5441
г. Севастополь;2000;0;0
Северо-Кавказский        федеральный округ;2000;2698;5006
Республика Дагестан;2000;810;1080
Республика Ингушетия;2000;47;212
Кабардино-Балкарская Республика;2000;236;769
Карачаево-Черкесская Республика;2000;134;169
Республика Северная Осетия - Алания;2000;168;742
Чеченская Республика;2000;0;0
Ставропольский край;2000;1303;2035
Приволжский федеральный округ;2000;26359;46475
Республика Башкортостан;2000;3419;4063
Республика Марий Эл;2000;566;1647
Республика Мордовия;2000;670;607
Республика Татарстан;2000;4412;6137
Удмуртская Республика;2000;1296;1776
Чувашская Республика;2000;627;3180
Пермский край;2000;4603;4394
Кировская область;2000;1544;2014
Нижегородская область ;2000;2091;8222
Оренбургская область;2000;2099;2391
Пензенская область;2000;436;1462
Самарская область;2000;2549;5222
Саратовская область;2000;975;3641
Ульяновская область;2000;1072;1719
Уральский         федеральный округ;2000;9930;16174
Курганская область;2000;704;1801
Свердловская область ;2000;2335;5164
Тюменская область;2000;4620;4637
в том числе:;2000;0;0
Ханты-Мансийский автономный округ - Югра;2000;2695;2136
Ямало-Ненецкий автономный округ;2000;1008;391
Тюменская область  без автономных округов;2000;917;2110
Челябинская область;2000;2271;4573
Сибирский        федеральный округ;2000;12885;17950
Республика Алтай;2000;148;95
Республика Тыва;2000;164;261
Республика Хакасия;2000;621;442
Алтайский край;2000;1434;1308
Красноярский край;2000;1898;3155
Иркутская область;2000;2111;2063
Кемеровская область;2000;2868;5170
Новосибирская область ;2000;1856;2367
Омская область;2000;857;1706
Томская область;2000;928;1384
Дальневосточный федеральный округ;2000;5803;5956
Республика Бурятия;2000;296;177
Республика Саха (Якутия);2000;1603;553
Забайкальский край;2000;411;338
Камчатский край;2000;97;369
Приморский край;2000;951;1735
Хабаровский край ;2000;827;1664
Амурская область;2000;518;585
Магаданская область;2000;578;153
Сахалинская область;2000;401;271
Еврейская автономная область;2000;91;106
Чукотский автономный округ;2000;30;6
Центральный федеральный округ;2001;19552;46849
Белгородская область;2001;1436;2667
Брянская область;2001;993;1712
Владимирская область;2001;823;1193
Воронежская область;2001;1847;4461
Ивановская область;2001;392;878
Калужская область;2001;635;992
Костромская область;2001;755;1356
Курская область;2001;843;1173
Липецкая область;2001;966;3049
Московская область;2001;3225;7355
Орловская область;2001;782;1395
Рязанская область;2001;590;2053
Смоленская область;2001;767;1198
Тамбовская область;2001;441;1848
Тверская область;2001;1011;2689
Тульская область;2001;812;2070
Ярославская область;2001;844;1785
г. Москва;2001;2390;8977
Северо-Западный федеральный округ;2001;10403;21806
Республика Карелия;2001;1061;567
Республика Коми;2001;1402;1537
Архангельская область;2001;1256;937
в том числе: ;2001;0;0
Ненецкий автономный округ;2001;19;20
Архангельская область без автономного округа;2001;1237;917
Вологодская область;2001;1813;1486
Калининградская область;2001;358;670
Ленинградская область;2001;1197;1967
Мурманская область;2001;413;2104
Новгородская область;2001;753;2034
Псковская область;2001;450;1612
г. Санкт-Петербург;2001;1700;8892
Южный             федеральный округ;2001;8948;13232
Республика Адыгея;2001;517;227
Республика Калмыкия;2001;277;180
Республика Крым;2001;0;0
Краснодарский край;2001;3493;3921
Астраханская область;2001;619;598
Волгоградская область;2001;932;2795
Ростовская область;2001;3110;5511
г. Севастополь;2001;0;0
Северо-Кавказский        федеральный округ;2001;3162.3;5023
Республика Дагестан;2001;686;1078
Республика Ингушетия;2001;0;209
Кабардино-Балкарская Республика;2001;184;792
Карачаево-Черкесская Республика;2001;154;218
Республика Северная Осетия - Алания;2001;646;892
Чеченская Республика;2001;0;0
Ставропольский край;2001;1492;1836
Приволжский федеральный округ;2001;24187;45765
Республика Башкортостан;2001;3124;4168
Республика Марий Эл;2001;467;1644
Республика Мордовия;2001;677;651
Республика Татарстан;2001;4100;6318
Удмуртская Республика;2001;1021;1782
Чувашская Республика;2001;651;3236
Пермский край;2001;4035;4680
Кировская область;2001;1623;2059
Нижегородская область ;2001;1975;8587
Оренбургская область;2001;1637;2541
Пензенская область;2001;549;1395
Самарская область;2001;2221;5220
Саратовская область;2001;1167;2036
Ульяновская область;2001;940;1448
Уральский         федеральный округ;2001;11474;15535
Курганская область;2001;784;1418
Свердловская область ;2001;2118;5138
Тюменская область;2001;6306;4404
в том числе:;2001;0;0
Ханты-Мансийский автономный округ - Югра;2001;4091;2198
Ямало-Ненецкий автономный округ;2001;1128;279
Тюменская область  без автономных округов;2001;1087;1927
Челябинская область;2001;2266;4576
Сибирский        федеральный округ;2001;12643;17928
Республика Алтай;2001;130;106
Республика Тыва;2001;174;280
Республика Хакасия;2001;447;380
Алтайский край;2001;1579;1316
Красноярский край;2001;1884;3166
Иркутская область;2001;2521;1897
Кемеровская область;2001;2745;5203
Новосибирская область ;2001;1391;2296
Омская область;2001;813;1884
Томская область;2001;959;1400
Дальневосточный федеральный округ;2001;6007;5961
Республика Бурятия;2001;513;277
Республика Саха (Якутия);2001;1602;538
Забайкальский край;2001;682;388
Камчатский край;2001;88;359
Приморский край;2001;1000;1560
Хабаровский край ;2001;971;1594
Амурская область;2001;425;619
Магаданская область;2001;292;149
Сахалинская область;2001;331;348
Еврейская автономная область;2001;71;127
Чукотский автономный округ;2001;32;3
Центральный федеральный округ;2002;19495;47561
Белгородская область;2002;1508;2354
Брянская область;2002;1094;1605
Владимирская область;2002;917;1155
Воронежская область;2002;1713;5049
Ивановская область;2002;418;948
Калужская область;2002;687;745
Костромская область;2002;789;1353
Курская область;2002;761;1244
Липецкая область;2002;799;2887
Московская область;2002;3125;8439
Орловская область;2002;789;1291
Рязанская область;2002;587;1920
Смоленская область;2002;875;1201
Тамбовская область;2002;472;1807
Тверская область;2002;825;2429
Тульская область;2002;792;2271
Ярославская область;2002;947;1812
г. Москва;2002;2397;9051
Северо-Западный федеральный округ;2002;9510;20237
Республика Карелия;2002;1057;260
Республика Коми;2002;1314;1516
Архангельская область;2002;1461;917
в том числе: ;2002;0;0
Ненецкий автономный округ;2002;51;21
Архангельская область без автономного округа;2002;1410;896
Вологодская область;2002;1331;1429
Калининградская область;2002;441;651
Ленинградская область;2002;891;1799
Мурманская область;2002;379;2266
Новгородская область;2002;632;2002
Псковская область;2002;547;1586
г. Санкт-Петербург;2002;1457;7812
Южный             федеральный округ;2002;8965;13213
Республика Адыгея;2002;375;267
Республика Калмыкия;2002;273;261
Республика Крым;2002;0;0
Краснодарский край;2002;4098;3529
Астраханская область;2002;490;791
Волгоградская область;2002;885;3376
Ростовская область;2002;2844;4990
г. Севастополь;2002;0;0
Северо-Кавказский        федеральный округ;2002;2795;5425
Республика Дагестан;2002;582;1138
Республика Ингушетия;2002;12;188
Кабардино-Балкарская Республика;2002;196;826
Карачаево-Черкесская Республика;2002;161;229
Республика Северная Осетия - Алания;2002;113;1114
Чеченская Республика;2002;0;0
Ставропольский край;2002;1731;1931
Приволжский федеральный округ;2002;22487;44907
Республика Башкортостан;2002;2555;4456
Республика Марий Эл;2002;458;1655
Республика Мордовия;2002;741;685
Республика Татарстан;2002;3811;6112
Удмуртская Республика;2002;931;1893
Чувашская Республика;2002;702;3522
Пермский край;2002;3752;5889
Кировская область;2002;1657;2036
Нижегородская область ;2002;1891;6981
Оренбургская область;2002;1129;2495
Пензенская область;2002;585;1106
Самарская область;2002;2095;4949
Саратовская область;2002;1193;2134
Ульяновская область;2002;987;993
Уральский         федеральный округ;2002;11611;15353
Курганская область;2002;993;1101
Свердловская область ;2002;2174;5221
Тюменская область;2002;6450;5068
в том числе:;2002;0;0
Ханты-Мансийский автономный округ - Югра;2002;3233;2786
Ямало-Ненецкий автономный округ;2002;1395;324
Тюменская область  без автономных округов;2002;1822;1958
Челябинская область;2002;1994;3964
Сибирский        федеральный округ;2002;12510;18018
Республика Алтай;2002;145;110
Республика Тыва;2002;186;321
Республика Хакасия;2002;375;282
Алтайский край;2002;1653;1436
Красноярский край;2002;1488;3407
Иркутская область;2002;2587;1790
Кемеровская область;2002;2770;5164
Новосибирская область ;2002;1447;2197
Омская область;2002;878;1824
Томская область;2002;981;1487
Дальневосточный федеральный округ;2002;6476;5987
Республика Бурятия;2002;567;267
Республика Саха (Якутия);2002;2139;506
Забайкальский край;2002;744;491
Камчатский край;2002;85;320
Приморский край;2002;934;1375
Хабаровский край ;2002;853;1743
Амурская область;2002;535;613
Магаданская область;2002;263;149
Сахалинская область;2002;206;368
Еврейская автономная область;2002;67;148
Чукотский автономный округ;2002;83;6
Центральный федеральный округ;2003;24242.0488;47179
Белгородская область;2003;1609.7816;2215
Брянская область;2003;1113.8113;1593
Владимирская область;2003;889.3156;1126
Воронежская область;2003;3183.0081;5481
Ивановская область;2003;397.5539;937
Калужская область;2003;478.6503;679
Костромская область;2003;864.2576;1387
Курская область;2003;748;1173
Липецкая область;2003;882.3716;1820
Московская область;2003;6244.3793;8760
Орловская область;2003;921.9113;1292
Рязанская область;2003;575.7231;1956
Смоленская область;2003;629.2069;1384
Тамбовская область;2003;598.7679;1591
Тверская область;2003;1002.4833;2062
Тульская область;2003;751.6216;2280
Ярославская область;2003;934.9853;1837
г. Москва;2003;2416.2201;9606
Северо-Западный федеральный округ;2003;10728.4588;19044
Республика Карелия;2003;1102.2056;223
Республика Коми;2003;1186.0651;750
Архангельская область;2003;1676.1373;918
в том числе: ;2003;0;0
Ненецкий автономный округ;2003;46.9386;22
Архангельская область без автономного округа;2003;1629.1987;896
Вологодская область;2003;1763.8691;1481
Калининградская область;2003;373.2145;583
Ленинградская область;2003;1203.8443;1762
Мурманская область;2003;418.8431;2054
Новгородская область;2003;690.1031;1956
Псковская область;2003;583.4616;1597
г. Санкт-Петербург;2003;1730.7151;7721
Южный             федеральный округ;2003;11090.9715;13788
Республика Адыгея;2003;496.8628;266
Республика Калмыкия;2003;190.0993;266
Республика Крым;2003;0;0
Краснодарский край;2003;5254.9106;3356
Астраханская область;2003;719.6415;1087
Волгоградская область;2003;1137.3654;3642
Ростовская область;2003;3292.0919;5171
г. Севастополь;2003;0;0
Северо-Кавказский        федеральный округ;2003;4456.1955;6002
Республика Дагестан;2003;1153.9851;1245
Республика Ингушетия;2003;172.0312;224
Кабардино-Балкарская Республика;2003;140.6339;879
Карачаево-Черкесская Республика;2003;170.559;256
Республика Северная Осетия - Алания;2003;91.2045;1246
Чеченская Республика;2003;774.041;292
Ставропольский край;2003;1953.7408;1861
Приволжский федеральный округ;2003;30251.6906;41837
Республика Башкортостан;2003;3442.4833;4345
Республика Марий Эл;2003;528.2239;1465
Республика Мордовия;2003;1118.879;702
Республика Татарстан;2003;4576.8564;5873
Удмуртская Республика;2003;2777.898;1644
Чувашская Республика;2003;1152.7893;3211
Пермский край;2003;3347.6031;4458
Кировская область;2003;3548.5301;1959
Нижегородская область ;2003;2476.193;6916
Оренбургская область;2003;1289.8809;2528
Пензенская область;2003;529.4554;1138
Самарская область;2003;2541.3117;4276
Саратовская область;2003;1793.6857;2212
Ульяновская область;2003;1127.9008;1110
Уральский         федеральный округ;2003;14432.3154;14656
Курганская область;2003;461.3594;1058
Свердловская область ;2003;2456.6867;5325
Тюменская область;2003;7267.1807;4631
в том числе:;2003;0;0
Ханты-Мансийский автономный округ - Югра;2003;3957.7511;2284
Ямало-Ненецкий автономный округ;2003;1717.9419;343
Тюменская область  без автономных округов;2003;1591.4877;2004
Челябинская область;2003;4247.0886;3643
Сибирский        федеральный округ;2003;12929.7737;17443
Республика Алтай;2003;92.6843;112
Республика Тыва;2003;171.5781;446
Республика Хакасия;2003;507.6817;316
Алтайский край;2003;1646.0735;1355
Красноярский край;2003;1462.3047;3364
Иркутская область;2003;3311.0123;1477
Кемеровская область;2003;1564;4948
Новосибирская область ;2003;1850.8144;1969
Омская область;2003;953.0055;1830
Томская область;2003;1370.6192;1625
Дальневосточный федеральный округ;2003;6783.3329;6208
Республика Бурятия;2003;429.7941;282
Республика Саха (Якутия);2003;1967.7541;542
Забайкальский край;2003;539.9701;485
Камчатский край;2003;117.9009;276
Приморский край;2003;1344.7037;1485
Хабаровский край ;2003;1008.7213;1775
Амурская область;2003;698.5675;626
Магаданская область;2003;164.8294;148
Сахалинская область;2003;269.5625;417
Еврейская автономная область;2003;133.2024;162
Чукотский автономный округ;2003;108.3269;9
Центральный федеральный округ;2004;20419.114;48087
Белгородская область;2004;1518.3261;1872
Брянская область;2004;1187.7554;1390
Владимирская область;2004;807.0004;1458
Воронежская область;2004;1396.3732;4673
Ивановская область;2004;435.6529;1091
Калужская область;2004;606.9644;673
Костромская область;2004;716.2235;1541
Курская область;2004;675;1322
Липецкая область;2004;827.9771;1443
Московская область;2004;3596.5885;9334
Орловская область;2004;993.5593;1091
Рязанская область;2004;525.1057;2037
Смоленская область;2004;684.7483;1457
Тамбовская область;2004;539.1417;1569
Тверская область;2004;915.71;1707
Тульская область;2004;1219.037;2027
Ярославская область;2004;858.4546;2909
г. Москва;2004;2915.4959;10494
Северо-Западный федеральный округ;2004;12697.3472;18594
Республика Карелия;2004;1248.0378;143
Республика Коми;2004;1363.25;712
Архангельская область;2004;1409.7933;1015
в том числе: ;2004;0;0
Ненецкий автономный округ;2004;37.1784;19
Архангельская область без автономного округа;2004;1372.6149;996
Вологодская область;2004;1859.4631;1500
Калининградская область;2004;657.0066;180
Ленинградская область;2004;1345.706;1754
Мурманская область;2004;511.1533;2101
Новгородская область;2004;607.6532;1918
Псковская область;2004;553.4887;1556
г. Санкт-Петербург;2004;3141.7952;7715
Южный             федеральный округ;2004;11120.9852;13738
Республика Адыгея;2004;1197.6662;238
Республика Калмыкия;2004;172;245
Республика Крым;2004;0;0
Краснодарский край;2004;4515.7564;3345
Астраханская область;2004;625.3085;1223
Волгоградская область;2004;1289.2919;3875
Ростовская область;2004;3320.9622;4812
г. Севастополь;2004;0;0
Северо-Кавказский        федеральный округ;2004;4157.3097;6193
Республика Дагестан;2004;1253.8915;1388
Республика Ингушетия;2004;23;288
Кабардино-Балкарская Республика;2004;139;881
Карачаево-Черкесская Республика;2004;171;261
Республика Северная Осетия - Алания;2004;217;1147
Чеченская Республика;2004;714;349
Ставропольский край;2004;1639.4182;1878
Приволжский федеральный округ;2004;33424.5597;44277
Республика Башкортостан;2004;3049.756;4832
Республика Марий Эл;2004;547.0271;1276
Республика Мордовия;2004;5020.0917;751
Республика Татарстан;2004;4116.3962;7135
Удмуртская Республика;2004;1910.8645;1681
Чувашская Республика;2004;852.892;3331
Пермский край;2004;6123.0844;4337
Кировская область;2004;1994.723;1641
Нижегородская область ;2004;2287.4054;8375
Оренбургская область;2004;1164.4755;2561
Пензенская область;2004;531.8524;949
Самарская область;2004;3342.3637;4081
Саратовская область;2004;1447.0589;2334
Ульяновская область;2004;1036.5689;991
Уральский         федеральный округ;2004;14500.9065;14791
Курганская область;2004;872.8635;1068
Свердловская область ;2004;2481.8351;5370
Тюменская область;2004;7121.8128;4951
в том числе:;2004;0;0
Ханты-Мансийский автономный округ - Югра;2004;3826.8267;2494
Ямало-Ненецкий автономный округ;2004;1667.946;330
Тюменская область  без автономных округов;2004;1627.0401;2126
Челябинская область;2004;4024.3951;3402
Сибирский        федеральный округ;2004;12732.1199;16921
Республика Алтай;2004;142.0643;108
Республика Тыва;2004;223.4665;476
Республика Хакасия;2004;313.8135;289
Алтайский край;2004;1382.4375;1624
Красноярский край;2004;1535.2661;3270
Иркутская область;2004;3613.523;1356
Кемеровская область;2004;1513;4605
Новосибирская область ;2004;1626.0485;1758
Омская область;2004;938.322;1764
Томская область;2004;1444.1785;1671
Дальневосточный федеральный округ;2004;6869.4907;6097
Республика Бурятия;2004;344.8281;309
Республика Саха (Якутия);2004;2388.5721;524
Забайкальский край;2004;422.1731;603
Камчатский край;2004;160.683;330
Приморский край;2004;1297.0268;1574
Хабаровский край ;2004;987.4824;1472
Амурская область;2004;487.4892;629
Магаданская область;2004;200.709;159
Сахалинская область;2004;302.3074;441
Еврейская автономная область;2004;124.1792;52
Чукотский автономный округ;2004;154.0404;4
Центральный федеральный округ;2005;19554;41994
Белгородская область;2005;1733;898
Брянская область;2005;1405;1108
Владимирская область;2005;772;1416
Воронежская область;2005;1225;4748
Ивановская область;2005;453;861
Калужская область;2005;548;647
Костромская область;2005;760;1143
Курская область;2005;680;845
Липецкая область;2005;832;1309
Московская область;2005;2777;9369
Орловская область;2005;1004;643
Рязанская область;2005;564;1532
Смоленская область;2005;998;1192
Тамбовская область;2005;507;832
Тверская область;2005;701;684
Тульская область;2005;826;1312
Ярославская область;2005;847;2613
г. Москва;2005;2921;10839
Северо-Западный федеральный округ;2005;14156;12269
Республика Карелия;2005;1407;97
Республика Коми;2005;1249;655
Архангельская область;2005;1455;808
в том числе: ;2005;0;0
Ненецкий автономный округ;2005;69;15
Архангельская область без автономного округа;2005;1386;793
Вологодская область;2005;1812;1139
Калининградская область;2005;718;157
Ленинградская область;2005;1585;1038
Мурманская область;2005;783;722
Новгородская область;2005;932;1709
Псковская область;2005;645;731
г. Санкт-Петербург;2005;3570;5213
Южный             федеральный округ;2005;11640;12913
Республика Адыгея;2005;532;243
Республика Калмыкия;2005;148;245
Республика Крым;2005;0;0
Краснодарский край;2005;5697;3076
Астраханская область;2005;454;1179
Волгоградская область;2005;1201;3337
Ростовская область;2005;3608;4832
г. Севастополь;2005;0;0
Северо-Кавказский        федеральный округ;2005;4244;5430
Республика Дагестан;2005;659;1442
Республика Ингушетия;2005;14;291
Кабардино-Балкарская Республика;2005;116;709
Карачаево-Черкесская Республика;2005;168;251
Республика Северная Осетия - Алания;2005;147;962
Чеченская Республика;2005;1474;258
Ставропольский край;2005;1665;1518
Приволжский федеральный округ;2005;29668;34298
Республика Башкортостан;2005;3256;4711
Республика Марий Эл;2005;733;698
Республика Мордовия;2005;1877;559
Республика Татарстан;2005;4261;3857
Удмуртская Республика;2005;1951;1347
Чувашская Республика;2005;708;2883
Пермский край;2005;4527;3883
Кировская область;2005;2356;998
Нижегородская область ;2005;2250;5252
Оренбургская область;2005;1267;2405
Пензенская область;2005;598;1620
Самарская область;2005;3393;2483
Саратовская область;2005;1259;2542
Ульяновская область;2005;1231;1061
Уральский         федеральный округ;2005;12835;13761
Курганская область;2005;478;763
Свердловская область ;2005;2507;4757
Тюменская область;2005;6675;5447
в том числе:;2005;0;0
Ханты-Мансийский автономный округ - Югра;2005;3623;2536
Ямало-Ненецкий автономный округ;2005;1206;738
Тюменская область  без автономных округов;2005;1846;2173
Челябинская область;2005;3175;2794
Сибирский        федеральный округ;2005;12615;16286
Республика Алтай;2005;126;88
Республика Тыва;2005;184;533
Республика Хакасия;2005;364;313
Алтайский край;2005;1151;1325
Красноярский край;2005;1649;3072
Иркутская область;2005;2674;1770
Кемеровская область;2005;1461;4508
Новосибирская область ;2005;2285;1133
Омская область;2005;1195;1708
Томская область;2005;1526;1836
Дальневосточный федеральный округ;2005;6435;5326
Республика Бурятия;2005;322;305
Республика Саха (Якутия);2005;1715;333
Забайкальский край;2005;647;770
Камчатский край;2005;100;222
Приморский край;2005;1245;1196
Хабаровский край ;2005;965;1530
Амурская область;2005;659;531
Магаданская область;2005;219;63
Сахалинская область;2005;319;317
Еврейская автономная область;2005;113;53
Чукотский автономный округ;2005;130;6
Центральный федеральный округ;2006;22960.3;38557
Белгородская область;2006;1535;1443
Брянская область;2006;1098.8;882
Владимирская область;2006;809.8;1401
Воронежская область;2006;1138.4;4606
Ивановская область;2006;469;891
Калужская область;2006;460.1;707
Костромская область;2006;787.8;1158
Курская область;2006;644;902
Липецкая область;2006;797.8;1323
Московская область;2006;3062;9064
Орловская область;2006;854.7;695
Рязанская область;2006;491.2;1352
Смоленская область;2006;896.2;1172
Тамбовская область;2006;572.8;928
Тверская область;2006;729.8;657
Тульская область;2006;761.2;1520
Ярославская область;2006;792.9;2441
г. Москва;2006;7058.8;7415
Северо-Западный федеральный округ;2006;14059.5;11007
Республика Карелия;2006;1387.4;129
Республика Коми;2006;1236.4;700
Архангельская область;2006;1912.2;773
в том числе: ;2006;0;0
Ненецкий автономный округ;2006;153;11
Архангельская область без автономного округа;2006;1759.2;762
Вологодская область;2006;1694.8;1116
Калининградская область;2006;585.8;324
Ленинградская область;2006;2250;1317
Мурманская область;2006;418.2;707
Новгородская область;2006;666.7;1291
Псковская область;2006;718;683
г. Санкт-Петербург;2006;3190;3967
Южный             федеральный округ;2006;12920.8;12522
Республика Адыгея;2006;1937.4;253
Республика Калмыкия;2006;142.7;223
Республика Крым;2006;0;0
Краснодарский край;2006;6525.7;3212
Астраханская область;2006;414.8;1258
Волгоградская область;2006;1146.8;3274
Ростовская область;2006;2753.4;4302
г. Севастополь;2006;0;0
Северо-Кавказский        федеральный округ;2006;6810.5;4607
Республика Дагестан;2006;490.9;607
Республика Ингушетия;2006;30.8;265
Кабардино-Балкарская Республика;2006;150.3;653
Карачаево-Черкесская Республика;2006;195.3;227
Республика Северная Осетия - Алания;2006;237.9;814
Чеченская Республика;2006;1831;185
Ставропольский край;2006;3874.3;1856
Приволжский федеральный округ;2006;33531.2;33546
Республика Башкортостан;2006;3066.9;5218
Республика Марий Эл;2006;517.3;660
Республика Мордовия;2006;2367;568
Республика Татарстан;2006;5455;3863
Удмуртская Республика;2006;1575.4;1538
Чувашская Республика;2006;710.7;1821
Пермский край;2006;6070;4176
Кировская область;2006;1832.8;1055
Нижегородская область ;2006;2022.1;4811
Оренбургская область;2006;1114.1;2548
Пензенская область;2006;695;1483
Самарская область;2006;4466.8;1823
Саратовская область;2006;2240.2;2894
Ульяновская область;2006;1397.9;1087
Уральский         федеральный округ;2006;12325;12980
Курганская область;2006;589;730
Свердловская область ;2006;2579;4537
Тюменская область;2006;6549.6;5212
в том числе:;2006;0;0
Ханты-Мансийский автономный округ - Югра;2006;3288;2411
Ямало-Ненецкий автономный округ;2006;1507.8;687
Тюменская область  без автономных округов;2006;1753.8;2113
Челябинская область;2006;2607.4;2501
Сибирский        федеральный округ;2006;11285.3;16968
Республика Алтай;2006;111;86
Республика Тыва;2006;334.8;627
Республика Хакасия;2006;207.4;347
Алтайский край;2006;997.9;1465
Красноярский край;2006;1723.6;2664
Иркутская область;2006;2239.9;1843
Кемеровская область;2006;1671;4889
Новосибирская область ;2006;1276.4;1081
Омская область;2006;1037.2;2149
Томская область;2006;1686.1;1816
Дальневосточный федеральный округ;2006;6523;5797
Республика Бурятия;2006;277.2;308
Республика Саха (Якутия);2006;1212.1;463
Забайкальский край;2006;587.1;812
Камчатский край;2006;162.2;317
Приморский край;2006;1079.4;1283
Хабаровский край ;2006;1786.7;1769
Амурская область;2006;763.9;457
Магаданская область;2006;192.6;67
Сахалинская область;2006;295.3;275
Еврейская автономная область;2006;115.7;39
Чукотский автономный округ;2006;50.8;7
Центральный федеральный округ;2007;23256;38055
Белгородская область;2007;1667;1552
Брянская область;2007;1257;860
Владимирская область;2007;748;1672
Воронежская область;2007;1079;4567
Ивановская область;2007;441;963
Калужская область;2007;467;809
Костромская область;2007;503;990
Курская область;2007;734;959
Липецкая область;2007;919;1304
Московская область;2007;4124;8526
Орловская область;2007;777;664
Рязанская область;2007;559;1199
Смоленская область;2007;1167;1211
Тамбовская область;2007;536;1029
Тверская область;2007;955;870
Тульская область;2007;923;1892
Ярославская область;2007;844;2208
г. Москва;2007;5556;6777
Северо-Западный федеральный округ;2007;14461;13832
Республика Карелия;2007;1438;243
Республика Коми;2007;1258;868
Архангельская область;2007;1874;922
в том числе: ;2007;0;0
Ненецкий автономный округ;2007;138;19
Архангельская область без автономного округа;2007;1736;903
Вологодская область;2007;1418;1500
Калининградская область;2007;569;3056
Ленинградская область;2007;2829;1354
Мурманская область;2007;450;734
Новгородская область;2007;684;1064
Псковская область;2007;597;560
г. Санкт-Петербург;2007;3344;3529
Южный             федеральный округ;2007;12566;13918
Республика Адыгея;2007;472;266
Республика Калмыкия;2007;141;412
Республика Крым;2007;0;0
Краснодарский край;2007;7273;3763
Астраханская область;2007;428;1275
Волгоградская область;2007;1366;3729
Ростовская область;2007;2886;4474
г. Севастополь;2007;0;0
Северо-Кавказский        федеральный округ;2007;5292;4678
Республика Дагестан;2007;1158;798
Республика Ингушетия;2007;77;253
Кабардино-Балкарская Республика;2007;155;614
Карачаево-Черкесская Республика;2007;210;208
Республика Северная Осетия - Алания;2007;217;773
Чеченская Республика;2007;1867;338
Ставропольский край;2007;1608;1695
Приволжский федеральный округ;2007;31406;38126
Республика Башкортостан;2007;3103;5471
Республика Марий Эл;2007;443;763
Республика Мордовия;2007;997;686
Республика Татарстан;2007;4694;4189
Удмуртская Республика;2007;1415;1487
Чувашская Республика;2007;779;1940
Пермский край;2007;6115;5377
Кировская область;2007;1738;1102
Нижегородская область ;2007;2071;5482
Оренбургская область;2007;1259;3127
Пензенская область;2007;770;1532
Самарская область;2007;4937;1941
Саратовская область;2007;1655;3541
Ульяновская область;2007;1430;1485
Уральский         федеральный округ;2007;14945;14421
Курганская область;2007;463;769
Свердловская область ;2007;2764;4577
Тюменская область;2007;7814;5230
в том числе:;2007;0;0
Ханты-Мансийский автономный округ - Югра;2007;4341;2384
Ямало-Ненецкий автономный округ;2007;1472;714
Тюменская область  без автономных округов;2007;2001;2132
Челябинская область;2007;3904;3846
Сибирский        федеральный округ;2007;10944;20468
Республика Алтай;2007;103;93
Республика Тыва;2007;214;652
Республика Хакасия;2007;228;418
Алтайский край;2007;1101;1875
Красноярский край;2007;1995;3432
Иркутская область;2007;2244;2022
Кемеровская область;2007;1134;4765
Новосибирская область ;2007;1731;3180
Омская область;2007;1084;2444
Томская область;2007;1110;1587
Дальневосточный федеральный округ;2007;6357;6430
Республика Бурятия;2007;305;441
Республика Саха (Якутия);2007;1359;448
Забайкальский край;2007;673;796
Камчатский край;2007;206;341
Приморский край;2007;1195;1623
Хабаровский край ;2007;1206;1791
Амурская область;2007;729;456
Магаданская область;2007;181;76
Сахалинская область;2007;305;248
Еврейская автономная область;2007;158;200
Чукотский автономный округ;2007;40;11
Центральный федеральный округ;2008;26813.3719;38566
Белгородская область;2008;2057.4284;1716
Брянская область;2008;1196.2049;823
Владимирская область;2008;878.3811;1580
Воронежская область;2008;1310.7011;4534
Ивановская область;2008;416.3953;963
Калужская область;2008;597.334;750
Костромская область;2008;510.4694;951
Курская область;2008;751.3676;1035
Липецкая область;2008;955.1322;1305
Московская область;2008;5696.5846;8458
Орловская область;2008;1145.1975;725
Рязанская область;2008;519.1877;1252
Смоленская область;2008;2274.8168;1256
Тамбовская область;2008;491.1632;1065
Тверская область;2008;981.3646;909
Тульская область;2008;907.944;1938
Ярославская область;2008;672.5252;2315
г. Москва;2008;5451.1743;6990
Северо-Западный федеральный округ;2008;16344.5427;14632
Республика Карелия;2008;1430.1026;401
Республика Коми;2008;1381.8225;767
Архангельская область;2008;2074.756;907
в том числе: ;2008;0;0
Ненецкий автономный округ;2008;138.3363;16
Архангельская область без автономного округа;2008;1936.4197;892
Вологодская область;2008;1646.3018;1734
Калининградская область;2008;1218.9093;3268
Ленинградская область;2008;1791.2072;1480
Мурманская область;2008;324.7332;768
Новгородская область;2008;752.5675;948
Псковская область;2008;635.4828;573
г. Санкт-Петербург;2008;5088.6598;3786
Южный             федеральный округ;2008;13096;13719
Республика Адыгея;2008;294;270
Республика Калмыкия;2008;204;494
Республика Крым;2008;0;0
Краснодарский край;2008;7193;3664
Астраханская область;2008;366;1289
Волгоградская область;2008;1443;3708
Ростовская область;2008;3596;4293
г. Севастополь;2008;0;0
Северо-Кавказский        федеральный округ;2008;10650.7039;4694
Республика Дагестан;2008;596.4452;750
Республика Ингушетия;2008;55.5181;214
Кабардино-Балкарская Республика;2008;160;615
Карачаево-Черкесская Республика;2008;198;218
Республика Северная Осетия - Алания;2008;122;773
Чеченская Республика;2008;8023;303
Ставропольский край;2008;1495.7406;1822
Приволжский федеральный округ;2008;32149.5212;38949
Республика Башкортостан;2008;3288.661;5612
Республика Марий Эл;2008;399.1735;710
Республика Мордовия;2008;729.9366;662
Республика Татарстан;2008;5215.0539;4405
Удмуртская Республика;2008;1238.4809;1456
Чувашская Республика;2008;731.4035;1844
Пермский край;2008;4043.3378;4858
Кировская область;2008;1918.9466;1191
Нижегородская область ;2008;2147.2968;5913
Оренбургская область;2008;1352.3465;3216
Пензенская область;2008;1019.6847;1712
Самарская область;2008;6776.7905;1904
Саратовская область;2008;1816.5853;3790
Ульяновская область;2008;1471.8236;1675
Уральский         федеральный округ;2008;14276.0514;14008
Курганская область;2008;490.3087;889
Свердловская область ;2008;3426.3451;4795
Тюменская область;2008;7918.8116;5120
в том числе:;2008;0;0
Ханты-Мансийский автономный округ - Югра;2008;4718.1573;2445
Ямало-Ненецкий автономный округ;2008;1761.0087;768
Тюменская область  без автономных округов;2008;1439.6456;1907
Челябинская область;2008;2440.586;3203
Сибирский        федеральный округ;2008;10925.8958;21289
Республика Алтай;2008;99.2259;96
Республика Тыва;2008;235.3789;666
Республика Хакасия;2008;302.0663;428
Алтайский край;2008;1139.2247;2009
Красноярский край;2008;2186;4020
Иркутская область;2008;2365;2024
Кемеровская область;2008;1116;4787
Новосибирская область ;2008;1777;3242
Омская область;2008;824;2426
Томская область;2008;882;1592
Дальневосточный федеральный округ;2008;6287.8503;6288
Республика Бурятия;2008;346.3872;513
Республика Саха (Якутия);2008;1167.1667;430
Забайкальский край;2008;552;833
Камчатский край;2008;334.6382;312
Приморский край;2008;1234.1132;1618
Хабаровский край ;2008;1252.8313;1583
Амурская область;2008;756.7091;450
Магаданская область;2008;136.8992;77
Сахалинская область;2008;260.7361;261
Еврейская автономная область;2008;225.3693;201
Чукотский автономный округ;2008;21;11
Центральный федеральный округ;2009;27889.6403;36037
Белгородская область;2009;2514.4684;1592
Брянская область;2009;877.3715;764
Владимирская область;2009;741.0635;1391
Воронежская область;2009;1496.6071;4321
Ивановская область;2009;367.4877;860
Калужская область;2009;1140.7231;705
Костромская область;2009;403.7015;819
Курская область;2009;706.0729;1016
Липецкая область;2009;915.7093;1173
Московская область;2009;5786.7447;7943
Орловская область;2009;1147.6866;779
Рязанская область;2009;465.2488;1177
Смоленская область;2009;1307.8984;1048
Тамбовская область;2009;480.641;1077
Тверская область;2009;908.5407;825
Тульская область;2009;919.2488;1938
Ярославская область;2009;578.9774;2304
г. Москва;2009;7131.4489;6303
Северо-Западный федеральный округ;2009;14226.7211;13946
Республика Карелия;2009;1027.6529;223
Республика Коми;2009;1429.368;724
Архангельская область;2009;2011.0232;732
в том числе: ;2009;0;0
Ненецкий автономный округ;2009;111.5164;12
Архангельская область без автономного округа;2009;1899.5068;721
Вологодская область;2009;1160.1154;1414
Калининградская область;2009;1215.6386;3570
Ленинградская область;2009;2034.01;1518
Мурманская область;2009;273.6558;752
Новгородская область;2009;677.8616;835
Псковская область;2009;643.8196;498
г. Санкт-Петербург;2009;3753.576;3680
Южный             федеральный округ;2009;12347;13552
Республика Адыгея;2009;191;264
Республика Калмыкия;2009;180;434
Республика Крым;2009;0;0
Краснодарский край;2009;6755;3523
Астраханская область;2009;370;1401
Волгоградская область;2009;1207;3671
Ростовская область;2009;3644;4260
г. Севастополь;2009;0;0
Северо-Кавказский        федеральный округ;2009;5407;4799
Республика Дагестан;2009;678;796
Республика Ингушетия;2009;47;375
Кабардино-Балкарская Республика;2009;116;616
Карачаево-Черкесская Республика;2009;177;230
Республика Северная Осетия - Алания;2009;115;701
Чеченская Республика;2009;2688;306
Ставропольский край;2009;1586;1773
Приволжский федеральный округ;2009;27585.7999;34790
Республика Башкортостан;2009;2686.7591;4577
Республика Марий Эл;2009;416.8807;636
Республика Мордовия;2009;845.0517;642
Республика Татарстан;2009;4391.3227;3875
Удмуртская Республика;2009;989.0293;1222
Чувашская Республика;2009;628.9131;1575
Пермский край;2009;3310.4894;3833
Кировская область;2009;1596.6591;1102
Нижегородская область ;2009;1859.3973;5741
Оренбургская область;2009;1082.0086;2950
Пензенская область;2009;1000.9923;1800
Самарская область;2009;5396.4941;1571
Саратовская область;2009;1885.5164;3775
Ульяновская область;2009;1496.2861;1491
Уральский         федеральный округ;2009;15343.5474;11977
Курганская область;2009;524.2723;769
Свердловская область ;2009;2866.9163;3656
Тюменская область;2009;10055.4909;4948
в том числе:;2009;0;0
Ханты-Мансийский автономный округ - Югра;2009;4767.1858;2609
Ямало-Ненецкий автономный округ;2009;2629.9815;655
Тюменская область  без автономных округов;2009;2658.3236;1684
Челябинская область;2009;1896.8679;2604
Сибирский        федеральный округ;2009;12025.004;20006
Республика Алтай;2009;76.3322;86
Республика Тыва;2009;259.9629;656
Республика Хакасия;2009;278.0884;365
Алтайский край;2009;1212.1594;1936
Красноярский край;2009;2199.1352;3812
Иркутская область;2009;2802.5348;1878
Кемеровская область;2009;994.3908;4755
Новосибирская область ;2009;1230.6361;3067
Омская область;2009;631.0246;2059
Томская область;2009;2340.7396;1392
Дальневосточный федеральный округ;2009;5821.8129;6370
Республика Бурятия;2009;281.3849;746
Республика Саха (Якутия);2009;1024.5862;539
Забайкальский край;2009;571.5689;798
Камчатский край;2009;273.0141;344
Приморский край;2009;1039;1413
Хабаровский край ;2009;951.7698;1539
Амурская область;2009;659.1712;414
Магаданская область;2009;274.3071;69
Сахалинская область;2009;240.1352;306
Еврейская автономная область;2009;477.0683;195
Чукотский автономный округ;2009;29.8072;7
Центральный федеральный округ;2010;31086;35343
Белгородская область;2010;3364;1517
Брянская область;2010;1002;693
Владимирская область;2010;879;1280
Воронежская область;2010;1275;4241
Ивановская область;2010;643;900
Калужская область;2010;974;708
Костромская область;2010;405;827
Курская область;2010;763;1019
Липецкая область;2010;901;1160
Московская область;2010;6008;7504
Орловская область;2010;1350;732
Рязанская область;2010;561;1035
Смоленская область;2010;1555;1122
Тамбовская область;2010;422;1086
Тверская область;2010;1083;1014
Тульская область;2010;1127;1912
Ярославская область;2010;725;2356
г. Москва;2010;8051;6238
Северо-Западный федеральный округ;2010;18155;13417
Республика Карелия;2010;997;129
Республика Коми;2010;1415;756
Архангельская область;2010;3056;789
в том числе: ;2010;0;0
Ненецкий автономный округ;2010;229;8
Архангельская область без автономного округа;2010;2827;781
Вологодская область;2010;1716;1220
Калининградская область;2010;1377;3265
Ленинградская область;2010;1892;1444
Мурманская область;2010;377;758
Новгородская область;2010;794;866
Псковская область;2010;879;541
г. Санкт-Петербург;2010;5652;3650
Южный             федеральный округ;2010;13418;13537
Республика Адыгея;2010;262;262
Республика Калмыкия;2010;94;387
Республика Крым;2010;0;0
Краснодарский край;2010;7535;3537
Астраханская область;2010;325;1390
Волгоградская область;2010;1173;3548
Ростовская область;2010;4029;4414
г. Севастополь;2010;0;0
Северо-Кавказский        федеральный округ;2010;4327;4570
Республика Дагестан;2010;454;776
Республика Ингушетия;2010;33;134
Кабардино-Балкарская Республика;2010;139;573
Карачаево-Черкесская Республика;2010;198;219
Республика Северная Осетия - Алания;2010;181;699
Чеченская Республика;2010;1872;389
Ставропольский край;2010;1451;1781
Приволжский федеральный округ;2010;28494;35442
Республика Башкортостан;2010;2649;4437
Республика Марий Эл;2010;369;576
Республика Мордовия;2010;787;769
Республика Татарстан;2010;5053;4131
Удмуртская Республика;2010;781;1266
Чувашская Республика;2010;644;1632
Пермский край;2010;3256;4418
Кировская область;2010;1576;1030
Нижегородская область ;2010;1909;5708
Оренбургская область;2010;1172;2777
Пензенская область;2010;976;1674
Самарская область;2010;5596;1361
Саратовская область;2010;2095;4007
Ульяновская область;2010;1631;1656
Уральский         федеральный округ;2010;15515;12008
Курганская область;2010;465;718
Свердловская область ;2010;3148;3635
Тюменская область;2010;9640;4996
в том числе:;2010;0;0
Ханты-Мансийский автономный округ - Югра;2010;5465;2633
Ямало-Ненецкий автономный округ;2010;2122;646
Тюменская область  без автономных округов;2010;2053;1717
Челябинская область;2010;2262;2659
Сибирский        федеральный округ;2010;15032;19833
Республика Алтай;2010;85;105
Республика Тыва;2010;271;657
Республика Хакасия;2010;359;409
Алтайский край;2010;1421;1959
Красноярский край;2010;2780;3968
Иркутская область;2010;2554;2029
Кемеровская область;2010;1128;4642
Новосибирская область ;2010;1339;3057
Омская область;2010;689;1780
Томская область;2010;4407;1227
Дальневосточный федеральный округ;2010;6608;6461
Республика Бурятия;2010;275;715
Республика Саха (Якутия);2010;1096;448
Забайкальский край;2010;747;808
Камчатский край;2010;394;348
Приморский край;2010;1174;1416
Хабаровский край ;2010;934;1709
Амурская область;2010;983;433
Магаданская область;2010;276;68
Сахалинская область;2010;208;314
Еврейская автономная область;2010;489;196
Чукотский автономный округ;2010;33;6
Центральный федеральный округ;2011;37856.5877;34509
Белгородская область;2011;3293.933;1530
Брянская область;2011;1068.7757;664
Владимирская область;2011;984.8304;1210
Воронежская область;2011;1664.5957;4102
Ивановская область;2011;751.8738;879
Калужская область;2011;1009.5094;760
Костромская область;2011;449.8433;846
Курская область;2011;881.4446;1081
Липецкая область;2011;1044.0959;1109
Московская область;2011;9734.9673;7569
Орловская область;2011;1539.0815;581
Рязанская область;2011;679.0266;1034
Смоленская область;2011;1771.3989;1040
Тамбовская область;2011;658.5421;1094
Тверская область;2011;1412.0624;921
Тульская область;2011;1603.1471;1621
Ярославская область;2011;773.6336;2205
г. Москва;2011;8535.8264;6263
Северо-Западный федеральный округ;2011;21641.9626;12303
Республика Карелия;2011;1039.5973;142
Республика Коми;2011;1337.0012;769
Архангельская область;2011;3348.2933;789
в том числе: ;2011;0;0
Ненецкий автономный округ;2011;199.1821;8
Архангельская область без автономного округа;2011;3149.1112;781
Вологодская область;2011;1807.2069;1185
Калининградская область;2011;1573.9711;2336
Ленинградская область;2011;2294.6278;1319
Мурманская область;2011;400.2792;721
Новгородская область;2011;1086.3848;772
Псковская область;2011;991.1909;534
г. Санкт-Петербург;2011;7763.4101;3736
Южный             федеральный округ;2011;13617.737;13938
Республика Адыгея;2011;298.9524;219
Республика Калмыкия;2011;87.8746;427
Республика Крым;2011;0;0
Краснодарский край;2011;7410.6771;4260
Астраханская область;2011;378.1607;1305
Волгоградская область;2011;1419.276;3439
Ростовская область;2011;4022.7962;4288
г. Севастополь;2011;0;0
Северо-Кавказский        федеральный округ;2011;4048.4991;4506
Республика Дагестан;2011;471.3141;812
Республика Ингушетия;2011;38.4655;120
Кабардино-Балкарская Республика;2011;123.6511;479
Карачаево-Черкесская Республика;2011;229.6447;211
Республика Северная Осетия - Алания;2011;161.3618;706
Чеченская Республика;2011;1357.3896;397
Ставропольский край;2011;1666.6723;1781
Приволжский федеральный округ;2011;30818.6353;35581
Республика Башкортостан;2011;2875.698;4101
Республика Марий Эл;2011;526.3991;568
Республика Мордовия;2011;1231.534;861
Республика Татарстан;2011;5157.7893;4030
Удмуртская Республика;2011;759.7303;1366
Чувашская Республика;2011;675.0336;1598
Пермский край;2011;3007.9776;4753
Кировская область;2011;1625.313;1026
Нижегородская область ;2011;2531.0948;5573
Оренбургская область;2011;1305.9087;2742
Пензенская область;2011;1108.9079;1706
Самарская область;2011;5793.5085;1476
Саратовская область;2011;2166.0243;4078
Ульяновская область;2011;2053.7162;1703
Уральский         федеральный округ;2011;23440.6032;11771
Курганская область;2011;508.2895;698
Свердловская область ;2011;5138.5005;3210
Тюменская область;2011;14772.9923;4746
в том числе:;2011;0;0
Ханты-Мансийский автономный округ - Югра;2011;7613.5634;1786
Ямало-Ненецкий автономный округ;2011;2333.6792;796
Тюменская область  без автономных округов;2011;4825.7497;2164
Челябинская область;2011;3020.8209;3119
Сибирский        федеральный округ;2011;17464.2295;19672
Республика Алтай;2011;105.0806;106
Республика Тыва;2011;321.8892;649
Республика Хакасия;2011;410.7723;394
Алтайский край;2011;1698.7686;2105
Красноярский край;2011;2847.8813;3958
Иркутская область;2011;3532.8691;2116
Кемеровская область;2011;1261.2455;4554
Новосибирская область ;2011;1443.43;3031
Омская область;2011;844.8794;1580
Томская область;2011;4997.4135;1179
Дальневосточный федеральный округ;2011;6432.9603;6308
Республика Бурятия;2011;293.4721;733
Республика Саха (Якутия);2011;1516.4687;450
Забайкальский край;2011;805.6619;845
Камчатский край;2011;78.7132;374
Приморский край;2011;1214.7409;1294
Хабаровский край ;2011;943.9459;1620
Амурская область;2011;541.3611;443
Магаданская область;2011;292.4352;62
Сахалинская область;2011;214.9096;277
Еврейская автономная область;2011;506.2517;204
Чукотский автономный округ;2011;25;6
Центральный федеральный округ;2012;36168;32941
Белгородская область;2012;3322;1522
Брянская область;2012;1057;585
Владимирская область;2012;1057;1188
Воронежская область;2012;1548;3614
Ивановская область;2012;1073;747
Калужская область;2012;1093;679
Костромская область;2012;502;873
Курская область;2012;995;1112
Липецкая область;2012;1146;1097
Московская область;2012;6780;7407
Орловская область;2012;2288;531
Рязанская область;2012;686;980
Смоленская область;2012;2013;994
Тамбовская область;2012;977;1095
Тверская область;2012;1965;827
Тульская область;2012;1439;1548
Ярославская область;2012;972;2065
г. Москва;2012;7255;6077
Северо-Западный федеральный округ;2012;38482;11367
Республика Карелия;2012;1963;251
Республика Коми;2012;1529;825
Архангельская область;2012;3615;777
в том числе: ;2012;0;0
Ненецкий автономный округ;2012;130;11
Архангельская область без автономного округа;2012;3485;766
Вологодская область;2012;1928;1105
Калининградская область;2012;2800;2122
Ленинградская область;2012;3130;1324
Мурманская область;2012;412;631
Новгородская область;2012;1343;639
Псковская область;2012;1027;527
г. Санкт-Петербург;2012;20735;3166
Южный             федеральный округ;2012;14983;13855
Республика Адыгея;2012;312;175
Республика Калмыкия;2012;88;445
Республика Крым;2012;0;0
Краснодарский край;2012;7872;4524
Астраханская область;2012;344;1193
Волгоградская область;2012;1497;3284
Ростовская область;2012;4870;4234
г. Севастополь;2012;0;0
Северо-Кавказский        федеральный округ;2012;4182;4345
Республика Дагестан;2012;515;850
Республика Ингушетия;2012;22;124
Кабардино-Балкарская Республика;2012;89;435
Карачаево-Черкесская Республика;2012;350;207
Республика Северная Осетия - Алания;2012;170;637
Чеченская Республика;2012;937;455
Ставропольский край;2012;2097;1637
Приволжский федеральный округ;2012;33933;35124
Республика Башкортостан;2012;3431;3784
Республика Марий Эл;2012;787;458
Республика Мордовия;2012;2353;685
Республика Татарстан;2012;5301;3683
Удмуртская Республика;2012;1094;1414
Чувашская Республика;2012;902;1453
Пермский край;2012;3273;5831
Кировская область;2012;1742;977
Нижегородская область ;2012;2430;5501
Оренбургская область;2012;1358;2581
Пензенская область;2012;1387;1389
Самарская область;2012;5392;2595
Саратовская область;2012;2344;2856
Ульяновская область;2012;2138;1915
Уральский         федеральный округ;2012;25955;11138
Курганская область;2012;611;669
Свердловская область ;2012;5568;3177
Тюменская область;2012;15976;4478
в том числе:;2012;0;0
Ханты-Мансийский автономный округ - Югра;2012;9605;2019
Ямало-Ненецкий автономный округ;2012;3159;805
Тюменская область  без автономных округов;2012;3212;1654
Челябинская область;2012;3800;2813
Сибирский        федеральный округ;2012;16627;18177
Республика Алтай;2012;77;74
Республика Тыва;2012;293;658
Республика Хакасия;2012;387;353
Алтайский край;2012;1645;1994
Красноярский край;2012;3186;2583
Иркутская область;2012;3018;2071
Кемеровская область;2012;1395;4257
Новосибирская область ;2012;1725;3476
Омская область;2012;812;1605
Томская область;2012;4088;1107
Дальневосточный федеральный округ;2012;7203;6327
Республика Бурятия;2012;346;715
Республика Саха (Якутия);2012;1710;450
Забайкальский край;2012;877;852
Камчатский край;2012;87;413
Приморский край;2012;1253;1347
Хабаровский край ;2012;1144;1575
Амурская область;2012;632;421
Магаданская область;2012;229;59
Сахалинская область;2012;389;280
Еврейская автономная область;2012;510;208
Чукотский автономный округ;2012;25;6
Центральный федеральный округ;2013;38553;30630
Белгородская область;2013;3245;1424
Брянская область;2013;1120;451
Владимирская область;2013;1066;1102
Воронежская область;2013;1960;3286
Ивановская область;2013;1232;537
Калужская область;2013;781;599
Костромская область;2013;577;724
Курская область;2013;1017;965
Липецкая область;2013;1254;1036
Московская область;2013;8506;7119
Орловская область;2013;2024;537
Рязанская область;2013;583;822
Смоленская область;2013;2545;873
Тамбовская область;2013;1108;1071
Тверская область;2013;1788;669
Тульская область;2013;1818;1177
Ярославская область;2013;886;2000
г. Москва;2013;7043;6239
Северо-Западный федеральный округ;2013;19447;10859
Республика Карелия;2013;1465;243
Республика Коми;2013;1373;743
Архангельская область;2013;4225;518
в том числе: ;2013;0;0
Ненецкий автономный округ;2013;76;9
Архангельская область без автономного округа;2013;4149;509
Вологодская область;2013;1741;947
Калининградская область;2013;2535;1586
Ленинградская область;2013;2200;1369
Мурманская область;2013;620;596
Новгородская область;2013;1432;653
Псковская область;2013;831;550
г. Санкт-Петербург;2013;3025;3655
Южный             федеральный округ;2013;16014;16508
Республика Адыгея;2013;284;137
Республика Калмыкия;2013;87;401
Республика Крым;2013;0;0
Краснодарский край;2013;7524;4329
Астраханская область;2013;337;4895
Волгоградская область;2013;1923;3080
Ростовская область;2013;5859;3667
г. Севастополь;2013;0;0
Северо-Кавказский        федеральный округ;2013;3867;4231
Республика Дагестан;2013;451;626
Республика Ингушетия;2013;10;284
Кабардино-Балкарская Республика;2013;62;431
Карачаево-Черкесская Республика;2013;351;184
Республика Северная Осетия - Алания;2013;127;601
Чеченская Республика;2013;937;469
Ставропольский край;2013;1929;1636
Приволжский федеральный округ;2013;32019;31913
Республика Башкортостан;2013;3609;3717
Республика Марий Эл;2013;651;440
Республика Мордовия;2013;1667;683
Республика Татарстан;2013;5361;2923
Удмуртская Республика;2013;1707;1489
Чувашская Республика;2013;857;1411
Пермский край;2013;3073;5021
Кировская область;2013;1409;880
Нижегородская область ;2013;2547;4021
Оренбургская область;2013;1184;2424
Пензенская область;2013;1685;1391
Самарская область;2013;3939;2240
Саратовская область;2013;2203;3673
Ульяновская область;2013;2127;1598
Уральский         федеральный округ;2013;20624;10454
Курганская область;2013;638;656
Свердловская область ;2013;5343;3302
Тюменская область;2013;10664;3733
в том числе:;2013;0;0
Ханты-Мансийский автономный округ - Югра;2013;5750;1602
Ямало-Ненецкий автономный округ;2013;2346;639
Тюменская область  без автономных округов;2013;2568;1492
Челябинская область;2013;3979;2763
Сибирский        федеральный округ;2013;16834;15124
Республика Алтай;2013;60;53
Республика Тыва;2013;258;654
Республика Хакасия;2013;1679;323
Алтайский край;2013;1397;1838
Красноярский край;2013;3447;2443
Иркутская область;2013;2267;2064
Кемеровская область;2013;1431;4119
Новосибирская область ;2013;1881;1319
Омская область;2013;1294;1331
Томская область;2013;3120;982
Дальневосточный федеральный округ;2013;7014;6322
Республика Бурятия;2013;410;1073
Республика Саха (Якутия);2013;1517;473
Забайкальский край;2013;813;764
Камчатский край;2013;41;434
Приморский край;2013;1375;1229
Хабаровский край ;2013;1135;1395
Амурская область;2013;518;388
Магаданская область;2013;210;58
Сахалинская область;2013;438;288
Еврейская автономная область;2013;524;212
Чукотский автономный округ;2013;32;7
Центральный федеральный округ;2014;39339;29965
Белгородская область;2014;3352;1233
Брянская область;2014;1277;729
Владимирская область;2014;1011;1003
Воронежская область;2014;1954;2996
Ивановская область;2014;1018;580
Калужская область;2014;901;591
Костромская область;2014;389;640
Курская область;2014;1022;907
Липецкая область;2014;1207;901
Московская область;2014;9126;6976
Орловская область;2014;1976;484
Рязанская область;2014;592;787
Смоленская область;2014;2517;846
Тамбовская область;2014;1497;1251
Тверская область;2014;2048;691
Тульская область;2014;1531;1172
Ярославская область;2014;1019;1977
г. Москва;2014;6902;6201
Северо-Западный федеральный округ;2014;19443;10571
Республика Карелия;2014;1621;377
Республика Коми;2014;1209;846
Архангельская область;2014;3503;820
в том числе: ;2014;0;0
Ненецкий автономный округ;2014;34;19
Архангельская область без автономного округа;2014;3469;801
Вологодская область;2014;1785;842
Калининградская область;2014;2363;1600
Ленинградская область;2014;2590;1324
Мурманская область;2014;472;606
Новгородская область;2014;1579;634
Псковская область;2014;847;459
г. Санкт-Петербург;2014;3474;3064
Южный             федеральный округ;2014;16615;18872
Республика Адыгея;2014;363;114
Республика Калмыкия;2014;79;367
Республика Крым;2014;250;2607
Краснодарский край;2014;7013;4208
Астраханская область;2014;450;5385
Волгоградская область;2014;2052;2342
Ростовская область;2014;6321;3479
г. Севастополь;2014;87;371
Северо-Кавказский        федеральный округ;2014;4194;4136
Республика Дагестан;2014;537;453
Республика Ингушетия;2014;16;145
Кабардино-Балкарская Республика;2014;52;578
Карачаево-Черкесская Республика;2014;571;172
Республика Северная Осетия - Алания;2014;137;605
Чеченская Республика;2014;832;465
Ставропольский край;2014;2049;1719
Приволжский федеральный округ;2014;31244;31489
Республика Башкортостан;2014;3443;4164
Республика Марий Эл;2014;674;259
Республика Мордовия;2014;1357;547
Республика Татарстан;2014;5098;3023
Удмуртская Республика;2014;1764;1385
Чувашская Республика;2014;906;1282
Пермский край;2014;2857;4228
Кировская область;2014;1374;895
Нижегородская область ;2014;2398;4524
Оренбургская область;2014;1376;2557
Пензенская область;2014;1806;1448
Самарская область;2014;3912;1842
Саратовская область;2014;2146;3755
Ульяновская область;2014;2133;1580
Уральский         федеральный округ;2014;26743;8856
Курганская область;2014;732;570
Свердловская область ;2014;6201;2955
Тюменская область;2014;16498;3149
в том числе:;2014;0;0
Ханты-Мансийский автономный округ - Югра;2014;10510;1281
Ямало-Ненецкий автономный округ;2014;2762;365
Тюменская область  без автономных округов;2014;3226;1503
Челябинская область;2014;3312;2182
Сибирский        федеральный округ;2014;18000;16716
Республика Алтай;2014;140;138
Республика Тыва;2014;294;676
Республика Хакасия;2014;1729;415
Алтайский край;2014;1577;1799
Красноярский край;2014;4441;3281
Иркутская область;2014;2248;1779
Кемеровская область;2014;1333;4014
Новосибирская область ;2014;1921;1981
Омская область;2014;1675;1709
Томская область;2014;2642;924
Дальневосточный федеральный округ;2014;7280;6485
Республика Бурятия;2014;460;1690
Республика Саха (Якутия);2014;1668;456
Забайкальский край;2014;834;843
Камчатский край;2014;40;423
Приморский край;2014;1264;1066
Хабаровский край ;2014;1100;1260
Амурская область;2014;525;368
Магаданская область;2014;219;64
Сахалинская область;2014;462;202
Еврейская автономная область;2014;461;106
Чукотский автономный округ;2014;248;6
Центральный федеральный округ;2015;38555;28928
Белгородская область;2015;3428.2742;1118
Брянская область;2015;1236.4522;639
Владимирская область;2015;897.0847;988
Воронежская область;2015;2180.277;2957
Ивановская область;2015;895.7725;606
Калужская область;2015;834.3287;539
Костромская область;2015;432.3197;632
Курская область;2015;1013.955;784
Липецкая область;2015;1256.7346;881
Московская область;2015;8630.7617;7041
Орловская область;2015;2034.2655;548
Рязанская область;2015;591.9706;757
Смоленская область;2015;2609.7203;807
Тамбовская область;2015;1766.1104;1268
Тверская область;2015;1598.1074;604
Тульская область;2015;1582.1908;1184
Ярославская область;2015;937.507;1515
г. Москва;2015;6630.4168;6059
Северо-Западный федеральный округ;2015;19733;10632
Республика Карелия;2015;1119;431
Республика Коми;2015;1213.6925;1092
Архангельская область;2015;2974;843
в том числе: ;2015;0;0
Ненецкий автономный округ;2015;48.6345;26
Архангельская область без автономного округа;2015;2925;817
Вологодская область;2015;1444.4651;728
Калининградская область;2015;2235.5244;1426
Ленинградская область;2015;3058.3264;1284
Мурманская область;2015;477.0342;641
Новгородская область;2015;1555.4936;549
Псковская область;2015;1144.2606;447
г. Санкт-Петербург;2015;4511.8092;3191
Южный             федеральный округ;2015;15836.8871;18019
Республика Адыгея;2015;527.5543;108
Республика Калмыкия;2015;73.162;371
Республика Крым;2015;386.1226;2150
Краснодарский край;2015;6541.2648;4332
Астраханская область;2015;371.1838;4723
Волгоградская область;2015;1970.5353;2502
Ростовская область;2015;5922.6131;3555
г. Севастополь;2015;44.4512;278
Северо-Кавказский        федеральный округ;2015;4176;4013
Республика Дагестан;2015;426.6233;534
Республика Ингушетия;2015;39.527;146
Кабардино-Балкарская Республика;2015;52.1045;611
Карачаево-Черкесская Республика;2015;532.5918;171
Республика Северная Осетия - Алания;2015;130.8038;573
Чеченская Республика;2015;779.5874;378
Ставропольский край;2015;2212.6469;1600
Приволжский федеральный округ;2015;33599;32478
Республика Башкортостан;2015;2870.9566;4819
Республика Марий Эл;2015;667.7667;184
Республика Мордовия;2015;2855.114;505
Республика Татарстан;2015;5898.7767;3059
Удмуртская Республика;2015;1734.6296;1651
Чувашская Республика;2015;1052.6358;1301
Пермский край;2015;2691.7011;4408
Кировская область;2015;1300.6631;880
Нижегородская область ;2015;2884.7288;4715
Оренбургская область;2015;1401.0528;2631
Пензенская область;2015;1777.9669;1518
Самарская область;2015;4442.4424;2033
Саратовская область;2015;2206.9014;3193
Ульяновская область;2015;1811.9368;1582
Уральский         федеральный округ;2015;22649.9349;9747
Курганская область;2015;737.7621;537
Свердловская область ;2015;5798.9691;3048
Тюменская область;2015;12514.0716;3066
в том числе:;2015;0;0
Ханты-Мансийский автономный округ - Югра;2015;6031.3382;1166
Ямало-Ненецкий автономный округ;2015;2143.802;400
Тюменская область  без автономных округов;2015;4338.9313;1501
Челябинская область;2015;3599.1321;3095
Сибирский        федеральный округ;2015;15841.1699;16251
Республика Алтай;2015;94.3359;130
Республика Тыва;2015;234.7884;705
Республика Хакасия;2015;481.6395;371
Алтайский край;2015;1530.3703;1807
Красноярский край;2015;3238;3035
Иркутская область;2015;2511.2302;1696
Кемеровская область;2015;1381.5485;3796
Новосибирская область ;2015;1875.2718;2274
Омская область;2015;1553.9923;1632
Томская область;2015;2939.993;805
Дальневосточный федеральный округ;2015;7343.9403;6204
Республика Бурятия;2015;582.3858;1784
Республика Саха (Якутия);2015;1841.9687;473
Забайкальский край;2015;736.0162;669
Камчатский край;2015;29.3906;396
Приморский край;2015;1096.6595;998
Хабаровский край ;2015;1206.0996;1149
Амурская область;2015;584.6694;350
Магаданская область;2015;241.8645;58
Сахалинская область;2015;338.8962;227
Еврейская автономная область;2015;343.5225;94
Чукотский автономный округ;2015;342.4673;6
Центральный федеральный округ;2016;38429;27826
Белгородская область;2016;3591.7976;1039
Брянская область;2016;2249.7031;522
Владимирская область;2016;800.3622;851
Воронежская область;2016;2931.7295;2581
Ивановская область;2016;829.5687;587
Калужская область;2016;856.3635;491
Костромская область;2016;472.4686;599
Курская область;2016;1111.1289;829
Липецкая область;2016;1215.6461;890
Московская область;2016;8297.7232;7261
Орловская область;2016;1630.9431;523
Рязанская область;2016;638.352;802
Смоленская область;2016;3781.8505;756
Тамбовская область;2016;1882.6553;1257
Тверская область;2016;1584.968;490
Тульская область;2016;1575.0108;1080
Ярославская область;2016;901.3724;1151
г. Москва;2016;4078;6115
Северо-Западный федеральный округ;2016;16880.596;9894
Республика Карелия;2016;683.2173;420
Республика Коми;2016;1150.915;872
Архангельская область;2016;2174.0437;805
в том числе: ;2016;0;0
Ненецкий автономный округ;2016;27.2205;14
Архангельская область без автономного округа;2016;2146.8232;791
Вологодская область;2016;1499.4451;589
Калининградская область;2016;2112.798;1242
Ленинградская область;2016;2697.2202;1247
Мурманская область;2016;394.9239;609
Новгородская область;2016;1610.4824;422
Псковская область;2016;1194.0286;451
г. Санкт-Петербург;2016;3363.5218;3237
Южный             федеральный округ;2016;16615.9766;19946
Республика Адыгея;2016;439.0684;124
Республика Калмыкия;2016;56.345;383
Республика Крым;2016;457.7027;2386
Краснодарский край;2016;7546.8149;4316
Астраханская область;2016;398.1354;4411
Волгоградская область;2016;1990.6667;4449
Ростовская область;2016;5699.424;3577
г. Севастополь;2016;27.8195;301
Северо-Кавказский        федеральный округ;2016;3379;4167
Республика Дагестан;2016;272.8897;804
Республика Ингушетия;2016;9.8992;138
Кабардино-Балкарская Республика;2016;59.1249;536
Карачаево-Черкесская Республика;2016;429.4605;168
Республика Северная Осетия - Алания;2016;112.6173;564
Чеченская Республика;2016;669.6098;326
Ставропольский край;2016;1824.6273;1630
Приволжский федеральный округ;2016;33828.7302;31023
Республика Башкортостан;2016;2816.0255;4594
Республика Марий Эл;2016;540.2199;148
Республика Мордовия;2016;2378.5909;528
Республика Татарстан;2016;6394.0739;2878
Удмуртская Республика;2016;2164.1534;1373
Чувашская Республика;2016;958.1929;1131
Пермский край;2016;2683.5114;4022
Кировская область;2016;1371.8134;858
Нижегородская область ;2016;2871.9038;4341
Оренбургская область;2016;1485.6599;2472
Пензенская область;2016;2377.3996;1469
Самарская область;2016;3666.982;2604
Саратовская область;2016;2219.5729;3095
Ульяновская область;2016;1900.6307;1510
Уральский         федеральный округ;2016;21591.6032;8976
Курганская область;2016;748.2495;506
Свердловская область ;2016;5735.3374;3044
Тюменская область;2016;11176.297;3109
в том числе:;2016;0;0
Ханты-Мансийский автономный округ - Югра;2016;5118.6316;1208
Ямало-Ненецкий автономный округ;2016;1751.407;333
Тюменская область  без автономных округов;2016;4306.2584;1568
Челябинская область;2016;3931.7193;2316
Сибирский        федеральный округ;2016;15009.2393;16279
Республика Алтай;2016;107.985;127
Республика Тыва;2016;195;657
Республика Хакасия;2016;393.29;346
Алтайский край;2016;1395.2837;1784
Красноярский край;2016;2704;2984
Иркутская область;2016;2703.4752;1818
Кемеровская область;2016;1358.188;3514
Новосибирская область ;2016;2337.2077;2659
Омская область;2016;1393.6304;1448
Томская область;2016;2421.1793;942
Дальневосточный федеральный округ;2016;7378.2494;6234
Республика Бурятия;2016;470.204;1791
Республика Саха (Якутия);2016;2020.1804;494
Забайкальский край;2016;569.6415;768
Камчатский край;2016;28.4563;422
Приморский край;2016;1249.3686;813
Хабаровский край ;2016;1126.9074;1155
Амурская область;2016;690.1841;348
Магаданская область;2016;302.6866;55
Сахалинская область;2016;299.8552;287
Еврейская автономная область;2016;221.2636;96
Чукотский автономный округ;2016;399.5017;5
Центральный федеральный округ;2017;55765;27995
Белгородская область;2017;3628.457264;994
Брянская область;2017;3846.660858;738
Владимирская область;2017;728.9638345;825
Воронежская область;2017;2245.967219;2401
Ивановская область;2017;686.4745413;570
Калужская область;2017;691.013531;484
Костромская область;2017;577.1553091;634
Курская область;2017;1212.612072;782
Липецкая область;2017;1274.223122;875
Московская область;2017;22632;7720
Орловская область;2017;1355.137353;485
Рязанская область;2017;716.5997288;828
Смоленская область;2017;4613.415227;687
Тамбовская область;2017;2812.122343;935
Тверская область;2017;1532.2362;505
Тульская область;2017;1762.890019;1045
Ярославская область;2017;1074.661411;1617
г. Москва;2017;4375.246785;5870
Северо-Западный федеральный округ;2017;18112;9434
Республика Карелия;2017;707.6492884;437
Республика Коми;2017;1142.841059;613
Архангельская область;2017;2295.301476;798
в том числе: ;2017;0;0
Ненецкий автономный округ;2017;77;12
Архангельская область без автономного округа;2017;2218;786
Вологодская область;2017;1806;685
Калининградская область;2017;1759.544419;788
Ленинградская область;2017;3663.822149;1248
Мурманская область;2017;422.6012896;601
Новгородская область;2017;1990.345668;406
Псковская область;2017;1252.182742;441
г. Санкт-Петербург;2017;3071.977634;3418
Южный             федеральный округ;2017;16817.38773;20221
Республика Адыгея;2017;378.1919889;123
Республика Калмыкия;2017;59.9568545;267
Республика Крым;2017;923.6498532;2384
Краснодарский край;2017;7421.338654;4232
Астраханская область;2017;317.8248415;4491
Волгоградская область;2017;2170.313905;4861
Ростовская область;2017;5521.047882;3458
г. Севастополь;2017;25.0637532;405
Северо-Кавказский        федеральный округ;2017;3368.353877;4725
Республика Дагестан;2017;481.9868289;1088
Республика Ингушетия;2017;11.1015205;104
Кабардино-Балкарская Республика;2017;75.9842791;523
Карачаево-Черкесская Республика;2017;455.4063234;160
Республика Северная Осетия - Алания;2017;97.796254;556
Чеченская Республика;2017;362.5007272;390
Ставропольский край;2017;1883.577944;1905
Приволжский федеральный округ;2017;37327.8972;29888
Республика Башкортостан;2017;2897.09811;4161
Республика Марий Эл;2017;578.3020744;117
Республика Мордовия;2017;5068.056457;498
Республика Татарстан;2017;6206.359045;2710
Удмуртская Республика;2017;1884.855844;1081
Чувашская Республика;2017;960.0342307;873
Пермский край;2017;3063.994898;4313
Кировская область;2017;1509.23517;814
Нижегородская область ;2017;3192.727823;4271
Оренбургская область;2017;2070.15021;2048
Пензенская область;2017;2534.622681;1555
Самарская область;2017;3624.198073;2733
Саратовская область;2017;2591.533162;3278
Ульяновская область;2017;1146.72942;1435
Уральский         федеральный округ;2017;20869.7212;8275
Курганская область;2017;736.830906;480
Свердловская область ;2017;5821.981436;2903
Тюменская область;2017;10492.53733;3292
в том числе:;2017;0;0
Ханты-Мансийский автономный округ - Югра;2017;4476.451979;1334
Ямало-Ненецкий автономный округ;2017;1611.014947;251
Тюменская область  без автономных округов;2017;4405.070408;1707
Челябинская область;2017;3818.371525;1600
Сибирский        федеральный округ;2017;15819.90281;16340
Республика Алтай;2017;133.8697044;93
Республика Тыва;2017;181.8488071;643
Республика Хакасия;2017;297.9643908;372
Алтайский край;2017;1844.206291;1803
Красноярский край;2017;3077.344768;2792
Иркутская область;2017;2381.370141;2156
Кемеровская область;2017;1236.776516;3450
Новосибирская область ;2017;2313.578999;3107
Омская область;2017;1555.015249;1270
Томская область;2017;2797.927945;655
Дальневосточный федеральный округ;2017;6945.115304;6503
Республика Бурятия;2017;493.7823851;1729
Республика Саха (Якутия);2017;1907.526825;490
Забайкальский край;2017;743.2632377;719
Камчатский край;2017;47.2992353;410
Приморский край;2017;1201.367447;1052
Хабаровский край ;2017;975.2194278;1290
Амурская область;2017;644.721821;357
Магаданская область;2017;263.8539454;62
Сахалинская область;2017;402.6855772;301
Еврейская автономная область;2017;217.4281528;88
Чукотский автономный округ;2017;47.9672499;6
Центральный федеральный округ;2018;45326.97251;27970
Белгородская область;2018;3954.537607;873
Брянская область;2018;4568.895634;667
Владимирская область;2018;789.4476215;784
Воронежская область;2018;2922.771843;2579
Ивановская область;2018;815.2804416;539
Калужская область;2018;808.1976239;455
Костромская область;2018;715.5104554;600
Курская область;2018;1269.878966;748
Липецкая область;2018;1267.518648;832
Московская область;2018;6360.208029;8001
Орловская область;2018;1661.597683;447
Рязанская область;2018;725.8185105;856
Смоленская область;2018;6116.401504;521
Тамбовская область;2018;2980.267843;888
Тверская область;2018;1745.155487;519
Тульская область;2018;1833.403409;1106
Ярославская область;2018;1075.778381;1398
г. Москва;2018;5716.302822;6156
Северо-Западный федеральный округ;2018;18411.67487;9500
Республика Карелия;2018;839.8798085;382
Республика Коми;2018;1137.771238;566
Архангельская область;2018;1466.930418;804
в том числе: ;2018;0;0
Ненецкий автономный округ;2018;31;12
Архангельская область без автономного округа;2018;1436;792
Вологодская область;2018;1695.855496;654
Калининградская область;2018;1878.425762;816
Ленинградская область;2018;3572.069096;1267
Мурманская область;2018;391.2774861;674
Новгородская область;2018;2292.554224;390
Псковская область;2018;1131.391696;440
г. Санкт-Петербург;2018;4005.519646;3507
Южный             федеральный округ;2018;18326.75825;19830
Республика Адыгея;2018;386.1084859;111
Республика Калмыкия;2018;97.063509;265
Республика Крым;2018;1061.081104;2458
Краснодарский край;2018;8191.177408;4157
Астраханская область;2018;318.6776555;4592
Волгоградская область;2018;2228.437556;4867
Ростовская область;2018;5995.187472;3055
г. Севастополь;2018;49.0250539;325
Северо-Кавказский        федеральный округ;2018;3642.492545;4819
Республика Дагестан;2018;510.5634893;1182
Республика Ингушетия;2018;28.8448659;57
Кабардино-Балкарская Республика;2018;62.2056899;515
Карачаево-Черкесская Республика;2018;532.9799527;295
Республика Северная Осетия - Алания;2018;72.0426114;578
Чеченская Республика;2018;346.7644021;392
Ставропольский край;2018;2089.091534;1800
Приволжский федеральный округ;2018;39858.46392;30279
Республика Башкортостан;2018;2875.163092;3982
Республика Марий Эл;2018;654.3531555;127
Республика Мордовия;2018;7050.079486;575
Республика Татарстан;2018;6347.509078;2572
Удмуртская Республика;2018;1808.482537;1180
Чувашская Республика;2018;1017.2182;727
Пермский край;2018;3203.700444;4071
Кировская область;2018;1712.151504;786
Нижегородская область ;2018;3691.387163;4135
Оренбургская область;2018;2098.635779;1957
Пензенская область;2018;2639.499419;1621
Самарская область;2018;3209.935437;3544
Саратовская область;2018;2482.755815;3561
Ульяновская область;2018;1067.592808;1441
Уральский         федеральный округ;2018;22345.85129;8606
Курганская область;2018;806.7233283;463
Свердловская область ;2018;6696.560054;3006
Тюменская область;2018;9007.200644;3554
в том числе:;2018;0;0
Ханты-Мансийский автономный округ - Югра;2018;4168;1533
Ямало-Ненецкий автономный округ;2018;1346;206
Тюменская область  без автономных округов;2018;3494;1814
Челябинская область;2018;5835.367267;1583
Сибирский        федеральный округ;2018;17135.63876;15521
Республика Алтай;2018;155.6708639;94
Республика Тыва;2018;240.8680167;687
Республика Хакасия;2018;278.1832717;367
Алтайский край;2018;2109.906272;1808
Красноярский край;2018;3019.955806;2563
Иркутская область;2018;2421.78726;1902
Кемеровская область;2018;1169.402923;3200
Новосибирская область ;2018;3159.027802;3142
Омская область;2018;1693.203487;1207
Томская область;2018;2887.633059;551
Дальневосточный федеральный округ;2018;6618.755262;6010
Республика Бурятия;2018;569.5054353;1672
Республика Саха (Якутия);2018;1933.062193;468
Забайкальский край;2018;714.6269839;650
Камчатский край;2018;37.9232408;368
Приморский край;2018;1130.447876;943
Хабаровский край ;2018;883.8041603;1119
Амурская область;2018;608.0735619;356
Магаданская область;2018;262.0924496;60
Сахалинская область;2018;362.168873;286
Еврейская автономная область;2018;88.5206278;82
Чукотский автономный округ;2018;28.5298597;6
Центральный федеральный округ;2019;50694.76663;28382
Белгородская область;2019;4229.31947;823
Брянская область;2019;4511.110112;665
Владимирская область;2019;942.3122411;720
Воронежская область;2019;4249.098368;2406
Ивановская область;2019;865.5560789;542
Калужская область;2019;999.8524945;507
Костромская область;2019;703.9803944;538
Курская область;2019;1290.922334;726
Липецкая область;2019;1566.052243;787
Московская область;2019;7609.716154;7875
Орловская область;2019;1796.927943;441
Рязанская область;2019;823.9355319;795
Смоленская область;2019;6829.132811;529
Тамбовская область;2019;3193.8689;933
Тверская область;2019;2282.276922;483
Тульская область;2019;1821.798822;1131
Ярославская область;2019;1344.138523;1287
г. Москва;2019;5634.767284;7194
Северо-Западный федеральный округ;2019;24248;9476
Республика Карелия;2019;791.4997223;396
Республика Коми;2019;1089.018995;483
Архангельская область;2019;1993;846
в том числе: ;2019;0;0
Ненецкий автономный округ;2019;17;15
Архангельская область без автономного округа;2019;1976;831
Вологодская область;2019;2378.243039;570
Калининградская область;2019;1919.080826;761
Ленинградская область;2019;3600.647982;1398
Мурманская область;2019;404.3417329;671
Новгородская область;2019;2366.0849;379
Псковская область;2019;1165.492673;395
г. Санкт-Петербург;2019;8540.482077;3579
Южный             федеральный округ;2019;18935.03068;20168
Республика Адыгея;2019;772.4399882;118
Республика Калмыкия;2019;106.3561472;279
Республика Крым;2019;690.5082523;2380
Краснодарский край;2019;8038.798683;3978
Астраханская область;2019;367.7251962;4652
Волгоградская область;2019;2510.21335;4780
Ростовская область;2019;6394.747864;3307
г. Севастополь;2019;54.2411962;675
Северо-Кавказский        федеральный округ;2019;3951.735393;4234
Республика Дагестан;2019;375.1123143;802
Республика Ингушетия;2019;29.6942618;38
Кабардино-Балкарская Республика;2019;53.8060063;509
Карачаево-Черкесская Республика;2019;297.2709954;283
Республика Северная Осетия - Алания;2019;77.7362732;575
Чеченская Республика;2019;320.7303049;410
Ставропольский край;2019;2797.385237;1617
Приволжский федеральный округ;2019;42920.28148;30845
Республика Башкортостан;2019;2982.461558;4330
Республика Марий Эл;2019;652.7412101;131
Республика Мордовия;2019;3628.919205;533
Республика Татарстан;2019;8450.855572;2502
Удмуртская Республика;2019;1887.390198;1216
Чувашская Республика;2019;1159.628537;823
Пермский край;2019;4043.843351;4567
Кировская область;2019;1910.891095;755
Нижегородская область ;2019;4803.142704;4041
Оренбургская область;2019;2650.638545;2102
Пензенская область;2019;2408.84558;1495
Самарская область;2019;4334.227087;3644
Саратовская область;2019;2375.015599;3248
Ульяновская область;2019;1631.681237;1458
Уральский         федеральный округ;2019;22324.7312;8114
Курганская область;2019;843.6859238;443
Свердловская область ;2019;8153.991144;2913
Тюменская область;2019;7936.256462;3276
в том числе:;2019;0;0
Ханты-Мансийский автономный округ - Югра;2019;4006.900651;1208
Ямало-Ненецкий автономный округ;2019;1207.6647;215
Тюменская область  без автономных округов;2019;2721.691111;1853
Челябинская область;2019;5390.79767;1481
Сибирский        федеральный округ;2019;19758.37703;15512
Республика Алтай;2019;99.1447314;87
Республика Тыва;2019;295.4674025;803
Республика Хакасия;2019;389.3215172;395
Алтайский край;2019;2137.084211;1825
Красноярский край;2019;3388.118391;2572
Иркутская область;2019;2419.323547;2063
Кемеровская область;2019;1182.912128;2964
Новосибирская область ;2019;4714.447511;3163
Омская область;2019;2373.227279;1182
Томская область;2019;2759.330313;447
Дальневосточный федеральный округ;2019;7058.347722;5762
Республика Бурятия;2019;603.2840723;1615
Республика Саха (Якутия);2019;2214.861463;505
Забайкальский край;2019;604.5734263;608
Камчатский край;2019;30.007131;303
Приморский край;2019;1247.891343;941
Хабаровский край ;2019;904.0712744;960
Амурская область;2019;627.0484022;375
Магаданская область;2019;333.8586358;54
Сахалинская область;2019;345.0425373;330
Еврейская автономная область;2019;125.0935513;66
Чукотский автономный округ;2019;22.6158858;6
Центральный федеральный округ;2020;51746.7854;20412
Белгородская область;2020;3884.406003;775
Брянская область;2020;1395.868568;525
Владимирская область;2020;1035.117657;598
Воронежская область;2020;3711.435457;1806
Ивановская область;2020;721.4753446;484
Калужская область;2020;989.0192493;594
Костромская область;2020;738.0136133;350
Курская область;2020;1497.554043;488
Липецкая область;2020;1556.810549;557
Московская область;2020;10761.92679;5997
Орловская область;2020;1560.051978;390
Рязанская область;2020;930.5134035;493
Смоленская область;2020;7387.708179;305
Тамбовская область;2020;1484.649675;751
Тверская область;2020;2260.884259;669
Тульская область;2020;1719.727417;840
Ярославская область;2020;1444.263761;836
г. Москва;2020;8667.359458;3953
Северо-Западный федеральный округ;2020;23661.17329;6536
Республика Карелия;2020;771.6640425;185
Республика Коми;2020;1194.735404;340
Архангельская область;2020;3052.806087;528
в том числе: ;2020;0;0
Ненецкий автономный округ;2020;28.339119;15
Архангельская область без автономного округа;2020;3024.466968;514
Вологодская область;2020;2158.701747;485
Калининградская область;2020;1750.617452;547
Ленинградская область;2020;1847.43518;979
Мурманская область;2020;420.6498863;458
Новгородская область;2020;1850.87583;303
Псковская область;2020;1189.207922;265
г. Санкт-Петербург;2020;9424.479736;2446
Южный             федеральный округ;2020;18971.67627;13701
Республика Адыгея;2020;680.745557;73
Республика Калмыкия;2020;90.0538423;153
Республика Крым;2020;592.791209;1562
Краснодарский край;2020;8311.737223;2512
Астраханская область;2020;316.8597868;3192
Волгоградская область;2020;2472.352755;3253
Ростовская область;2020;6461.353872;2257
г. Севастополь;2020;45.7820237;699
Северо-Кавказский        федеральный округ;2020;3129.002781;2476
Республика Дагестан;2020;487.2591748;569
Республика Ингушетия;2020;61.7180219;27
Кабардино-Балкарская Республика;2020;42.2466859;333
Карачаево-Черкесская Республика;2020;208.6333706;174
Республика Северная Осетия - Алания;2020;38.732291;273
Чеченская Республика;2020;476.7576968;214
Ставропольский край;2020;1813.65554;888
Приволжский федеральный округ;2020;44534.98853;22148
Республика Башкортостан;2020;3100.664655;3382
Республика Марий Эл;2020;570.8834932;110
Республика Мордовия;2020;3456.321688;298
Республика Татарстан;2020;11814.22937;1742
Удмуртская Республика;2020;2067.754879;925
Чувашская Республика;2020;1177.942638;751
Пермский край;2020;3861.168695;3134
Кировская область;2020;1938.444113;514
Нижегородская область ;2020;4834.717988;2168
Оренбургская область;2020;1832.379903;1384
Пензенская область;2020;2172.417634;1098
Самарская область;2020;3881.315618;3100
Саратовская область;2020;2311.69401;2474
Ульяновская область;2020;1515.053845;1067
Уральский         федеральный округ;2020;21355.19445;6097
Курганская область;2020;755.4717237;331
Свердловская область ;2020;8910.794536;2169
Тюменская область;2020;7641.968003;2504
в том числе:;2020;0;0
Ханты-Мансийский автономный округ - Югра;2020;3931.802611;922
Ямало-Ненецкий автономный округ;2020;1178.65249;293
Тюменская область  без автономных округов;2020;2531.512903;1289
Челябинская область;2020;4046.960188;1093
Сибирский        федеральный округ;2020;20096.53404;12738
Республика Алтай;2020;95.9351371;121
Республика Тыва;2020;125.2918423;539
Республика Хакасия;2020;449.6317892;324
Алтайский край;2020;2262.615402;1250
Красноярский край;2020;3953.702889;2004
Иркутская область;2020;2305.008534;1506
Кемеровская область;2020;1220.895238;2824
Новосибирская область ;2020;5216.908897;2456
Омская область;2020;2306.981752;960
Томская область;2020;2159.562554;754
Дальневосточный федеральный округ;2020;7589.039836;4263
Республика Бурятия;2020;563.3898526;981
Республика Саха (Якутия);2020;2033.54318;254
Забайкальский край;2020;374.7857175;518
Камчатский край;2020;30.4092041;238
Приморский край;2020;1176.224386;736
Хабаровский край ;2020;1409.966501;710
Амурская область;2020;563.4284895;394
Магаданская область;2020;675.3764457;43
Сахалинская область;2020;594.3747872;336
Еврейская автономная область;2020;128.4062937;48
Чукотский автономный округ;2020;39.134979;6
Центральный федеральный округ;2021;59164.11191;27938
Белгородская область;2021;4099.152509;900
Брянская область;2021;1385.627078;846
Владимирская область;2021;1504.407475;1119
Воронежская область;2021;5563.738134;2138
Ивановская область;2021;766.7497019;579
Калужская область;2021;1051.99961;729
Костромская область;2021;801.5998631;347
Курская область;2021;1597.625019;597
Липецкая область;2021;1879.696704;692
Московская область;2021;13141.6115;9243
Орловская область;2021;1583.440102;511
Рязанская область;2021;1045.329019;615
Смоленская область;2021;8208.471419;425
Тамбовская область;2021;1465.358791;757
Тверская область;2021;2781.23471;798
Тульская область;2021;2108.844396;908
Ярославская область;2021;1791.060165;1378
г. Москва;2021;8388.165716;5354
Северо-Западный федеральный округ;2021;29628.16446;8906
Республика Карелия;2021;778.5249819;211
Республика Коми;2021;1503.108166;383
Архангельская область;2021;2668.603874;549
в том числе: ;2021;0;0
Ненецкий автономный округ;2021;58.299028;17
Архангельская область без автономного округа;2021;2610.304846;532
Вологодская область;2021;3091.821809;696
Калининградская область;2021;1680.317776;1504
Ленинградская область;2021;2289.806456;1086
Мурманская область;2021;386.7428785;474
Новгородская область;2021;1831.73205;308
Псковская область;2021;1323.087718;361
г. Санкт-Петербург;2021;14074.41875;3334
Южный             федеральный округ;2021;21708.97176;11931
Республика Адыгея;2021;777.0579169;106
Республика Калмыкия;2021;49.6812523;170
Республика Крым;2021;729.7840368;2056
Краснодарский край;2021;10319.62209;3118
Астраханская область;2021;343.8122525;987
Волгоградская область;2021;2572.094856;1365
Ростовская область;2021;6873.17309;3332
г. Севастополь;2021;43.7462723;797
Северо-Кавказский        федеральный округ;2021;3374.928766;2814
Республика Дагестан;2021;489.0538829;491
Республика Ингушетия;2021;62.6518272;39
Кабардино-Балкарская Республика;2021;21.6995212;234
Карачаево-Черкесская Республика;2021;189.0717163;175
Республика Северная Осетия - Алания;2021;96.6621186;459
Чеченская Республика;2021;667.8569832;561
Ставропольский край;2021;1847.932716;854
Приволжский федеральный округ;2021;48339.29998;22450
Республика Башкортостан;2021;3656.105409;3721
Республика Марий Эл;2021;590.8546232;169
Республика Мордовия;2021;3345.821212;285
Республика Татарстан;2021;13993.70418;2195
Удмуртская Республика;2021;2331.647374;1049
Чувашская Республика;2021;1055.603367;1281
Пермский край;2021;3755.369662;2764
Кировская область;2021;2206.436521;616
Нижегородская область ;2021;5382.564364;2651
Оренбургская область;2021;2270.79652;859
Пензенская область;2021;2018.014329;833
Самарская область;2021;3392.549334;3280
Саратовская область;2021;2381.161018;2270
Ульяновская область;2021;1958.672069;477
Уральский         федеральный округ;2021;24934.79885;7312
Курганская область;2021;824.3308604;401
Свердловская область ;2021;11807.1547;2864
Тюменская область;2021;7671.96281;2867
в том числе:;2021;0;0
Ханты-Мансийский автономный округ - Югра;2021;4492.736308;922
Ямало-Ненецкий автономный округ;2021;1067.407067;296
Тюменская область  без автономных округов;2021;2111.819435;1649
Челябинская область;2021;4631.350481;1179
Сибирский        федеральный округ;2021;20079.14002;14495
Республика Алтай;2021;111.2234769;249
Республика Тыва;2021;99.0302691;199
Республика Хакасия;2021;541.8685383;247
Алтайский край;2021;2341.748761;1300
Красноярский край;2021;4284.928466;2350
Иркутская область;2021;2455.874485;1726
Кемеровская область;2021;989.7463957;2906
Новосибирская область ;2021;5584.854233;2623
Омская область;2021;1379.91694;1808
Томская область;2021;2289.948454;1087
Дальневосточный федеральный округ;2021;7593.322225;5497
Республика Бурятия;2021;632.5502532;983
Республика Саха (Якутия);2021;1881.232067;288
Забайкальский край;2021;427.3950469;989
Камчатский край;2021;39.4605478;310
Приморский край;2021;1267.260164;1066
Хабаровский край ;2021;1285.379156;779
Амурская область;2021;609.1902913;540
Магаданская область;2021;665.7401655;59
Сахалинская область;2021;654.9654366;391
Еврейская автономная область;2021;114.2869754;79
Чукотский автономный округ;2021;15.8621205;13
