Субъекты РФ;Год;Доходы консолидированных бюджетов субъектов российской федерации (млн. руб.);Расходы консолидированных бюджетов субъектов российской федерации (млн. руб.)
Центральный федеральный округ;2000;0;0
Белгородская область;2000;5396.8;5203.9
Брянская область;2000;4178;4152.3
Владимирская область;2000;4784.7;4626.4
Воронежская область;2000;6323.1;6598.7
Ивановская область;2000;3483.5;3321.1
Калужская область;2000;5190.4;5168.3
Костромская область;2000;2601.1;2637.3
Курская область;2000;4445;4331.3
Липецкая область;2000;8503.9;7602.5
Московская область;2000;35212.4;32872.8
Орловская область;2000;4480.5;4426.6
Рязанская область;2000;3953.5;3878.3
Смоленская область;2000;3822.6;3832
Тамбовская область;2000;3377.7;3272.4
Тверская область;2000;5451.4;5502.7
Тульская область;2000;6006.5;5772.6
Ярославская область;2000;6960;6719.2
г. Москва;2000;195851.5;173216.9
Северо-Западный федеральный округ;2000;0;0
Республика Карелия;2000;5483.8;5298.2
Республика Коми;2000;10345.1;10195.6
Архангельская область;2000;6617.8;6517.1
Вологодская область;2000;9536;9227.7
Калининградская область;2000;4418.4;4441
Ленинградская область;2000;9253.6;8804.6
Мурманская область;2000;6777.8;6673.2
Новгородская область;2000;3325.3;3267.7
Псковская область;2000;3232.6;3390.6
г. Санкт-Петербург;2000;37865.3;36228.3
Ненецкий автономный округ;2000;2168.1;1911.7
Южный               федеральный округ;2000;0;0
Республика Адыгея;2000;1397.6;1482.5
Республика Калмыкия;2000;1220.3;1246.3
Республика Крым;2000;0;0
Краснодарский край;2000;17006.1;16718.4
Астраханская область;2000;3919.1;3811.4
Волгоградская область;2000;9564.3;10260
Ростовская область;2000;12523.8;12428.4
г. Севастополь;2000;0;0
Северо-Кавказский      федеральный округ;2000;0;0
Республика Дагестан;2000;8789.6;8482.3
Республика Ингушетия;2000;2139.6;2113.9
Кабардино-Балкарская Республика;2000;3460.4;3671.6
Карачаево-Черкесская Республика;2000;1244.6;1213.6
Республика Северная   Осетия – Алания ;2000;2598.8;2582.3
Чеченская Республика;2000;5.5;5.4
Ставропольский край;2000;7586.6;7199.5
Приволжский    федеральный округ;2000;0;0
Республика Башкортостан;2000;42768.1;41342.4
Республика Марий Эл;2000;1971.7;2007.9
Республика Мордовия;2000;4536.1;4574.8
Республика Татарстан;2000;59164.8;58250.3
Удмуртская Республика;2000;9297.8;8963.3
Чувашская Республика;2000;3998.6;3962.9
Пермский край;2000;21183;20859.8
Кировская область;2000;5011.1;5198.1
Нижегородская область;2000;11674.8;12942.4
Оренбургская область;2000;11432.5;14149.1
Пензенская область;2000;3518.4;3395.6
Самарская область;2000;18555.8;17998.4
Саратовская область;2000;8041.2;8142.4
Ульяновская область;2000;3664.5;4047.6
Уральский        федеральный округ;2000;0;0
Курганская область;2000;3269.5;3412.2
Свердловская область;2000;22482.9;21726.9
Тюменская область;2000;13853.6;13420
Челябинская область;2000;16115.5;16537.8
Ханты-Мансийский      автономный округ – Югра;2000;94519.2;88244.9
Ямало-Ненецкий автономный округ;2000;29564.2;29948.9
Сибирский     федеральный округ;2000;0;0
Республика Алтай;2000;924.2;972.1
Республика Тыва;2000;1606.4;1505.5
Республика Хакасия;2000;2253.9;2284.6
Алтайский край;2000;8699.7;8821.2
Красноярский край;2000;29972.3;28854.1
Иркутская область;2000;15780.7;15985.5
Кемеровская область;2000;15556.6;15154.7
Новосибирская область;2000;9538.4;10337.1
Омская область;2000;7214.6;6888.5
Томская область;2000;6859;6967.8
Дальневосточный федеральный округ;2000;0;0
Республика Бурятия;2000;4288.4;5440.1
Республика Саха (Якутия);2000;24973.2;24323.5
Забайкальский край;2000;4754.5;4898.1
Камчатский край;2000;4806.8;4539.3
Приморский край;2000;9629.9;10269.6
Хабаровский край;2000;10832.5;11700.6
Амурская область;2000;4376.8;5010.8
Магаданская область;2000;3611.9;3804.2
Сахалинская область;2000;6075;5927.1
Еврейская автономная    область;2000;1017.5;982.2
Чукотский автономный округ;2000;2035;2038
Центральный федеральный округ;2001;0;0
Белгородская область;2001;7236.3;7562.8
Брянская область;2001;6085.5;5952.8
Владимирская область;2001;7347.1;7317.6
Воронежская область;2001;9042.5;9851.1
Ивановская область;2001;5724.2;5696.2
Калужская область;2001;6641.3;6684.5
Костромская область;2001;3657.4;3735.4
Курская область;2001;5372.8;5374.2
Липецкая область;2001;7858.3;8189.2
Московская область;2001;51310;51883.6
Орловская область;2001;5462.5;5916.3
Рязанская область;2001;6093;5941.3
Смоленская область;2001;5364;5551.7
Тамбовская область;2001;4932.5;4887.5
Тверская область;2001;7782.4;7701.7
Тульская область;2001;8483;8610
Ярославская область;2001;9352.9;9427.3
г. Москва;2001;233396.2;228744
Северо-Западный федеральный округ;2001;0;0
Республика Карелия;2001;6150.2;6279.8
Республика Коми;2001;12772.8;12823
Архангельская область;2001;9810.4;9866
Вологодская область;2001;10649.7;11428.9
Калининградская область;2001;5459.9;5430.5
Ленинградская область;2001;12491.3;12366.6
Мурманская область;2001;7567.4;8089.6
Новгородская область;2001;4067.6;4144.9
Псковская область;2001;4511;4526.6
г. Санкт-Петербург;2001;51815.3;49519.4
Ненецкий автономный округ;2001;2733.3;2750.4
Южный               федеральный округ;2001;0;0
Республика Адыгея;2001;2214.6;2221.7
Республика Калмыкия;2001;1892.1;1834.3
Республика Крым;2001;0;0
Краснодарский край;2001;25159.7;25246.6
Астраханская область;2001;4783.7;4821.9
Волгоградская область;2001;12356.8;12225.5
Ростовская область;2001;20192.2;20034.3
г. Севастополь;2001;0;0
Северо-Кавказский      федеральный округ;2001;0;0
Республика Дагестан;2001;11587.9;11481.6
Республика Ингушетия;2001;2375.3;2425.7
Кабардино-Балкарская Республика;2001;4896;4760.9
Карачаево-Черкесская Республика;2001;1975.5;1975.2
Республика Северная   Осетия – Алания ;2001;4512.4;4548.6
Чеченская Республика;2001;3109.9;2742.1
Ставропольский край;2001;10945.5;10771.8
Приволжский    федеральный округ;2001;0;0
Республика Башкортостан;2001;35472.3;36324.5
Республика Марий Эл;2001;3208.6;3244.1
Республика Мордовия;2001;6457;6631.1
Республика Татарстан;2001;56385.2;55320.4
Удмуртская Республика;2001;11912.2;11695.2
Чувашская Республика;2001;6294.4;6227
Пермский край;2001;25716.8;25745.9
Кировская область;2001;7440.6;7613.7
Нижегородская область;2001;19150.1;18697.6
Оренбургская область;2001;12007.6;12115.9
Пензенская область;2001;5757.8;5678
Самарская область;2001;27238.7;27454.6
Саратовская область;2001;11802.1;11843.1
Ульяновская область;2001;5936.2;5985.2
Уральский        федеральный округ;2001;0;0
Курганская область;2001;4794.2;4511.6
Свердловская область;2001;28713.5;28757.4
Тюменская область;2001;18112.8;17946.7
Челябинская область;2001;19198;20136.9
Ханты-Мансийский      автономный округ – Югра;2001;84804.5;91664.5
Ямало-Ненецкий автономный округ;2001;35437.7;34036.9
Сибирский     федеральный округ;2001;0;0
Республика Алтай;2001;2490.9;2368.7
Республика Тыва;2001;3185.3;3118.9
Республика Хакасия;2001;2963.3;2934.3
Алтайский край;2001;12880.5;13503.6
Красноярский край;2001;33724.9;36098.1
Иркутская область;2001;19748.3;19856.7
Кемеровская область;2001;18519.8;18389.5
Новосибирская область;2001;16577;17973
Омская область;2001;11369.7;11476
Томская область;2001;7767.7;8825.6
Дальневосточный федеральный округ;2001;0;0
Республика Бурятия;2001;7480.2;7786.5
Республика Саха (Якутия);2001;35610.9;33348.6
Забайкальский край;2001;8288.3;8544.7
Камчатский край;2001;5930;6549.9
Приморский край;2001;15608;15902.6
Хабаровский край;2001;17992.4;18394.9
Амурская область;2001;8113;8430.4
Магаданская область;2001;5122.8;5365.7
Сахалинская область;2001;7180.4;7608.7
Еврейская автономная    область;2001;1861.3;1824.7
Чукотский автономный округ;2001;4245.8;4170.7
Центральный федеральный округ;2002;0;0
Белгородская область;2002;10173.4;10560.2
Брянская область;2002;8223.1;8419.9
Владимирская область;2002;10133.9;10078.9
Воронежская область;2002;13412;15624.7
Ивановская область;2002;7909.4;8067.2
Калужская область;2002;8550.8;8769.5
Костромская область;2002;5609;5783
Курская область;2002;7111.1;7486.6
Липецкая область;2002;11016.3;9812.6
Московская область;2002;60793.6;64188.8
Орловская область;2002;5884;6109.3
Рязанская область;2002;9314.4;9481.8
Смоленская область;2002;6908.4;7296.5
Тамбовская область;2002;6990.8;7281.7
Тверская область;2002;10111;10776.2
Тульская область;2002;12014;12723.1
Ярославская область;2002;13777.6;13751.7
г. Москва;2002;281855.4;303929.2
Северо-Западный федеральный округ;2002;0;0
Республика Карелия;2002;7767.2;8446.7
Республика Коми;2002;15146.8;17211.6
Архангельская область;2002;12541.9;12685.7
Вологодская область;2002;13040.8;12998.4
Калининградская область;2002;7782.2;7936.5
Ленинградская область;2002;16626.4;15963.1
Мурманская область;2002;11086.7;12264.5
Новгородская область;2002;4778.7;4943.1
Псковская область;2002;6439.1;6120.3
г. Санкт-Петербург;2002;66613.7;65552.4
Ненецкий автономный округ;2002;2201.1;2442.8
Южный               федеральный округ;2002;0;0
Республика Адыгея;2002;3820.1;3747.9
Республика Калмыкия;2002;2642;2778.2
Республика Крым;2002;0;0
Краснодарский край;2002;40487.3;40181.7
Астраханская область;2002;6632.8;7059
Волгоградская область;2002;16070.4;16364.5
Ростовская область;2002;26675;26567.6
г. Севастополь;2002;0;0
Северо-Кавказский      федеральный округ;2002;0;0
Республика Дагестан;2002;15754.8;15972.3
Республика Ингушетия;2002;4876.9;4741.4
Кабардино-Балкарская Республика;2002;5941.4;6570
Карачаево-Черкесская Республика;2002;3590.9;3425.2
Республика Северная   Осетия – Алания ;2002;5802.5;5854.5
Чеченская Республика;2002;7555.5;6683.3
Ставропольский край;2002;18067.3;18320.7
Приволжский    федеральный округ;2002;0;0
Республика Башкортостан;2002;37500.3;38057.1
Республика Марий Эл;2002;4614.3;4897.7
Республика Мордовия;2002;8533;9319.9
Республика Татарстан;2002;55253;54881.3
Удмуртская Республика;2002;13942.7;14757.3
Чувашская Республика;2002;9003.8;9205.6
Пермский край;2002;26996.8;27604.4
Кировская область;2002;9867.7;10498.4
Нижегородская область;2002;23991;24353.8
Оренбургская область;2002;15294.5;15819.8
Пензенская область;2002;8557.9;8447.2
Самарская область;2002;30460.3;30171.2
Саратовская область;2002;16342.3;16178.9
Ульяновская область;2002;8197.3;9192.3
Уральский        федеральный округ;2002;0;0
Курганская область;2002;6938;7050.8
Свердловская область;2002;35446.8;36091.3
Тюменская область;2002;23565.7;22943
Челябинская область;2002;24544.6;24393.4
Ханты-Мансийский      автономный округ – Югра;2002;82499.8;87931.2
Ямало-Ненецкий автономный округ;2002;43140.5;41164
Сибирский     федеральный округ;2002;0;0
Республика Алтай;2002;3685.6;3606.8
Республика Тыва;2002;4533.3;4720.2
Республика Хакасия;2002;4405.4;4768.5
Алтайский край;2002;17024.4;17054.9
Красноярский край;2002;40525.4;44325
Иркутская область;2002;24095;25526.7
Кемеровская область;2002;25554.8;26091.6
Новосибирская область;2002;21318.1;22381.2
Омская область;2002;14710.8;14779.5
Томская область;2002;10981.1;10762.9
Дальневосточный федеральный округ;2002;0;0
Республика Бурятия;2002;10988;11714.7
Республика Саха (Якутия);2002;35791.7;37042
Забайкальский край;2002;12799.3;13241
Камчатский край;2002;8585.9;9250
Приморский край;2002;20598.4;20510.5
Хабаровский край;2002;20507.5;21929.8
Амурская область;2002;10000.7;10562.7
Магаданская область;2002;6646.3;6998.6
Сахалинская область;2002;9252.3;9808.3
Еврейская автономная    область;2002;2398.9;2312.7
Чукотский автономный округ;2002;7538.1;6455.7
Центральный федеральный округ;2003;0;0
Белгородская область;2003;10910;11759.5
Брянская область;2003;9528.8;9740.7
Владимирская область;2003;11659;11966.9
Воронежская область;2003;16403.6;17800.8
Ивановская область;2003;9007.9;9079.4
Калужская область;2003;10558.8;10574.5
Костромская область;2003;6508.8;7397.5
Курская область;2003;8480.5;8600.3
Липецкая область;2003;14206;14051.2
Московская область;2003;76495.7;82804.3
Орловская область;2003;7655.7;7405.4
Рязанская область;2003;11577.6;11402.6
Смоленская область;2003;7703.5;7853.5
Тамбовская область;2003;8594.1;8516.6
Тверская область;2003;11581.9;11739.6
Тульская область;2003;13542.2;15020.1
Ярославская область;2003;15370;16449.6
г. Москва;2003;338977.5;356061.5
Северо-Западный федеральный округ;2003;0;0
Республика Карелия;2003;8489.3;9857.6
Республика Коми;2003;16340;17282.6
Архангельская область;2003;15299;15793
Вологодская область;2003;16850.4;16748.6
Калининградская область;2003;9317.5;9712.3
Ленинградская область;2003;18095.3;18970.5
Мурманская область;2003;12421.6;13679.6
Новгородская область;2003;5949.1;6357.3
Псковская область;2003;7051.9;7571.7
г. Санкт-Петербург;2003;77237.2;78329.7
Ненецкий автономный округ;2003;2977.6;2984.5
Южный               федеральный округ;2003;0;0
Республика Адыгея;2003;3979.8;4001.2
Республика Калмыкия;2003;4050.6;3869.4
Республика Крым;2003;0;0
Краснодарский край;2003;43510.7;44914.6
Астраханская область;2003;8171.8;8693.8
Волгоградская область;2003;19492.2;20215.3
Ростовская область;2003;30563.7;30218.8
г. Севастополь;2003;0;0
Северо-Кавказский      федеральный округ;2003;0;0
Республика Дагестан;2003;16878.3;17170.5
Республика Ингушетия;2003;4104.2;4097.7
Кабардино-Балкарская Республика;2003;5483.9;5743.6
Карачаево-Черкесская Республика;2003;3373.5;3584.7
Республика Северная   Осетия – Алания ;2003;6318.3;6354.1
Чеченская Республика;2003;9115.6;10187.4
Ставропольский край;2003;19283.8;18953.4
Приволжский    федеральный округ;2003;0;0
Республика Башкортостан;2003;50265.3;48106.9
Республика Марий Эл;2003;5625.3;5506.2
Республика Мордовия;2003;12217.6;12127.9
Республика Татарстан;2003;56886.8;58317.1
Удмуртская Республика;2003;15330.7;15883.2
Чувашская Республика;2003;11237.2;11482.6
Пермский край;2003;31822.6;30900.3
Кировская область;2003;12130;12796.8
Нижегородская область;2003;26320.6;28128.5
Оренбургская область;2003;17779.9;18279.6
Пензенская область;2003;10230.7;10397
Самарская область;2003;32578.7;34580.5
Саратовская область;2003;20928.8;20451.8
Ульяновская область;2003;8696.6;9728
Уральский        федеральный округ;2003;0;0
Курганская область;2003;8441.7;8408.8
Свердловская область;2003;40579.9;41885.5
Тюменская область;2003;26613.7;25241.2
Челябинская область;2003;33140.3;28727.6
Ханты-Мансийский      автономный округ – Югра;2003;96918.2;96707.9
Ямало-Ненецкий автономный округ;2003;49766.7;49738.3
Сибирский     федеральный округ;2003;0;0
Республика Алтай;2003;4448.9;4279.5
Республика Тыва;2003;5235.4;5404.6
Республика Хакасия;2003;5452.9;5440.6
Алтайский край;2003;20455.9;20953.5
Красноярский край;2003;48926.6;53786.1
Иркутская область;2003;28895.5;30304.7
Кемеровская область;2003;30364.2;29214.2
Новосибирская область;2003;26331.1;29416.3
Омская область;2003;20059.8;20240.9
Томская область;2003;13599;14170.2
Дальневосточный федеральный округ;2003;0;0
Республика Бурятия;2003;12611.2;12557.9
Республика Саха (Якутия);2003;39903.9;41557.4
Забайкальский край;2003;17193.5;17652.9
Камчатский край;2003;10823.5;10849.2
Приморский край;2003;25091;24231.8
Хабаровский край;2003;25136.5;28184.2
Амурская область;2003;12928.2;13554.7
Магаданская область;2003;7550.7;7546.3
Сахалинская область;2003;12157.4;12680.5
Еврейская автономная    область;2003;2678.7;2745.4
Чукотский автономный округ;2003;8547.1;9112.9
Центральный федеральный округ;2004;0;0
Белгородская область;2004;17269.2;15820.8
Брянская область;2004;11205.9;11670.5
Владимирская область;2004;13547.4;13327.2
Воронежская область;2004;19627.7;20627.8
Ивановская область;2004;10535.7;10476.7
Калужская область;2004;12113.1;12635.8
Костромская область;2004;7170.6;7583.1
Курская область;2004;11523.2;11483.1
Липецкая область;2004;22061;18642.9
Московская область;2004;97392.3;103127.2
Орловская область;2004;8642.3;8675.9
Рязанская область;2004;11816;11896.1
Смоленская область;2004;9475;9393.7
Тамбовская область;2004;9471.7;9844.3
Тверская область;2004;14629.2;14501.8
Тульская область;2004;16149.5;16379.9
Ярославская область;2004;17484.4;19320.3
г. Москва;2004;394086.4;407855.1
Северо-Западный федеральный округ;2004;0;0
Республика Карелия;2004;10478.7;10917
Республика Коми;2004;20436.6;20448.8
Архангельская область;2004;18209.6;17982.2
Вологодская область;2004;24855.7;21287.8
Калининградская область;2004;11236.6;11442.7
Ленинградская область;2004;22450.6;23462.4
Мурманская область;2004;16124.7;15976.9
Новгородская область;2004;7463.5;7476.1
Псковская область;2004;7808.1;8307.7
г. Санкт-Петербург;2004;95294;94043.5
Ненецкий автономный округ;2004;4645.9;3715.7
Южный               федеральный округ;2004;0;0
Республика Адыгея;2004;3724.9;3866.2
Республика Калмыкия;2004;5335.1;4767.6
Республика Крым;2004;0;0
Краснодарский край;2004;52298.5;53764.1
Астраханская область;2004;9027.7;9327.1
Волгоградская область;2004;22490.8;24041.4
Ростовская область;2004;36073.2;35346.6
г. Севастополь;2004;0;0
Северо-Кавказский      федеральный округ;2004;0;0
Республика Дагестан;2004;19055.2;19564.3
Республика Ингушетия;2004;4350.9;4188.8
Кабардино-Балкарская Республика;2004;6395;6466.3
Карачаево-Черкесская Республика;2004;4425.2;4630.1
Республика Северная   Осетия – Алания ;2004;8266.2;8092
Чеченская Республика;2004;25038;24668.5
Ставропольский край;2004;22724.8;22896.6
Приволжский    федеральный округ;2004;0;0
Республика Башкортостан;2004;48586.1;48252.3
Республика Марий Эл;2004;7051.4;7356.9
Республика Мордовия;2004;21467.8;19447.9
Республика Татарстан;2004;75004.4;79373.9
Удмуртская Республика;2004;17694.1;18281.8
Чувашская Республика;2004;12641.3;13165.8
Пермский край;2004;42015.7;38851.1
Кировская область;2004;14321.9;15091.7
Нижегородская область;2004;34151.3;33506.5
Оренбургская область;2004;23052.9;22362.8
Пензенская область;2004;12454.4;12405.3
Самарская область;2004;42820.2;42029.9
Саратовская область;2004;22333.6;23286.6
Ульяновская область;2004;11385.9;11267.8
Уральский        федеральный округ;2004;0;0
Курганская область;2004;9373.4;9336.4
Свердловская область;2004;53211;52584.3
Тюменская область;2004;49671.5;34101.5
Челябинская область;2004;43933.6;37012.3
Ханты-Мансийский      автономный округ – Югра;2004;143810.3;117658.6
Ямало-Ненецкий автономный округ;2004;53801.7;51343.1
Сибирский     федеральный округ;2004;0;0
Республика Алтай;2004;5067.3;5086.8
Республика Тыва;2004;5822.7;5957.3
Республика Хакасия;2004;6428.6;6200.3
Алтайский край;2004;24099.8;24680.3
Красноярский край;2004;68216.9;64530.1
Иркутская область;2004;33611.4;34820.2
Кемеровская область;2004;46850.3;43641.9
Новосибирская область;2004;30269.7;33745.3
Омская область;2004;33389;30107.6
Томская область;2004;15884.4;16360.6
Дальневосточный федеральный округ;2004;0;0
Республика Бурятия;2004;14297.8;14165.1
Республика Саха (Якутия);2004;42888.3;46342.3
Забайкальский край;2004;18704.7;18462
Камчатский край;2004;11556.1;12530
Приморский край;2004;28757;28741.6
Хабаровский край;2004;28850.7;33813.7
Амурская область;2004;15266.5;15773.5
Магаданская область;2004;7585.1;7805.1
Сахалинская область;2004;14410.4;15414.7
Еврейская автономная    область;2004;3115.1;3001.1
Чукотский автономный округ;2004;16877.5;14387.7
Центральный федеральный округ;2005;0;0
Белгородская область;2005;24730.7;25783.9
Брянская область;2005;13453.8;14105.8
Владимирская область;2005;15822.6;15413.1
Воронежская область;2005;25090.4;24463.6
Ивановская область;2005;13207.7;13140.4
Калужская область;2005;14605.3;14953.7
Костромская область;2005;8270.6;8959.6
Курская область;2005;15163.4;14744.7
Липецкая область;2005;21953.1;24550.6
Московская область;2005;139118.3;140922.8
Орловская область;2005;9687.6;9783.1
Рязанская область;2005;14180.2;14825.1
Смоленская область;2005;11283.6;10892.1
Тамбовская область;2005;12699;12612.2
Тверская область;2005;18588.3;18903.5
Тульская область;2005;20735.1;20495.7
Ярославская область;2005;23107.4;23505.7
г. Москва;2005;523277.8;503760.2
Северо-Западный федеральный округ;2005;0;0
Республика Карелия;2005;13816.8;13536.1
Республика Коми;2005;24480.2;23506.5
Архангельская область;2005;22450.9;22230.8
Вологодская область;2005;26376.8;28099.3
Калининградская область;2005;15145.1;15166.8
Ленинградская область;2005;28147.4;29285.1
Мурманская область;2005;17217.5;17237.8
Новгородская область;2005;11132.9;10581
Псковская область;2005;9164.6;8635.4
г. Санкт-Петербург;2005;142718.5;136264.4
Ненецкий автономный округ;2005;4737;5349.3
Южный               федеральный округ;2005;0;0
Республика Адыгея;2005;4698.7;4626.7
Республика Калмыкия;2005;3790.8;4338.9
Республика Крым;2005;0;0
Краснодарский край;2005;61558.4;60032.7
Астраханская область;2005;11792.4;12529.3
Волгоградская область;2005;29562.7;30044.8
Ростовская область;2005;47087.7;46328.1
г. Севастополь;2005;0;0
Северо-Кавказский      федеральный округ;2005;0;0
Республика Дагестан;2005;22579.9;23053.5
Республика Ингушетия;2005;5539.9;5633.4
Кабардино-Балкарская Республика;2005;8627.7;8959.3
Карачаево-Черкесская Республика;2005;5233.3;5260.8
Республика Северная   Осетия – Алания ;2005;9831.9;10238.3
Чеченская Республика;2005;16753.3;15357.2
Ставропольский край;2005;28998.2;29289.2
Приволжский    федеральный округ;2005;0;0
Республика Башкортостан;2005;60323.5;55848.1
Республика Марий Эл;2005;8188;8197
Республика Мордовия;2005;19406;19855.3
Республика Татарстан;2005;87257.9;87822.9
Удмуртская Республика;2005;21505.4;21736.6
Чувашская Республика;2005;15001;15679.4
Пермский край;2005;49701.9;46527.3
Кировская область;2005;17269.3;18255.6
Нижегородская область;2005;40637.4;41448.5
Оренбургская область;2005;29394.7;29407.3
Пензенская область;2005;14200.8;14625.3
Самарская область;2005;55591.4;52914.4
Саратовская область;2005;26759.1;27906.6
Ульяновская область;2005;14017.7;13349.6
Уральский        федеральный округ;2005;0;0
Курганская область;2005;11334.8;11090.9
Свердловская область;2005;67585;64736.4
Тюменская область;2005;134745.7;98704.2
Челябинская область;2005;46249.3;46836.1
Ханты-Мансийский      автономный округ – Югра;2005;142732;130307.9
Ямало-Ненецкий автономный округ;2005;58886.8;52172.4
Сибирский     федеральный округ;2005;0;0
Республика Алтай;2005;5799.1;6001.1
Республика Тыва;2005;6867.9;6751
Республика Хакасия;2005;7292;7151.8
Алтайский край;2005;29397.8;28301.3
Красноярский край;2005;67536.8;72292.4
Иркутская область;2005;43957.2;45588.4
Кемеровская область;2005;57207.8;57655.4
Новосибирская область;2005;40637;41698.6
Омская область;2005;41487.6;41548.8
Томская область;2005;20163.6;20247.5
Дальневосточный федеральный округ;2005;0;0
Республика Бурятия;2005;15557.6;15836.2
Республика Саха (Якутия);2005;51754;64514.4
Забайкальский край;2005;18784.6;19412.3
Камчатский край;2005;14834.5;15728.1
Приморский край;2005;33564.7;33116.7
Хабаровский край;2005;33013.1;35083.8
Амурская область;2005;18372.2;18000.6
Магаданская область;2005;9024.4;9121.6
Сахалинская область;2005;17191.1;17241.7
Еврейская автономная    область;2005;3341.4;3342
Чукотский автономный округ;2005;13150.4;14069.3
Центральный федеральный округ;2006;0;0
Белгородская область;2006;29485;31098.5
Брянская область;2006;17588.2;17786.2
Владимирская область;2006;21514.1;21023.1
Воронежская область;2006;30439.5;30041.8
Ивановская область;2006;17604.5;17474.3
Калужская область;2006;17427.7;18800
Костромская область;2006;10231.7;10910.8
Курская область;2006;16700.1;16398.8
Липецкая область;2006;27933.8;27287.4
Московская область;2006;175120;181416.7
Орловская область;2006;11181.6;10930.4
Рязанская область;2006;17728;18051.4
Смоленская область;2006;13620.5;13292.7
Тамбовская область;2006;15202.4;14907.4
Тверская область;2006;24273.4;24110.8
Тульская область;2006;23781.3;25183
Ярославская область;2006;26447.2;28337.6
г. Москва;2006;757936.7;691329.8
Северо-Западный федеральный округ;2006;0;0
Республика Карелия;2006;15601.9;16646.3
Республика Коми;2006;30067.4;29394.8
Архангельская область;2006;27462.1;27129
Вологодская область;2006;32671.2;32161.5
Калининградская область;2006;20745.9;20906.5
Ленинградская область;2006;37107;34603.1
Мурманская область;2006;29138.7;28997
Новгородская область;2006;12056.5;12343.3
Псковская область;2006;11104.3;10069.2
г. Санкт-Петербург;2006;218098.7;186136.8
Ненецкий автономный округ;2006;7650.1;6613.4
Южный               федеральный округ;2006;0;0
Республика Адыгея;2006;5707.6;5545.5
Республика Калмыкия;2006;4580.3;4645.6
Республика Крым;2006;0;0
Краснодарский край;2006;81017.8;75884.5
Астраханская область;2006;15647.6;16868.7
Волгоградская область;2006;39882.9;40542.8
Ростовская область;2006;59596.1;58120.9
г. Севастополь;2006;0;0
Северо-Кавказский      федеральный округ;2006;0;0
Республика Дагестан;2006;27123.9;26554.6
Республика Ингушетия;2006;6439;6425
Кабардино-Балкарская Республика;2006;11088.7;10561.6
Карачаево-Черкесская Республика;2006;6248.3;6325.8
Республика Северная   Осетия – Алания ;2006;11416.8;11316.8
Чеченская Республика;2006;31625.1;27376.1
Ставропольский край;2006;35720.4;34486.2
Приволжский    федеральный округ;2006;0;0
Республика Башкортостан;2006;83566.2;74930.1
Республика Марий Эл;2006;10463.8;10607
Республика Мордовия;2006;14339.4;16236.2
Республика Татарстан;2006;88326.7;86262
Удмуртская Республика;2006;25330.5;26433.3
Чувашская Республика;2006;19171.7;19670.7
Пермский край;2006;59912.2;57583.2
Кировская область;2006;21644;21980.2
Нижегородская область;2006;58522.3;54277.1
Оренбургская область;2006;35797.5;35582.3
Пензенская область;2006;19758;19706.8
Самарская область;2006;67692.3;70833.9
Саратовская область;2006;32904.1;33728
Ульяновская область;2006;20418.4;19205.6
Уральский        федеральный округ;2006;0;0
Курганская область;2006;13442.6;13699
Свердловская область;2006;97862.3;91074.3
Тюменская область;2006;159321.8;145808.7
Челябинская область;2006;66867.9;59100
Ханты-Мансийский      автономный округ – Югра;2006;121069.2;131153.8
Ямало-Ненецкий автономный округ;2006;64617.5;64269.9
Сибирский     федеральный округ;2006;0;0
Республика Алтай;2006;7343.1;7255.4
Республика Тыва;2006;7539.8;7585.2
Республика Хакасия;2006;8906.4;8862.9
Алтайский край;2006;35889.8;34964.8
Красноярский край;2006;99688.6;89483.9
Иркутская область;2006;53014.5;54777.6
Кемеровская область;2006;63416.4;66026.8
Новосибирская область;2006;51639.2;50061.9
Омская область;2006;41607.3;44951.8
Томская область;2006;25896.2;25523.1
Дальневосточный федеральный округ;2006;0;0
Республика Бурятия;2006;21333.2;21141.4
Республика Саха (Якутия);2006;56028;60737.1
Забайкальский край;2006;39267.4;34813.4
Камчатский край;2006;21668.1;21926.7
Приморский край;2006;42168.2;41028.2
Хабаровский край;2006;38941.4;37638.8
Амурская область;2006;20778.5;21268
Магаданская область;2006;10294.9;11316.7
Сахалинская область;2006;24252.7;23845.5
Еврейская автономная    область;2006;4646.4;4463.4
Чукотский автономный округ;2006;9585.3;9452.8
Центральный федеральный округ;2007;0;0
Белгородская область;2007;41516.5;42366.5
Брянская область;2007;22268.2;23011.1
Владимирская область;2007;29537.9;29327
Воронежская область;2007;41297.2;40754.3
Ивановская область;2007;22018.6;21959.4
Калужская область;2007;25679.1;25911
Костромская область;2007;13677.3;14467.6
Курская область;2007;22296.2;21729.9
Липецкая область;2007;30634.7;32315.8
Московская область;2007;234430.4;256130.6
Орловская область;2007;14191;13473.8
Рязанская область;2007;22393.7;23639.3
Смоленская область;2007;17494.5;17065.4
Тамбовская область;2007;19860.6;20506.9
Тверская область;2007;32336.2;32523.3
Тульская область;2007;32770;31880.4
Ярославская область;2007;34708.7;36095
г. Москва;2007;957876;929750
Северо-Западный федеральный округ;2007;0;0
Республика Карелия;2007;18741.5;19775.9
Республика Коми;2007;34201.3;33807.2
Архангельская область;2007;39185.7;36611.2
Вологодская область;2007;39398.5;39546.1
Калининградская область;2007;27634.5;26889.9
Ленинградская область;2007;48567.2;44556.9
Мурманская область;2007;40636.1;38506.7
Новгородская область;2007;14851.4;14624
Псковская область;2007;14381.7;13563.4
г. Санкт-Петербург;2007;281266.2;262446.1
Ненецкий автономный округ;2007;10097.3;10384.5
Южный               федеральный округ;2007;0;0
Республика Адыгея;2007;8048.6;7942.2
Республика Калмыкия;2007;6526.3;6681.1
Республика Крым;2007;0;0
Краснодарский край;2007;106475.7;104550.4
Астраханская область;2007;27613.4;27848.9
Волгоградская область;2007;55421.2;53866.3
Ростовская область;2007;81566.3;81427.8
г. Севастополь;2007;0;0
Северо-Кавказский      федеральный округ;2007;0;0
Республика Дагестан;2007;38782.4;38165.7
Республика Ингушетия;2007;9245.3;8909.2
Кабардино-Балкарская Республика;2007;15001.4;14566.3
Карачаево-Черкесская Республика;2007;8508.9;8411.3
Республика Северная   Осетия – Алания ;2007;14217.6;15043.5
Чеченская Республика;2007;63565.5;60600.6
Ставропольский край;2007;47466.6;45849.6
Приволжский    федеральный округ;2007;0;0
Республика Башкортостан;2007;92579.6;91880.1
Республика Марий Эл;2007;13127.9;13720.6
Республика Мордовия;2007;20478.2;19694.9
Республика Татарстан;2007;106132.5;108517.8
Удмуртская Республика;2007;34451.6;35366.5
Чувашская Республика;2007;28244.8;29140.1
Пермский край;2007;78661.3;77587.6
Кировская область;2007;29596.8;28670
Нижегородская область;2007;79410.8;78955.6
Оренбургская область;2007;49905.3;47016.6
Пензенская область;2007;27879.6;29159.1
Самарская область;2007;82217.3;86884.1
Саратовская область;2007;42816.7;42950.2
Ульяновская область;2007;27924.5;26590.5
Уральский        федеральный округ;2007;0;0
Курганская область;2007;19031.6;18460.1
Свердловская область;2007;128353.3;130023.8
Тюменская область;2007;116758.7;133431
Челябинская область;2007;87362.4;80598.7
Ханты-Мансийский      автономный округ – Югра;2007;142483.1;152468.7
Ямало-Ненецкий автономный округ;2007;70970.6;71705.9
Сибирский     федеральный округ;2007;0;0
Республика Алтай;2007;8990.4;9059.1
Республика Тыва;2007;10022.9;9939.3
Республика Хакасия;2007;12056.3;11963.2
Алтайский край;2007;47086.7;46335
Красноярский край;2007;139598.6;120721.9
Иркутская область;2007;69490.3;72798
Кемеровская область;2007;84258.5;84642.6
Новосибирская область;2007;72435.3;68175.1
Омская область;2007;51215;54361.8
Томская область;2007;29412;31321.2
Дальневосточный федеральный округ;2007;0;0
Республика Бурятия;2007;28167;27884.1
Республика Саха (Якутия);2007;65343.8;66095.9
Забайкальский край;2007;28640.9;34197
Камчатский край;2007;30799.6;27979.9
Приморский край;2007;51171.3;49220.9
Хабаровский край;2007;53845.2;49503.1
Амурская область;2007;28129.3;27895.8
Магаданская область;2007;11837;12607.6
Сахалинская область;2007;37418.5;33525
Еврейская автономная    область;2007;6372.9;6305.7
Чукотский автономный округ;2007;14946.8;13238.5
Центральный федеральный округ;2008;0;0
Белгородская область;2008;56852.7;59063.8
Брянская область;2008;26563.3;28192.4
Владимирская область;2008;36919.2;36815.8
Воронежская область;2008;55545.5;54763.2
Ивановская область;2008;24786.7;25382.7
Калужская область;2008;32085;31981.1
Костромская область;2008;18139.5;17335.7
Курская область;2008;30600;29330.3
Липецкая область;2008;40023.9;38620.4
Московская область;2008;299475.3;316413.8
Орловская область;2008;19373.4;18903.8
Рязанская область;2008;29154.9;30674.5
Смоленская область;2008;22203.3;23589.3
Тамбовская область;2008;25125.3;26289.5
Тверская область;2008;40021;39643.5
Тульская область;2008;42102;41588.8
Ярославская область;2008;42198;44442.2
г. Москва;2008;1291479.1;1317739.7
Северо-Западный федеральный округ;2008;0;0
Республика Карелия;2008;27036.9;27402
Республика Коми;2008;43924.6;44346.5
Архангельская область;2008;51489.3;55790.5
Вологодская область;2008;50823.5;50562.5
Калининградская область;2008;37177.4;36334.8
Ленинградская область;2008;63401.1;62291.2
Мурманская область;2008;47090.6;47391.5
Новгородская область;2008;21741.8;22827.4
Псковская область;2008;18093.1;17587.6
г. Санкт-Петербург;2008;343118.5;359778.4
Ненецкий автономный округ;2008;9251.2;9810.3
Южный               федеральный округ;2008;0;0
Республика Адыгея;2008;10756.4;10008.5
Республика Калмыкия;2008;8475.8;8430.3
Республика Крым;2008;0;0
Краснодарский край;2008;140021.4;144164.5
Астраханская область;2008;34546.6;36369.4
Волгоградская область;2008;69575.1;70518.3
Ростовская область;2008;105678.8;100775.1
г. Севастополь;2008;0;0
Северо-Кавказский      федеральный округ;2008;0;0
Республика Дагестан;2008;52614.4;49651.5
Республика Ингушетия;2008;12709.1;8895.3
Кабардино-Балкарская Республика;2008;18937.8;19258.8
Карачаево-Черкесская Республика;2008;10625.4;10175.3
Республика Северная   Осетия – Алания ;2008;20202;19785.2
Чеченская Республика;2008;64684;64884.8
Ставропольский край;2008;62675.5;61068.7
Приволжский    федеральный округ;2008;0;0
Республика Башкортостан;2008;116538.2;107408.7
Республика Марий Эл;2008;16018;16714.1
Республика Мордовия;2008;24897.3;26597.8
Республика Татарстан;2008;139269;146268.5
Удмуртская Республика;2008;42758.5;43223.1
Чувашская Республика;2008;33898.3;35980.6
Пермский край;2008;110095.3;95108.6
Кировская область;2008;36077.5;35603.5
Нижегородская область;2008;106921.3;108220
Оренбургская область;2008;66098;65849.7
Пензенская область;2008;33706.1;34882.4
Самарская область;2008;109884;112476.3
Саратовская область;2008;61592;65835.6
Ульяновская область;2008;33854.7;36347.9
Уральский        федеральный округ;2008;0;0
Курганская область;2008;23848.5;23878.7
Свердловская область;2008;156924.5;157178
Тюменская область;2008;162576.4;162007.5
Челябинская область;2008;105480.3;111418
Ханты-Мансийский      автономный округ – Югра;2008;180992.4;185974.4
Ямало-Ненецкий автономный округ;2008;88967.2;81317.3
Сибирский     федеральный округ;2008;0;0
Республика Алтай;2008;9893.7;10153.5
Республика Тыва;2008;12997.1;12728.9
Республика Хакасия;2008;15065;15235.9
Алтайский край;2008;59901.3;58760.1
Красноярский край;2008;157729.1;155136.1
Иркутская область;2008;83232.6;84810.8
Кемеровская область;2008;118324.2;114237.3
Новосибирская область;2008;91531.6;90453.8
Омская область;2008;55776;59384
Томская область;2008;37543.9;39675
Дальневосточный федеральный округ;2008;0;0
Республика Бурятия;2008;34563.6;33887.1
Республика Саха (Якутия);2008;79624.6;83347.6
Забайкальский край;2008;38330.7;38185.1
Камчатский край;2008;29490.3;31566.2
Приморский край;2008;65704.2;62544.4
Хабаровский край;2008;62969.8;64431.7
Амурская область;2008;35664.4;34511.8
Магаданская область;2008;16336.3;16125.5
Сахалинская область;2008;60400.1;51699
Еврейская автономная    область;2008;7563.3;7683.3
Чукотский автономный округ;2008;15749.8;14805.8
Центральный федеральный округ;2009;0;0
Белгородская область;2009;55738.2;60848.2
Брянская область;2009;31385.3;31121.1
Владимирская область;2009;40718.2;40359.2
Воронежская область;2009;59451.3;61507.9
Ивановская область;2009;28425.3;29753
Калужская область;2009;31142;33099
Костромская область;2009;18416;21342.2
Курская область;2009;30979.8;31718.2
Липецкая область;2009;36493.8;39315.7
Московская область;2009;314274.2;327024.2
Орловская область;2009;19852.3;20464.5
Рязанская область;2009;31841.1;35250.8
Смоленская область;2009;24785.7;26408.6
Тамбовская область;2009;30799.2;30260
Тверская область;2009;45786.9;49485.7
Тульская область;2009;40517;43417.7
Ярославская область;2009;52085.9;52253.1
г. Москва;2009;1010681.5;1156394.5
Северо-Западный федеральный округ;2009;0;0
Республика Карелия;2009;25759.6;29162.1
Республика Коми;2009;45363.7;46415.1
Архангельская область;2009;49264.4;55688.7
Вологодская область;2009;40127.3;46583.9
Калининградская область;2009;42059.2;39391.4
Ленинградская область;2009;62356.7;66890.9
Мурманская область;2009;46315.2;48877.7
Новгородская область;2009;23657.9;25311.3
Псковская область;2009;19824.3;20571.1
г. Санкт-Петербург;2009;319796.5;326190.4
Ненецкий автономный округ;2009;9463.7;10092.7
Южный               федеральный округ;2009;0;0
Республика Адыгея;2009;12278.2;13346.7
Республика Калмыкия;2009;9466.5;10076.3
Республика Крым;2009;0;0
Краснодарский край;2009;152407.3;154417.8
Астраханская область;2009;28601.7;33375.6
Волгоградская область;2009;69188.1;74512.8
Ростовская область;2009;112416.2;117398.8
г. Севастополь;2009;0;0
Северо-Кавказский      федеральный округ;2009;0;0
Республика Дагестан;2009;64437;67631
Республика Ингушетия;2009;14528.5;15219.5
Кабардино-Балкарская Республика;2009;22532.4;22321.4
Карачаево-Черкесская Республика;2009;12330.7;12697.9
Республика Северная   Осетия – Алания ;2009;17103.8;19642.5
Чеченская Республика;2009;65259.4;74055.9
Ставропольский край;2009;65431.6;72222.5
Приволжский    федеральный округ;2009;0;0
Республика Башкортостан;2009;114095.7;117458.8
Республика Марий Эл;2009;17100.7;17670.9
Республика Мордовия;2009;28438.9;28240.3
Республика Татарстан;2009;140637;152731.5
Удмуртская Республика;2009;41325.6;44817.9
Чувашская Республика;2009;33717.7;34600.6
Пермский край;2009;94754.3;100149.1
Кировская область;2009;38790.9;42016.7
Нижегородская область;2009;97391;112171.2
Оренбургская область;2009;64427.6;64265.6
Пензенская область;2009;36635.6;39416.4
Самарская область;2009;100869.8;110165.7
Саратовская область;2009;66219.9;73325.3
Ульяновская область;2009;35935.3;35777.1
Уральский        федеральный округ;2009;0;0
Курганская область;2009;26610;26722.7
Свердловская область;2009;139547.4;143768.9
Тюменская область;2009;125986;134221
Челябинская область;2009;88251.6;93145.4
Ханты-Мансийский      автономный округ – Югра;2009;152434.2;150672.3
Ямало-Ненецкий автономный округ;2009;88833.4;76694
Сибирский     федеральный округ;2009;0;0
Республика Алтай;2009;13455.2;12736.3
Республика Тыва;2009;15311.9;15335.6
Республика Хакасия;2009;17330.3;18044.7
Алтайский край;2009;65513.4;66180.5
Красноярский край;2009;155429.7;171910.1
Иркутская область;2009;88586.6;82514.3
Кемеровская область;2009;100371.8;106281
Новосибирская область;2009;87021.4;91079.5
Омская область;2009;53936.1;57749.3
Томская область;2009;39356;39496.2
Дальневосточный федеральный округ;2009;0;0
Республика Бурятия;2009;40589.6;39913.8
Республика Саха (Якутия);2009;92687.7;90679
Забайкальский край;2009;40806.9;40509.1
Камчатский край;2009;38529;37816.7
Приморский край;2009;95290.2;83213
Хабаровский край;2009;62794.7;65600
Амурская область;2009;40216.4;41194.7
Магаданская область;2009;19234.7;18389.2
Сахалинская область;2009;61255;58823.8
Еврейская автономная    область;2009;8655;8396
Чукотский автономный округ;2009;21916.6;16892.8
Центральный федеральный округ;2010;0;0
Белгородская область;2010;63512.8;65105.7
Брянская область;2010;32749.9;33803.9
Владимирская область;2010;43195.6;45006.1
Воронежская область;2010;71235.3;72948.6
Ивановская область;2010;29173.4;30752.9
Калужская область;2010;38596.5;40793.7
Костромская область;2010;20767.3;23075.7
Курская область;2010;36842.5;35297.7
Липецкая область;2010;38557.6;39948.4
Московская область;2010;333556.5;312927.5
Орловская область;2010;22689.9;22976.4
Рязанская область;2010;37191.6;39300.2
Смоленская область;2010;28446.6;31843
Тамбовская область;2010;32223.9;33273.4
Тверская область;2010;46721.8;50876
Тульская область;2010;48245;51693.8
Ярославская область;2010;51493.4;56066.7
г. Москва;2010;1127684.1;1107593.9
Северо-Западный федеральный округ;2010;0;0
Республика Карелия;2010;31850.9;32339.6
Республика Коми;2010;49551;48564.3
Архангельская область;2010;60969.3;61188.8
Вологодская область;2010;46174.5;53031.9
Калининградская область;2010;38550.9;41507.4
Ленинградская область;2010;71342.6;69146.5
Мурманская область;2010;52048.1;49608.5
Новгородская область;2010;23091.2;26630.3
Псковская область;2010;22504.6;23215.9
г. Санкт-Петербург;2010;351609.1;362863.1
Ненецкий автономный округ;2010;11340.5;11029.8
Южный               федеральный округ;2010;0;0
Республика Адыгея;2010;12525.3;13046.4
Республика Калмыкия;2010;9236.7;9382.4
Республика Крым;2010;0;0
Краснодарский край;2010;168647.3;182546
Астраханская область;2010;27377.6;31074.1
Волгоградская область;2010;75590.8;78240.5
Ростовская область;2010;123192.9;125447.1
г. Севастополь;2010;0;0
Северо-Кавказский      федеральный округ;2010;0;0
Республика Дагестан;2010;62407.3;64058.5
Республика Ингушетия;2010;15690.5;17301.8
Кабардино-Балкарская Республика;2010;22488.2;23198.8
Карачаево-Черкесская Республика;2010;13803.6;14832.1
Республика Северная   Осетия – Алания ;2010;17787.4;19789.6
Чеченская Республика;2010;64832.8;65720.2
Ставропольский край;2010;74299.3;72443.9
Приволжский    федеральный округ;2010;0;0
Республика Башкортостан;2010;119726.3;122253.4
Республика Марий Эл;2010;19156.4;20660.9
Республика Мордовия;2010;30858.8;38323.9
Республика Татарстан;2010;176158.5;193850.1
Удмуртская Республика;2010;42511;49408.2
Чувашская Республика;2010;33193.4;35126.4
Пермский край;2010;96533;104872.2
Кировская область;2010;46303.5;47446.7
Нижегородская область;2010;110336.4;119241.4
Оренбургская область;2010;68380.1;73183.8
Пензенская область;2010;41415.9;42730.9
Самарская область;2010;119428.1;121103.8
Саратовская область;2010;66395.6;75249.4
Ульяновская область;2010;36123.4;37839.4
Уральский        федеральный округ;2010;0;0
Курганская область;2010;30142.4;30344.4
Свердловская область;2010;161263.9;156203.3
Тюменская область;2010;145566.6;142234.4
Челябинская область;2010;109408.8;109824.7
Ханты-Мансийский      автономный округ – Югра;2010;167413.7;170084.9
Ямало-Ненецкий автономный округ;2010;106812.7;95610.1
Сибирский     федеральный округ;2010;0;0
Республика Алтай;2010;13316.8;14730.9
Республика Тыва;2010;15246.6;15487.4
Республика Хакасия;2010;18347.9;19084.7
Алтайский край;2010;72375.8;67322.6
Красноярский край;2010;178352.6;168519.5
Иркутская область;2010;98500.7;91796
Кемеровская область;2010;113379.2;117171.9
Новосибирская область;2010;100301.9;102540.1
Омская область;2010;58097.8;59206.5
Томская область;2010;42975.9;42717.3
Дальневосточный федеральный округ;2010;0;0
Республика Бурятия;2010;39198.1;40826.4
Республика Саха (Якутия);2010;104985.5;101223.3
Забайкальский край;2010;43739.9;43916.3
Камчатский край;2010;44641.9;42674.5
Приморский край;2010;95485.6;104983
Хабаровский край;2010;74918.5;71494.9
Амурская область;2010;45414.9;45762.3
Магаданская область;2010;20969.3;19897.6
Сахалинская область;2010;54277;63410.5
Еврейская автономная    область;2010;9499.5;9201.9
Чукотский автономный округ;2010;13570.1;17028
Центральный федеральный округ;2011;0;0
Белгородская область;2011;81394.9;83780.3
Брянская область;2011;38525.2;38633.2
Владимирская область;2011;47862.5;45900.8
Воронежская область;2011;77324.1;79522.7
Ивановская область;2011;31900;33620.5
Калужская область;2011;45348.3;47831.6
Костромская область;2011;22265.1;23567.6
Курская область;2011;41966.4;44058.1
Липецкая область;2011;42544.3;44704.2
Московская область;2011;371180.2;342532
Орловская область;2011;26217.1;25846.4
Рязанская область;2011;41130.4;44689.4
Смоленская область;2011;33941.1;38527.3
Тамбовская область;2011;38511.7;38311.4
Тверская область;2011;50978.6;54760.4
Тульская область;2011;49722.8;46961.9
Ярославская область;2011;52906.5;56196
г. Москва;2011;1481778.2;1400528.4
Северо-Западный федеральный округ;2011;0;0
Республика Карелия;2011;35935.4;36094
Республика Коми;2011;58075.9;59331.1
Архангельская область;2011;62807.3;68418.8
Вологодская область;2011;50693.3;58351.9
Калининградская область;2011;48581.5;48614.7
Ленинградская область;2011;82312.4;80124.4
Мурманская область;2011;56599.9;55817.8
Новгородская область;2011;28148.6;28101
Псковская область;2011;27844.5;28302.2
г. Санкт-Петербург;2011;405626.5;409315.5
Ненецкий автономный округ;2011;14186.7;11475.6
Южный               федеральный округ;2011;0;0
Республика Адыгея;2011;13398;13836.3
Республика Калмыкия;2011;9451.7;9741.3
Республика Крым;2011;0;0
Краснодарский край;2011;216446.8;226523.1
Астраханская область;2011;33177.7;35134.4
Волгоградская область;2011;78703.6;86319.8
Ростовская область;2011;134346.4;137693
г. Севастополь;2011;0;0
Северо-Кавказский      федеральный округ;2011;0;0
Республика Дагестан;2011;71409.1;75070.6
Республика Ингушетия;2011;17699.2;17027.5
Кабардино-Балкарская Республика;2011;24869.9;25091.4
Карачаево-Черкесская Республика;2011;15072.9;15940.4
Республика Северная   Осетия – Алания ;2011;19860.6;21228.8
Чеченская Республика;2011;78917.1;80791.8
Ставропольский край;2011;83133.1;83991.1
Приволжский    федеральный округ;2011;0;0
Республика Башкортостан;2011;135357.7;140653.7
Республика Марий Эл;2011;21560.7;22853.7
Республика Мордовия;2011;33849.3;41600.5
Республика Татарстан;2011;191505.4;206824.1
Удмуртская Республика;2011;53045.5;54231
Чувашская Республика;2011;37264.9;37065.1
Пермский край;2011;108394.5;108196
Кировская область;2011;47928.4;49787.6
Нижегородская область;2011;124995.2;132119.3
Оренбургская область;2011;77665.1;78709.2
Пензенская область;2011;47671;52127.5
Самарская область;2011;131547;142756.4
Саратовская область;2011;75708.7;84158.9
Ульяновская область;2011;39858;41716.9
Уральский        федеральный округ;2011;0;0
Курганская область;2011;32396.8;33038.3
Свердловская область;2011;184087.4;189927.2
Тюменская область;2011;184712.3;171539.8
Челябинская область;2011;119398.9;127069.8
Ханты-Мансийский      автономный округ – Югра;2011;204480.5;192483.8
Ямало-Ненецкий автономный округ;2011;136859.1;145642
Сибирский     федеральный округ;2011;0;0
Республика Алтай;2011;15114.6;15984.1
Республика Тыва;2011;16706.6;16689.3
Республика Хакасия;2011;21221.6;23803.7
Алтайский край;2011;81204;80889.6
Красноярский край;2011;188773.6;193253.2
Иркутская область;2011;113112;103870.8
Кемеровская область;2011;128335.8;131550.1
Новосибирская область;2011;112628.9;114525.3
Омская область;2011;67352.3;70807
Томская область;2011;52433.7;51712.8
Дальневосточный федеральный округ;2011;0;0
Республика Бурятия;2011;44754.3;44660.4
Республика Саха (Якутия);2011;126138.3;121584.4
Забайкальский край;2011;46358.5;48942.9
Камчатский край;2011;54836.3;53664.8
Приморский край;2011;103540.6;101591.2
Хабаровский край;2011;81523.3;80112.5
Амурская область;2011;50527.7;54375.5
Магаданская область;2011;22636.9;21854.1
Сахалинская область;2011;54674.4;63060.4
Еврейская автономная    область;2011;8396.4;9263
Чукотский автономный округ;2011;19937.3;18884.6
Центральный федеральный округ;2012;0;0
Белгородская область;2012;78056.2;82653.3
Брянская область;2012;42543.2;44095.1
Владимирская область;2012;48173.8;50480.7
Воронежская область;2012;87607.5;89176.6
Ивановская область;2012;34860.4;36408.5
Калужская область;2012;50155.4;53471.5
Костромская область;2012;24778;24751.2
Курская область;2012;45233;46043.6
Липецкая область;2012;44277.5;47298.7
Московская область;2012;453527.6;393216
Орловская область;2012;28419.4;31392.9
Рязанская область;2012;45333;49666.3
Смоленская область;2012;38924.5;41571
Тамбовская область;2012;42636.9;42451.1
Тверская область;2012;52665.3;58711.5
Тульская область;2012;56504.8;59703.4
Ярославская область;2012;59287.6;64547.7
г. Москва;2012;1494480.1;1540426
Северо-Западный федеральный округ;2012;0;0
Республика Карелия;2012;33150.9;35395.1
Республика Коми;2012;67085.4;69020.4
Архангельская область;2012;65786.8;70906.1
Вологодская область;2012;54573.9;57903.4
Калининградская область;2012;49445.9;50076.8
Ленинградская область;2012;89334.9;89926
Мурманская область;2012;53068.3;58975.4
Новгородская область;2012;34580.2;33070.4
Псковская область;2012;27062.8;30373.5
г. Санкт-Петербург;2012;379892.1;382262.5
Ненецкий автономный округ;2012;15568.4;14739.5
Южный               федеральный округ;2012;0;0
Республика Адыгея;2012;15639.3;15448.4
Республика Калмыкия;2012;11961;10106.3
Республика Крым;2012;0;0
Краснодарский край;2012;244931.3;278608.3
Астраханская область;2012;35829.3;36362.1
Волгоградская область;2012;84489.9;93281.8
Ростовская область;2012;152526.7;152423
г. Севастополь;2012;0;0
Северо-Кавказский      федеральный округ;2012;0;0
Республика Дагестан;2012;79988.5;81105.7
Республика Ингушетия;2012;20589.3;20661.5
Кабардино-Балкарская Республика;2012;24589.2;24963.2
Карачаево-Черкесская Республика;2012;20865.1;20607.3
Республика Северная   Осетия – Алания ;2012;22601;21905.5
Чеченская Республика;2012;78303.4;77531.9
Ставропольский край;2012;84901.7;91580
Приволжский    федеральный округ;2012;0;0
Республика Башкортостан;2012;145155.5;155137.5
Республика Марий Эл;2012;22704.2;24526.5
Республика Мордовия;2012;40863.4;43810.8
Республика Татарстан;2012;210724.7;214307.1
Удмуртская Республика;2012;57547.8;64959
Чувашская Республика;2012;40116;42221.8
Пермский край;2012;116644.4;118430
Кировская область;2012;47739.2;52551.3
Нижегородская область;2012;130196.7;142939.6
Оренбургская область;2012;79986.9;82859.7
Пензенская область;2012;49327.9;51913.3
Самарская область;2012;147500.8;148098.2
Саратовская область;2012;79177.7;86990.5
Ульяновская область;2012;41874.5;46411.7
Уральский        федеральный округ;2012;0;0
Курганская область;2012;33582.1;34587.1
Свердловская область;2012;203597.2;204445
Тюменская область;2012;178210.3;183486.4
Челябинская область;2012;130364.1;131107.1
Ханты-Мансийский      автономный округ – Югра;2012;208097.8;216934.6
Ямало-Ненецкий автономный округ;2012;142424.7;166807.1
Сибирский     федеральный округ;2012;0;0
Республика Алтай;2012;13956.7;13799.4
Республика Тыва;2012;21225.6;19486.9
Республика Хакасия;2012;22845.3;23458.9
Алтайский край;2012;82275;86894.5
Красноярский край;2012;176562.7;202398.9
Иркутская область;2012;124250.9;117896.5
Кемеровская область;2012;120925.7;131051.3
Новосибирская область;2012;129040.9;133580.9
Омская область;2012;75802.9;79570.1
Томская область;2012;52579.7;54641.8
Дальневосточный федеральный округ;2012;0;0
Республика Бурятия;2012;47272.4;48384.6
Республика Саха (Якутия);2012;140187.5;143783
Забайкальский край;2012;47619.1;51091.5
Камчатский край;2012;53706.5;54132.6
Приморский край;2012;98550;103023.7
Хабаровский край;2012;91249.2;97098.8
Амурская область;2012;51997.9;58567.7
Магаданская область;2012;26351.6;26661.2
Сахалинская область;2012;78058.9;76927.3
Еврейская автономная    область;2012;9760.4;9750.9
Чукотский автономный округ;2012;16816.5;21892.6
Центральный федеральный округ;2013;0;0
Белгородская область;2013;77347.2;87248.5
Брянская область;2013;44916.9;48678.5
Владимирская область;2013;51425.8;54385
Воронежская область;2013;91499.7;100209.5
Ивановская область;2013;36554;39604.1
Калужская область;2013;51162.9;55420.4
Костромская область;2013;25605.1;27486.5
Курская область;2013;47182.3;49355.2
Липецкая область;2013;46160;51252.8
Московская область;2013;454004.8;443643.6
Орловская область;2013;30932.4;33718.3
Рязанская область;2013;46285.5;53072.3
Смоленская область;2013;36876.7;44122.3
Тамбовская область;2013;44030.5;49045.8
Тверская область;2013;57514.4;61328.1
Тульская область;2013;63424.6;68223.2
Ярославская область;2013;62768.8;70481.9
г. Москва;2013;1486291.9;1534246
Северо-Западный федеральный округ;2013;0;0
Республика Карелия;2013;30576.7;36462.7
Республика Коми;2013;62190.9;74619
Архангельская область;2013;73370.9;79129.5
Вологодская область;2013;53029.3;58007.9
Калининградская область;2013;47649.7;53767.9
Ленинградская область;2013;94886.7;99638.5
Мурманская область;2013;56178;63061.2
Новгородская область;2013;27924.8;33955.7
Псковская область;2013;27763.7;32947.7
г. Санкт-Петербург;2013;415494.2;400340.4
Ненецкий автономный округ;2013;16276.5;16975.7
Южный               федеральный округ;2013;0;0
Республика Адыгея;2013;16461.1;16946.5
Республика Калмыкия;2013;10208.8;11773.6
Республика Крым;2013;0;0
Краснодарский край;2013;219373.2;269986.6
Астраханская область;2013;39749.7;42401.8
Волгоградская область;2013;81630.8;92735.4
Ростовская область;2013;155407.9;164547.7
г. Севастополь;2013;0;0
Северо-Кавказский      федеральный округ;2013;0;0
Республика Дагестан;2013;85965;89420
Республика Ингушетия;2013;20349.7;24064.2
Кабардино-Балкарская Республика;2013;26654.2;27674.3
Карачаево-Черкесская Республика;2013;20691.3;20626.6
Республика Северная   Осетия – Алания ;2013;24351;26321.9
Чеченская Республика;2013;65736;65694.7
Ставропольский край;2013;91948.5;99599.3
Приволжский    федеральный округ;2013;0;0
Республика Башкортостан;2013;154027.5;171493.5
Республика Марий Эл;2013;24952.9;26701.9
Республика Мордовия;2013;36616;40727.5
Республика Татарстан;2013;208335.2;209554.5
Удмуртская Республика;2013;60990.8;70039.9
Чувашская Республика;2013;43079.2;44457
Пермский край;2013;119770.2;129524.8
Кировская область;2013;50525.2;57149.5
Нижегородская область;2013;139318.2;150031.9
Оренбургская область;2013;78650.8;89596.1
Пензенская область;2013;49319.4;55789.3
Самарская область;2013;154319.6;166201.5
Саратовская область;2013;79631.1;87683.9
Ульяновская область;2013;41503.9;47508.9
Уральский        федеральный округ;2013;0;0
Курганская область;2013;33611.7;35723.3
Свердловская область;2013;206271.7;232626
Тюменская область;2013;127514.1;160220.8
Челябинская область;2013;132100.6;143880
Ханты-Мансийский      автономный округ – Югра;2013;193853.3;230550.5
Ямало-Ненецкий автономный округ;2013;138996.3;158865.9
Сибирский     федеральный округ;2013;0;0
Республика Алтай;2013;15757.5;14857
Республика Тыва;2013;20974.3;23472.6
Республика Хакасия;2013;22350.8;26267.1
Алтайский край;2013;87556.6;88326
Красноярский край;2013;175944.5;209122.1
Иркутская область;2013;120305.3;134399.6
Кемеровская область;2013;113720.5;130626.7
Новосибирская область;2013;130244.9;148525.1
Омская область;2013;78900.3;88164.8
Томская область;2013;53684.4;60515.1
Дальневосточный федеральный округ;2013;0;0
Республика Бурятия;2013;52001.5;52367.7
Республика Саха (Якутия);2013;153845;164087.6
Забайкальский край;2013;52399.3;57457.4
Камчатский край;2013;58543.6;58398.4
Приморский край;2013;96657.9;107295.6
Хабаровский край;2013;106710.2;110357.2
Амурская область;2013;75717.2;78530.4
Магаданская область;2013;27591.2;30206.9
Сахалинская область;2013;95182.5;97262.4
Еврейская автономная    область;2013;13986.6;14421.4
Чукотский автономный округ;2013;18327.3;27909.4
Центральный федеральный округ;2014;0;0
Белгородская область;2014;77580.6;79199.5
Брянская область;2014;46899.2;47731.6
Владимирская область;2014;53729.9;55433.2
Воронежская область;2014;93594;106685.4
Ивановская область;2014;37339.1;40818.2
Калужская область;2014;52213.8;58053.6
Костромская область;2014;25048.2;29114.5
Курская область;2014;46780.6;51888.9
Липецкая область;2014;54167.7;53994.8
Московская область;2014;494327.9;496445
Орловская область;2014;31641.8;33965.6
Рязанская область;2014;48149.6;50082.1
Смоленская область;2014;37526.4;41293.8
Тамбовская область;2014;47448.8;49947.1
Тверская область;2014;58677.2;61432.2
Тульская область;2014;75485.9;78146.6
Ярославская область;2014;66361.5;74155.9
г. Москва;2014;1552944.3;1607227.7
Северо-Западный федеральный округ;2014;0;0
Республика Карелия;2014;34117.7;37834.6
Республика Коми;2014;65768;76682.5
Архангельская область;2014;75439.9;82797.8
Вологодская область;2014;56405;60665.7
Калининградская область;2014;62733.5;61857.1
Ленинградская область;2014;122317.1;108967
Мурманская область;2014;57661.2;67452.7
Новгородская область;2014;28162.3;32692
Псковская область;2014;30090.7;32439.6
г. Санкт-Петербург;2014;433635.2;448180.5
Ненецкий автономный округ;2014;19103;19749.8
Южный               федеральный округ;2014;0;0
Республика Адыгея;2014;16091.5;16908.7
Республика Калмыкия;2014;10712.4;11339
Республика Крым;2014;131407.6;113884
Краснодарский край;2014;232883;259759.1
Астраханская область;2014;39429.2;45138.7
Волгоградская область;2014;95548.1;104195.7
Ростовская область;2014;164185.8;176458.3
г. Севастополь;2014;27705.5;23726
Северо-Кавказский      федеральный округ;2014;0;0
Республика Дагестан;2014;89900.2;92469.3
Республика Ингушетия;2014;24471.6;24302.8
Кабардино-Балкарская Республика;2014;28100.3;30098.3
Карачаево-Черкесская Республика;2014;18602.5;20782.2
Республика Северная   Осетия – Алания ;2014;25276.2;27051.8
Чеченская Республика;2014;69688.7;71758.9
Ставропольский край;2014;93964.3;98940.2
Приволжский    федеральный округ;2014;0;0
Республика Башкортостан;2014;165740.9;179568.4
Республика Марий Эл;2014;26196.8;28459
Республика Мордовия;2014;39876.3;45626.3
Республика Татарстан;2014;216806.7;234626.1
Удмуртская Республика;2014;63927.5;77156.6
Чувашская Республика;2014;44382.2;47741.3
Пермский край;2014;121602.2;132971.7
Кировская область;2014;53375.3;57888.3
Нижегородская область;2014;149325.3;160996
Оренбургская область;2014;90088.8;92993.5
Пензенская область;2014;51047.2;53009.3
Самарская область;2014;160080;175149
Саратовская область;2014;82709.6;87912.5
Ульяновская область;2014;43186.1;47570.6
Уральский        федеральный округ;2014;0;0
Курганская область;2014;33789;37678.6
Свердловская область;2014;210703;232648
Тюменская область;2014;160225.2;153234.7
Челябинская область;2014;142491.4;146564
Ханты-Мансийский      автономный округ – Югра;2014;246446.9;238852.7
Ямало-Ненецкий автономный округ;2014;161682.5;159642.5
Сибирский     федеральный округ;2014;0;0
Республика Алтай;2014;19965;19735.4
Республика Тыва;2014;22633.7;23637.9
Республика Хакасия;2014;26254.5;29177.2
Алтайский край;2014;94549.7;95713.4
Красноярский край;2014;191297.6;214423.3
Иркутская область;2014;124895.9;138142.1
Кемеровская область;2014;127260.7;140509.9
Новосибирская область;2014;132190.9;146560.8
Омская область;2014;82884.9;88680.8
Томская область;2014;58718.6;64723.2
Дальневосточный федеральный округ;2014;0;0
Республика Бурятия;2014;50409.6;54602
Республика Саха (Якутия);2014;172332.9;177367.4
Забайкальский край;2014;49472.2;56610.6
Камчатский край;2014;62399.8;63527.1
Приморский край;2014;102598;105942.6
Хабаровский край;2014;98449.4;113628.5
Амурская область;2014;53778.3;65427.2
Магаданская область;2014;26831.5;31189.4
Сахалинская область;2014;155477.8;132371.5
Еврейская автономная    область;2014;11387.2;13381.3
Чукотский автономный округ;2014;21385.4;22339.8
Центральный федеральный округ;2015;0;0
Белгородская область;2015;81081.9;83670
Брянская область;2015;49827;52847.1
Владимирская область;2015;57594.3;57072.8
Воронежская область;2015;98442.2;105084.7
Ивановская область;2015;36389.9;40014.8
Калужская область;2015;54962.9;62279.7
Костромская область;2015;25099.5;28525.4
Курская область;2015;51394.9;51840.1
Липецкая область;2015;58638.7;58906.4
Московская область;2015;531287.5;532239.4
Орловская область;2015;31958.5;34762.9
Рязанская область;2015;50598.6;51614.2
Смоленская область;2015;38559.7;45519
Тамбовская область;2015;48751.6;52110.5
Тверская область;2015;62121.1;62559.3
Тульская область;2015;75423.2;76212.2
Ярославская область;2015;64758.4;69160.5
г. Москва;2015;1673525.8;1529126.5
Северо-Западный федеральный округ;2015;0;0
Республика Карелия;2015;34801.5;38578.9
Республика Коми;2015;67419.7;76084.9
Архангельская область;2015;78414.3;81203.5
Вологодская область;2015;58063.5;60013.6
Калининградская область;2015;59136.5;70230.2
Ленинградская область;2015;132512.6;120803.5
Мурманская область;2015;66556;68026.9
Новгородская область;2015;29934;31268.5
Псковская область;2015;26843;28986
г. Санкт-Петербург;2015;447420.2;439743.8
Ненецкий автономный округ;2015;18470.6;20656
Южный               федеральный округ;2015;0;0
Республика Адыгея;2015;17004.7;18157.6
Республика Калмыкия;2015;11257.5;12363.6
Республика Крым;2015;95766.6;100178
Краснодарский край;2015;236840.6;253977.1
Астраханская область;2015;38627;42152.7
Волгоградская область;2015;100282.9;107519
Ростовская область;2015;170793.4;185397.2
г. Севастополь;2015;21244.8;18388.2
Северо-Кавказский      федеральный округ;2015;0;0
Республика Дагестан;2015;90589.9;94698.6
Республика Ингушетия;2015;24409.2;26565.9
Кабардино-Балкарская Республика;2015;29549.7;32637
Карачаево-Черкесская Республика;2015;22557.5;23234.2
Республика Северная   Осетия – Алания ;2015;24852.1;25698.2
Чеченская Республика;2015;73682.2;74419.5
Ставропольский край;2015;93128.5;103516.9
Приволжский    федеральный округ;2015;0;0
Республика Башкортостан;2015;177799.7;179677.8
Республика Марий Эл;2015;27378.7;29843.8
Республика Мордовия;2015;38064;46907.2
Республика Татарстан;2015;242485.6;248936.7
Удмуртская Республика;2015;66931.8;74335.4
Чувашская Республика;2015;44363.7;47271.8
Пермский край;2015;126934.2;132909.4
Кировская область;2015;54608.9;58688.9
Нижегородская область;2015;152928.5;163884.7
Оренбургская область;2015;92141;96594
Пензенская область;2015;48652.9;51469
Самарская область;2015;160370.2;173301.3
Саратовская область;2015;86999.3;92718
Ульяновская область;2015;45641.2;53142.4
Уральский        федеральный округ;2015;0;0
Курганская область;2015;34003.5;38873
Свердловская область;2015;222097.8;239643
Тюменская область;2015;151490.9;139702.5
Челябинская область;2015;153519;156060.7
Ханты-Мансийский      автономный округ – Югра;2015;275321.1;268054.1
Ямало-Ненецкий автономный округ;2015;137650.2;138526.8
Сибирский     федеральный округ;2015;0;0
Республика Алтай;2015;16957.7;17632.6
Республика Тыва;2015;21158.3;22369.7
Республика Хакасия;2015;28298.9;33350.4
Алтайский край;2015;95509.1;98156.8
Красноярский край;2015;211416.9;232528
Иркутская область;2015;129088.9;139023.2
Кемеровская область;2015;132303.2;141239.4
Новосибирская область;2015;131858.2;145049.5
Омская область;2015;79029.2;84184.5
Томская область;2015;61402.2;64223.8
Дальневосточный федеральный округ;2015;0;0
Республика Бурятия;2015;52843.5;54062.6
Республика Саха (Якутия);2015;186473.2;190796.2
Забайкальский край;2015;53187.7;59772.8
Камчатский край;2015;65195.2;65471.8
Приморский край;2015;107973.9;108127.6
Хабаровский край;2015;90924.6;102123.9
Амурская область;2015;52149.1;56426.6
Магаданская область;2015;27327.1;32780.1
Сахалинская область;2015;223363.6;212657.1
Еврейская автономная    область;2015;10320.8;11765.9
Чукотский автономный округ;2015;28053.5;25938.4
Центральный федеральный округ;2016;0;0
Белгородская область;2016;82121.6;85180.6
Брянская область;2016;58118.5;57338.3
Владимирская область;2016;62061.7;60359.6
Воронежская область;2016;105614.8;104595.4
Ивановская область;2016;37244.6;38486.9
Калужская область;2016;60935.4;62966.4
Костромская область;2016;26966;30946.8
Курская область;2016;52673.1;54858.7
Липецкая область;2016;61688.7;62152.1
Московская область;2016;551730.5;543726.4
Орловская область;2016;32646.2;35874.6
Рязанская область;2016;54276.7;52361.9
Смоленская область;2016;43320.2;45224.2
Тамбовская область;2016;51504.7;53927.5
Тверская область;2016;63935.5;60481.9
Тульская область;2016;79903.3;80261.5
Ярославская область;2016;65508.4;70591.8
г. Москва;2016;1861674.9;1746049.4
Северо-Западный федеральный округ;2016;0;0
Республика Карелия;2016;39323.6;41940.9
Республика Коми;2016;71849.9;78123.7
Архангельская область;2016;76277.9;81717.5
Вологодская область;2016;67218.9;62535.4
Калининградская область;2016;85509.3;88326.4
Ленинградская область;2016;136684.3;133820.4
Мурманская область;2016;72667;70141.2
Новгородская область;2016;33092.7;33350
Псковская область;2016;30178;31693.5
г. Санкт-Петербург;2016;485870.8;505195.5
Ненецкий автономный округ;2016;14540.7;17921.6
Южный               федеральный округ;2016;0;0
Республика Адыгея;2016;18113.5;17675.4
Республика Калмыкия;2016;11637.1;12196.4
Республика Крым;2016;116745.6;131317.8
Краснодарский край;2016;263308.4;260865.8
Астраханская область;2016;38863.5;40457.8
Волгоградская область;2016;101485.8;108067.2
Ростовская область;2016;190895.1;186359.2
г. Севастополь;2016;21818.4;25334.2
Северо-Кавказский      федеральный округ;2016;0;0
Республика Дагестан;2016;98065.6;96253.1
Республика Ингушетия;2016;28661.3;27795.4
Кабардино-Балкарская Республика;2016;31224.3;34117.4
Карачаево-Черкесская Республика;2016;21233.8;21895.9
Республика Северная   Осетия – Алания ;2016;26275.8;26181.4
Чеченская Республика;2016;72071.7;71247.8
Ставропольский край;2016;100163.9;103763.8
Приволжский    федеральный округ;2016;0;0
Республика Башкортостан;2016;195174;185071.7
Республика Марий Эл;2016;27269;27631.2
Республика Мордовия;2016;42063;46445.8
Республика Татарстан;2016;261982.2;261510.4
Удмуртская Республика;2016;73564.3;81509.8
Чувашская Республика;2016;48793.9;47131.3
Пермский край;2016;133107.4;133694.1
Кировская область;2016;54841.7;57766.5
Нижегородская область;2016;164959.9;168849.4
Оренбургская область;2016;90903;91589
Пензенская область;2016;55321.2;55394.9
Самарская область;2016;173301.8;178805.6
Саратовская область;2016;93142.7;93205.3
Ульяновская область;2016;55717.1;56944
Уральский        федеральный округ;2016;0;0
Курганская область;2016;37895.1;40739.4
Свердловская область;2016;242877.6;247491
Тюменская область;2016;142508.1;138061.1
Челябинская область;2016;163000.7;162648.4
Ханты-Мансийский      автономный округ – Югра;2016;245790;254905
Ямало-Ненецкий автономный округ;2016;155155.8;155482.3
Сибирский     федеральный округ;2016;0;0
Республика Алтай;2016;17087.5;17142.9
Республика Тыва;2016;24475.7;23539.4
Республика Хакасия;2016;26500.2;33687.4
Алтайский край;2016;99464.7;94291.4
Красноярский край;2016;223619.8;238822.4
Иркутская область;2016;153145;152046.7
Кемеровская область;2016;135618.4;141464.5
Новосибирская область;2016;145944.3;146689.2
Омская область;2016;83585;89147
Томская область;2016;67157.7;67738.4
Дальневосточный федеральный округ;2016;0;0
Республика Бурятия;2016;51535.3;54063.8
Республика Саха (Якутия);2016;196187.2;203726.7
Забайкальский край;2016;55572.1;55405.2
Камчатский край;2016;72039.3;72624.4
Приморский край;2016;112869.7;108222
Хабаровский край;2016;101794.6;106429.5
Амурская область;2016;57803.7;54292.8
Магаданская область;2016;32919.6;33755.5
Сахалинская область;2016;156012.4;159270.4
Еврейская автономная    область;2016;11352.2;12090.2
Чукотский автономный округ;2016;32964;30162.5
Центральный федеральный округ;2017;0;0
Белгородская область;2017;96800.4;95658.4
Брянская область;2017;61907.1;59857.3
Владимирская область;2017;65090.4;64277.8
Воронежская область;2017;114195;108403.9
Ивановская область;2017;39173.8;39831.5
Калужская область;2017;68934.3;67933.5
Костромская область;2017;28845;31554.2
Курская область;2017;60605.4;59647.9
Липецкая область;2017;65116.7;63423.4
Московская область;2017;604970.2;619658
Орловская область;2017;33969.8;37156.9
Рязанская область;2017;59398.8;55175.5
Смоленская область;2017;45305.2;45078.1
Тамбовская область;2017;48854.6;51282.2
Тверская область;2017;67915.1;66077.9
Тульская область;2017;82921.9;87648.8
Ярославская область;2017;70416.4;73310.6
г. Москва;2017;2107014.7;2105168
Северо-Западный федеральный округ;2017;0;0
Республика Карелия;2017;41108.6;43592.7
Республика Коми;2017;82654.5;79849
Архангельская область;2017;83409.2;84354.1
Вологодская область;2017;72109.1;65195.2
Калининградская область;2017;111017;113886.2
Ленинградская область;2017;133890.6;142545.9
Мурманская область;2017;72725;73328.1
Новгородская область;2017;34967.6;34996.4
Псковская область;2017;31217.2;32873.4
г. Санкт-Петербург;2017;522151.7;565117.7
Ненецкий автономный округ;2017;19958.5;19247.2
Южный               федеральный округ;2017;0;0
Республика Адыгея;2017;19056.2;19764.8
Республика Калмыкия;2017;12916.5;13513.7
Республика Крым;2017;160400.1;161718.1
Краснодарский край;2017;296894.3;279425.2
Астраханская область;2017;43789.3;41910.3
Волгоградская область;2017;107743.5;109226
Ростовская область;2017;192154.6;190689.2
г. Севастополь;2017;30991.1;33549.5
Северо-Кавказский      федеральный округ;2017;0;0
Республика Дагестан;2017;107278.3;103582.3
Республика Ингушетия;2017;23000.6;22883.4
Кабардино-Балкарская Республика;2017;29390.4;32087.4
Карачаево-Черкесская Республика;2017;24039.2;23992.1
Республика Северная   Осетия – Алания ;2017;27733.9;28119.5
Чеченская Республика;2017;77477.4;77116.6
Ставропольский край;2017;113885.4;113502.6
Приволжский    федеральный округ;2017;0;0
Республика Башкортостан;2017;201001.2;189307
Республика Марий Эл;2017;30692.8;30548.2
Республика Мордовия;2017;39853.4;49915.4
Республика Татарстан;2017;287664.1;274013.7
Удмуртская Республика;2017;78505.8;78317
Чувашская Республика;2017;51497.2;51997.8
Пермский край;2017;145353.1;144834.1
Кировская область;2017;58268.9;58347.7
Нижегородская область;2017;175161.4;178839.5
Оренбургская область;2017;91871.3;92813.8
Пензенская область;2017;56326.2;56729.8
Самарская область;2017;181960.1;182254.6
Саратовская область;2017;99722.3;98987.5
Ульяновская область;2017;58438.8;61135.8
Уральский        федеральный округ;2017;0;0
Курганская область;2017;39783.4;42036.5
Свердловская область;2017;262834.9;264333.4
Тюменская область;2017;158955.1;159635.8
Челябинская область;2017;177969.5;170696.2
Ханты-Мансийский      автономный округ – Югра;2017;229127.9;246432.8
Ямало-Ненецкий автономный округ;2017;184358.4;169114.9
Сибирский     федеральный округ;2017;0;0
Республика Алтай;2017;17578.4;17148.6
Республика Тыва;2017;24965.4;24548.4
Республика Хакасия;2017;29184.4;31219.9
Алтайский край;2017;102067.1;99772.1
Красноярский край;2017;245524;251313.6
Иркутская область;2017;164435.2;165330.6
Кемеровская область;2017;166917.9;146058.3
Новосибирская область;2017;156083.1;156025.6
Омская область;2017;87782.7;89698.4
Томская область;2017;65123.1;71094.5
Дальневосточный федеральный округ;2017;0;0
Республика Бурятия;2017;56642.3;59343.1
Республика Саха (Якутия);2017;203265.8;211708
Забайкальский край;2017;58800.3;60838.5
Камчатский край;2017;75773.4;74953.4
Приморский край;2017;123776.2;119316
Хабаровский край;2017;109972.6;116313.4
Амурская область;2017;58098.9;57650.5
Магаданская область;2017;35065.8;36622.1
Сахалинская область;2017;130111;137258.6
Еврейская автономная    область;2017;10624;11386.2
Чукотский автономный округ;2017;30156;31543.9
Центральный федеральный округ;2018;0;0
Белгородская область;2018;113496.1;105796.6
Брянская область;2018;66382.9;64162.5
Владимирская область;2018;71819.3;70882.8
Воронежская область;2018;135777.4;123568.4
Ивановская область;2018;46427;43861.4
Калужская область;2018;85260.2;73733.6
Костромская область;2018;35879.9;34675.9
Курская область;2018;66101.3;64834.3
Липецкая область;2018;75267.3;69357.8
Московская область;2018;671792.8;703478.1
Орловская область;2018;39351.5;39145.2
Рязанская область;2018;63931;62026.5
Смоленская область;2018;49591;47045.6
Тамбовская область;2018;52692.4;53401
Тверская область;2018;72754.8;66686.8
Тульская область;2018;92181.3;89149.7
Ярославская область;2018;78778.9;80841.6
г. Москва;2018;2386856;2325318.1
Северо-Западный федеральный округ;2018;0;0
Республика Карелия;2018;54378;50243.3
Республика Коми;2018;95970.2;85530.6
Архангельская область;2018;93151;89932.2
Вологодская область;2018;89451.4;74586
Калининградская область;2018;126339.7;123973.2
Ленинградская область;2018;168793.4;154142.6
Мурманская область;2018;81971.4;82308.7
Новгородская область;2018;37605.2;37004.6
Псковская область;2018;36306.6;36160.3
г. Санкт-Петербург;2018;589468;579700.7
Ненецкий автономный округ;2018;23252.3;21423.7
Южный               федеральный округ;2018;0;0
Республика Адыгея;2018;23547.5;23281.5
Республика Калмыкия;2018;15185.4;15294.1
Республика Крым;2018;175509.5;175470.5
Краснодарский край;2018;316238.7;300332.7
Астраханская область;2018;55981.8;48789.9
Волгоградская область;2018;121078.3;119090.3
Ростовская область;2018;217310.1;209418.5
г. Севастополь;2018;39536.4;35713.5
Северо-Кавказский      федеральный округ;2018;0;0
Республика Дагестан;2018;119874.1;107949.5
Республика Ингушетия;2018;24820;24513.6
Кабардино-Балкарская Республика;2018;35996.6;34130.7
Карачаево-Черкесская Республика;2018;26504.9;26439.1
Республика Северная   Осетия – Алания ;2018;32997.3;32577.2
Чеченская Республика;2018;80806.5;80510.8
Ставропольский край;2018;127085;120240.4
Приволжский    федеральный округ;2018;0;0
Республика Башкортостан;2018;239885.6;215269.3
Республика Марий Эл;2018;30821.6;30481.7
Республика Мордовия;2018;41149.4;48196.3
Республика Татарстан;2018;324919.3;319388.5
Удмуртская Республика;2018;85440.6;83726.4
Чувашская Республика;2018;57790.5;55807.7
Пермский край;2018;157250.5;153370.9
Кировская область;2018;64349.1;62707.3
Нижегородская область;2018;195412.9;186203.2
Оренбургская область;2018;108900.7;96608.3
Пензенская область;2018;64808.8;64637.6
Самарская область;2018;198965.5;182451.6
Саратовская область;2018;110567.1;105241.6
Ульяновская область;2018;65613.2;64948.9
Уральский        федеральный округ;2018;0;0
Курганская область;2018;45596.7;45927.2
Свердловская область;2018;302088.3;292025.5
Тюменская область;2018;228084;191304.4
Челябинская область;2018;206323.1;193731.3
Ханты-Мансийский      автономный округ – Югра;2018;324663.1;283393.6
Ямало-Ненецкий автономный округ;2018;235177.8;189380.8
Сибирский     федеральный округ;2018;0;0
Республика Алтай;2018;20762.9;20971.7
Республика Тыва;2018;29803.8;29056.5
Республика Хакасия;2018;40787;38244.2
Алтайский край;2018;119763.2;110974.5
Красноярский край;2018;277015.2;278203.9
Иркутская область;2018;193634.3;180043.8
Кемеровская область;2018;203676.9;167988.4
Новосибирская область;2018;181192.8;174194.4
Омская область;2018;102470.6;99832.4
Томская область;2018;74231.2;74656.9
Дальневосточный федеральный округ;2018;0;0
Республика Бурятия;2018;64778.4;65157.5
Республика Саха (Якутия);2018;248328.7;235790.7
Забайкальский край;2018;70790.9;70424
Камчатский край;2018;87791.5;86208.7
Приморский край;2018;142373;125689.5
Хабаровский край;2018;122245;132509.2
Амурская область;2018;65283.3;64772.3
Магаданская область;2018;37789.3;38895.7
Сахалинская область;2018;156810;165315.4
Еврейская автономная    область;2018;11677.7;12208
Чукотский автономный округ;2018;36268.5;35834.9
Центральный федеральный округ;2019;0;0
Белгородская область;2019;123221.5112;124172.4982
Брянская область;2019;74255.374;73285.43475
Владимирская область;2019;78334.78974;77963.41249
Воронежская область;2019;142042.4128;140467.5954
Ивановская область;2019;51289.3436;49764.47041
Калужская область;2019;84430.68365;83236.55732
Костромская область;2019;41926.12043;40014.12332
Курская область;2019;76576.02015;75430.21023
Липецкая область;2019;75941.91855;79813.33101
Московская область;2019;739320.899;813727.0651
Орловская область;2019;41378.3643;41477.77792
Рязанская область;2019;71127.3497;70702.54954
Смоленская область;2019;53997.70487;53476.14725
Тамбовская область;2019;54575.52442;57294.66368
Тверская область;2019;80161.78985;76369.94384
Тульская область;2019;100697.6186;102234.4065
Ярославская область;2019;82011.38108;82756.17403
г. Москва;2019;2641504.609;2694799.037
Северо-Западный федеральный округ;2019;0;0
Республика Карелия;2019;58543.52753;57556.21436
Республика Коми;2019;99128.44138;95462.39916
Архангельская область;2019;107888.5937;103997.1357
Вологодская область;2019;105340.9218;95985.34079
Калининградская область;2019;131476.6691;130604.2168
Ленинградская область;2019;176311.0392;174599.9234
Мурманская область;2019;101783.9061;98397.4994
Новгородская область;2019;42453.1977;42731.66771
Псковская область;2019;41054.98668;41544.62568
г. Санкт-Петербург;2019;649005.9524;659812.0745
Ненецкий автономный округ;2019;24500.46063;24259.3372
Южный               федеральный округ;2019;0;0
Республика Адыгея;2019;28275.96088;28723.74316
Республика Калмыкия;2019;18113.97225;18521.36523
Республика Крым;2019;192650.3751;192370.1426
Краснодарский край;2019;366573.1179;335042.1912
Астраханская область;2019;59107.93548;54195.40643
Волгоградская область;2019;131317.2161;129579.6166
Ростовская область;2019;221356.1389;226328.8149
г. Севастополь;2019;38440.77127;40752.64367
Северо-Кавказский      федеральный округ;2019;0;0
Республика Дагестан;2019;134786.173;129598.0895
Республика Ингушетия;2019;26715.04829;26062.08725
Кабардино-Балкарская Республика;2019;41206.63171;38646.84038
Карачаево-Черкесская Республика;2019;30340.86629;29996.8332
Республика Северная   Осетия – Алания ;2019;38510.06797;37517.08599
Чеченская Республика;2019;97634.93082;97846.2654
Ставропольский край;2019;138820.8741;138735.4976
Приволжский    федеральный округ;2019;0;0
Республика Башкортостан;2019;239425.1224;255737.9729
Республика Марий Эл;2019;36792.49008;35048.36065
Республика Мордовия;2019;46741.29714;45410.09294
Республика Татарстан;2019;337044.286;322139.0139
Удмуртская Республика;2019;94416.26688;96047.20306
Чувашская Республика;2019;66684.88476;61814.27485
Пермский край;2019;183945.1566;174502.366
Кировская область;2019;72111.43814;70411.36439
Нижегородская область;2019;214459.8945;215247.0505
Оренбургская область;2019;118742.0817;117638.666
Пензенская область;2019;67584.42775;68608.28464
Самарская область;2019;213837.0681;206426.0055
Саратовская область;2019;121262.0297;122098.4497
Ульяновская область;2019;69374.06121;71895.11515
Уральский        федеральный округ;2019;0;0
Курганская область;2019;54445.56584;54330.51942
Свердловская область;2019;313423.4842;327615.4641
Тюменская область;2019;241192.3689;222553.7883
Челябинская область;2019;215264.243;216451.765
Ханты-Мансийский      автономный округ – Югра;2019;318634.6552;311478.9624
Ямало-Ненецкий автономный округ;2019;257244.347;225570.8182
Сибирский     федеральный округ;2019;0;0
Республика Алтай;2019;25097.84144;24421.47612
Республика Тыва;2019;33703.57978;34037.72077
Республика Хакасия;2019;37092.83381;35981.51118
Алтайский край;2019;126456.6494;126016.0915
Красноярский край;2019;327846.2639;289759.5112
Иркутская область;2019;227142.0982;240179.8347
Кемеровская область;2019;194173.3713;196945.3264
Новосибирская область;2019;196645.307;205006.8716
Омская область;2019;111954.5528;111641.0751
Томская область;2019;79919.30705;83406.47271
Дальневосточный федеральный округ;2019;0;0
Республика Бурятия;2019;80089.95636;80573.89208
Республика Саха (Якутия);2019;249010.3463;251738.5391
Забайкальский край;2019;89703.72234;87791.36714
Камчатский край;2019;92765.86916;94216.54402
Приморский край;2019;162901.1397;160717.8343
Хабаровский край;2019;132728.8833;136737.5081
Амурская область;2019;83459.15328;78120.78708
Магаданская область;2019;43496.55313;43595.54857
Сахалинская область;2019;205332.2752;204009.7446
Еврейская автономная    область;2019;14999.6605;15110.13815
Чукотский автономный округ;2019;56648.86141;56303.34019
Центральный федеральный округ;2020;0;0
Белгородская область;2020;133462.8519;133220.4959
Брянская область;2020;85935.00705;84745.97889
Владимирская область;2020;90131.84109;88019.72222
Воронежская область;2020;168139.4873;159607.322
Ивановская область;2020;66837.97337;64544.96566
Калужская область;2020;93722.43193;98971.7381
Костромская область;2020;46991.5421;46270.31846
Курская область;2020;83635.06887;83193.70145
Липецкая область;2020;85868.9441;86281.22414
Московская область;2020;805479.821;893302.1208
Орловская область;2020;48823.65231;50412.18973
Рязанская область;2020;78388.89188;79622.72187
Смоленская область;2020;64383.37668;64824.12849
Тамбовская область;2020;64058.82527;64248.74909
Тверская область;2020;93811.48995;91046.45848
Тульская область;2020;112533.8903;114954.0047
Ярославская область;2020;96012.47222;97822.82524
г. Москва;2020;2880723.712;3016605.359
Северо-Западный федеральный округ;2020;0;0
Республика Карелия;2020;68182.68757;75012.48082
Республика Коми;2020;102417.1094;114635.5613
Архангельская область;2020;113301.3926;128415.2569
Вологодская область;2020;114790.6841;114884.0549
Калининградская область;2020;140106.2915;139959.9195
Ленинградская область;2020;193286.6873;205556.5573
Мурманская область;2020;108196.6428;106534.3954
Новгородская область;2020;48984.47776;51944.71399
Псковская область;2020;48614.81849;51783.02425
г. Санкт-Петербург;2020;679519.0877;717758.8206
Ненецкий автономный округ;2020;23983.13425;25413.92819
Южный               федеральный округ;2020;0;0
Республика Адыгея;2020;35309.18454;36098.40377
Республика Калмыкия;2020;22721.46363;24739.18754
Республика Крым;2020;225018.537;223555.3553
Краснодарский край;2020;387084.1666;388021.9451
Астраханская область;2020;64462.6387;66273.54483
Волгоградская область;2020;152467.7658;155564.521
Ростовская область;2020;257191.4648;261519.5129
г. Севастополь;2020;59378.22786;56606.25696
Северо-Кавказский      федеральный округ;2020;0;0
Республика Дагестан;2020;181313.008;179584.4511
Республика Ингушетия;2020;35791.03918;36222.83253
Кабардино-Балкарская Республика;2020;55722.58918;53644.96649
Карачаево-Черкесская Республика;2020;34587.58268;34476.09285
Республика Северная   Осетия – Алания ;2020;48855.02173;48314.48518
Чеченская Республика;2020;127102.6323;128239.3727
Ставропольский край;2020;162121.0499;161838.6303
Приволжский    федеральный округ;2020;0;0
Республика Башкортостан;2020;261542.816;298887.9881
Республика Марий Эл;2020;47346.29652;47217.89431
Республика Мордовия;2020;57433.3782;55691.34556
Республика Татарстан;2020;341216.7743;363185.0674
Удмуртская Республика;2020;97609.98667;112939.939
Чувашская Республика;2020;76614.10003;76066.47163
Пермский край;2020;189436.2983;211949.2324
Кировская область;2020;82180.07679;81613.402
Нижегородская область;2020;250380.399;261592.8911
Оренбургская область;2020;131218.24;133396.2291
Пензенская область;2020;81380.55946;81673.00923
Самарская область;2020;248778.3274;246385.3287
Саратовская область;2020;146440.7668;149913.1092
Ульяновская область;2020;81131.15811;90203.20562
Уральский        федеральный округ;2020;0;0
Курганская область;2020;60214.13748;61090.13687
Свердловская область;2020;349047.0986;378546.7552
Тюменская область;2020;192132.2894;229734.5275
Челябинская область;2020;239619.9432;267944.0728
Ханты-Мансийский      автономный округ – Югра;2020;324546.9763;334672.0862
Ямало-Ненецкий автономный округ;2020;226720.8091;259191.9559
Сибирский     федеральный округ;2020;0;0
Республика Алтай;2020;29542.6019;30146.88132
Республика Тыва;2020;48260.49398;48577.2595
Республика Хакасия;2020;43196.3408;48339.74845
Алтайский край;2020;154273.0899;148325.5414
Красноярский край;2020;337705.5104;332713.8558
Иркутская область;2020;241412.7146;257782.7332
Кемеровская область;2020;201174.0551;242866.1739
Новосибирская область;2020;232151.9241;236515.3433
Омская область;2020;132540.5498;134125.0143
Томская область;2020;88212.2065;98472.6074
Дальневосточный федеральный округ;2020;0;0
Республика Бурятия;2020;94718.35341;96655.10519
Республика Саха (Якутия);2020;275173.8451;276561.1965
Забайкальский край;2020;96624.49969;100270.9145
Камчатский край;2020;105740.0384;107335.6086
Приморский край;2020;173978.7424;188032.5542
Хабаровский край;2020;150747.8337;154885.5049
Амурская область;2020;105151.2337;103044.1952
Магаданская область;2020;53118.58136;52440.91826
Сахалинская область;2020;184002.8481;200517.3723
Еврейская автономная    область;2020;21032.42045;20381.65307
Чукотский автономный округ;2020;54335.43114;49872.86809
Центральный федеральный округ;2021;0;0
Белгородская область;2021;184230.802;151300.72
Брянская область;2021;94310.85174;90413.35875
Владимирская область;2021;109213.1729;98402.47403
Воронежская область;2021;190968.5484;168901.8826
Ивановская область;2021;71459.39342;65848.11625
Калужская область;2021;101164.8072;98963.66552
Костромская область;2021;53943.14966;51268.972
Курская область;2021;112884.6721;101419.3845
Липецкая область;2021;127729.9555;91375.13471
Московская область;2021;927291.9676;906496.4217
Орловская область;2021;56301.15616;52224.32294
Рязанская область;2021;92085.60904;89814.50658
Смоленская область;2021;71790.88861;64036.82685
Тамбовская область;2021;71152.21497;67041.61979
Тверская область;2021;108471.8354;104543.4303
Тульская область;2021;131264.5709;126680.1871
Ярославская область;2021;109227.1874;104980.0419
г. Москва;2021;3349411.148;3458708.919
Северо-Западный федеральный округ;2021;0;0
Республика Карелия;2021;80993.6191;77484.40853
Республика Коми;2021;118579.1586;115897.947
Архангельская область;2021;134048.0084;138354.5264
Вологодская область;2021;159397.388;125197.1479
Калининградская область;2021;141575.441;135802.9617
Ленинградская область;2021;208061.4262;212094.0702
Мурманская область;2021;141990.1776;123731.4416
Новгородская область;2021;62645.26946;55261.85388
Псковская область;2021;55096.99357;54559.13556
г. Санкт-Петербург;2021;846022.6598;799694.8285
Ненецкий автономный округ;2021;31124.25545;28620.44398
Южный               федеральный округ;2021;0;0
Республика Адыгея;2021;40473.65114;38229.06806
Республика Калмыкия;2021;23496.19782;24803.44027
Республика Крым;2021;218129.7105;223477.2132
Краснодарский край;2021;452626.8485;413257.2677
Астраханская область;2021;76267.66399;73148.17983
Волгоградская область;2021;165082.9243;166620.5264
Ростовская область;2021;299339.8737;291880.212
г. Севастополь;2021;63672.16986;66062.31435
Северо-Кавказский      федеральный округ;2021;0;0
Республика Дагестан;2021;185899.9284;181059.9375
Республика Ингушетия;2021;39571.19162;39551.92396
Кабардино-Балкарская Республика;2021;57219.11223;55647.01196
Карачаево-Черкесская Республика;2021;38918.86248;37923.56398
Республика Северная   Осетия – Алания ;2021;51424.72739;50186.40146
Чеченская Республика;2021;138140.3829;140212.9944
Ставропольский край;2021;184894.9897;171309.4999
Приволжский    федеральный округ;2021;0;0
Республика Башкортостан;2021;290224.4291;299013.2481
Республика Марий Эл;2021;55162.11408;51380.43698
Республика Мордовия;2021;66107.33723;62160.94722
Республика Татарстан;2021;410942.1613;398093.2332
Удмуртская Республика;2021;117721.3214;121804.3224
Чувашская Республика;2021;85336.67869;85185.22777
Пермский край;2021;249383.8336;221755.6764
Кировская область;2021;98046.31715;91051.03337
Нижегородская область;2021;288163.6776;283670.322
Оренбургская область;2021;161941.8369;144285.2324
Пензенская область;2021;88691.43898;83918.07009
Самарская область;2021;306133.6208;278378.5464
Саратовская область;2021;168373.634;164985.8672
Ульяновская область;2021;92648.31702;99840.96331
Уральский        федеральный округ;2021;0;0
Курганская область;2021;67892.47185;67145.65996
Свердловская область;2021;427621.3386;410687.5823
Тюменская область;2021;274276.0032;249909.5348
Челябинская область;2021;320817.2438;272237.1435
Ханты-Мансийский      автономный округ – Югра;2021;336818.4109;339056.9071
Ямало-Ненецкий автономный округ;2021;285091.3247;264700.6069
Сибирский     федеральный округ;2021;0;0
Республика Алтай;2021;31772.92372;31470.34551
Республика Тыва;2021;53498.18726;53853.0992
Республика Хакасия;2021;54124.20565;51992.44689
Алтайский край;2021;173339.3191;164506.3781
Красноярский край;2021;464956.9846;367958.6586
Иркутская область;2021;291266.789;273096.8195
Кемеровская область;2021;278034.7558;243445.8022
Новосибирская область;2021;280434.2065;263362.4767
Омская область;2021;146601.0411;149864.6235
Томская область;2021;99721.77716;104259.5386
Дальневосточный федеральный округ;2021;0;0
Республика Бурятия;2021;105771.9254;106272.9297
Республика Саха (Якутия);2021;358298.5715;319247.216
Забайкальский край;2021;113925.0961;115032.7915
Камчатский край;2021;115358.7244;114653.0249
Приморский край;2021;199109.2252;197526.7529
Хабаровский край;2021;165526.7423;159371.7181
Амурская область;2021;118629.5395;123770.723
Магаданская область;2021;57680.5711;57065.46045
Сахалинская область;2021;187448.1374;185744.5368
Еврейская автономная    область;2021;24315.33508;21832.04043
Чукотский автономный округ;2021;53866.3796;55948.68874
