Субъект РФ;Год;Индексы потребительских цен (декабрь к декабрю прошлого года в %);Индексы цен производителей промышленных товаров (декабрь к декабрю прошлого года в %)
Центральный федеральный округ;2000;120.7;0
Белгородская область;2000;120.9;124
Брянская область;2000;118.6;130.4
Владимирская область;2000;118.1;122.8
Воронежская область;2000;122.7;130.9
Ивановская область;2000;116.6;138.5
Калужская область;2000;118.6;135.4
Костромская область;2000;121.4;133.7
Курская область;2000;119.1;114.6
Липецкая область;2000;121.9;121.9
Московская область;2000;121.8;107.4
Орловская область;2000;119;118.9
Рязанская область;2000;118.1;130.2
Смоленская область;2000;122.5;121.2
Тамбовская область;2000;120.3;123.2
Тверская область;2000;121.9;130.7
Тульская область;2000;121.7;134.2
Ярославская область;2000;120.1;131.8
г. Москва;2000;122.1;126.4
Северо-Западный федеральный округ;2000;121;0
Республика Карелия;2000;119.3;120.5
Республика Коми;2000;119.8;125
Архангельская область;2000;121;121.6
в том числе: ;2000;0;0
Ненецкий автономный округ;2000;125.1;103.8
Архангельская область без автономного округа;2000;0;0
Вологодская область;2000;119.7;126.3
Калининградская область;2000;117.5;126.9
Ленинградская область;2000;123.5;137.4
Мурманская область;2000;121.9;117.3
Новгородская область;2000;120.5;138.7
Псковская область;2000;118.6;126.8
г. Санкт-Петербург;2000;123.5;124.8
Южный             федеральный округ;2000;117;0
Республика Адыгея;2000;119.9;142.4
Республика Калмыкия;2000;116.9;119.8
Республика Крым;2000;0;0
Краснодарский край;2000;118.2;131.5
Астраханская область;2000;116.6;125.3
Волгоградская область;2000;119.2;135.5
Ростовская область;2000;116.1;128
г. Севастополь;2000;0;0
Северо-Кавказский        федеральный округ;2000;0;0
Республика Дагестан;2000;112.2;136.1
Республика Ингушетия;2000;122.7;130
Кабардино-Балкарская Республика;2000;116.8;135
Карачаево-Черкесская Республика;2000;113.4;129.3
Республика Северная Осетия - Алания;2000;116.3;120.8
Чеченская Республика;2000;0;0
Ставропольский край;2000;118.8;156.9
Приволжский федеральный округ;2000;121.2;0
Республика Башкортостан;2000;121.6;156.3
Республика Марий Эл;2000;121.7;131.1
Республика Мордовия;2000;128;143.6
Республика Татарстан;2000;124.2;134.7
Удмуртская Республика;2000;122.2;126.4
Чувашская Республика;2000;126.2;131.7
Пермский край;2000;124.5;139.7
Кировская область;2000;122.6;128.5
Нижегородская область ;2000;121.7;124.3
Оренбургская область;2000;118.7;145
Пензенская область;2000;120.6;138.6
Самарская область;2000;119.9;128.4
Саратовская область;2000;119;129.4
Ульяновская область;2000;123.5;121.5
Уральский         федеральный округ;2000;122.2;0
Курганская область;2000;119.3;133.5
Свердловская область ;2000;123.9;133.9
Тюменская область;2000;120.8;158.9
в том числе:;2000;0;0
Ханты-Мансийский автономный округ - Югра;2000;121.3;160
Ямало-Ненецкий автономный округ;2000;118.7;159.4
Тюменская область  без автономных округов;2000;0;0
Челябинская область;2000;123.1;126
Сибирский        федеральный округ;2000;120.5;0
Республика Алтай;2000;123.6;127.6
Республика Тыва;2000;122.2;125.4
Республика Хакасия;2000;125;136.6
Алтайский край;2000;122.6;109.4
Красноярский край;2000;121.1;129
Иркутская область;2000;121.8;116.9
Кемеровская область;2000;120.3;106.4
Новосибирская область ;2000;122.7;123.8
Омская область;2000;121.3;141.7
Томская область;2000;119.2;137.1
Дальневосточный федеральный округ;2000;118.4;124.5
Республика Бурятия;2000;120.3;140.7
Республика Саха (Якутия);2000;117.4;0
Забайкальский край;2000;117.5;124.9
Камчатский край;2000;124.3;118.6
Приморский край;2000;119;124.1
Хабаровский край ;2000;119.9;122.6
Амурская область;2000;118;109.6
Магаданская область;2000;118.3;96.9
Сахалинская область;2000;115.6;138.2
Еврейская автономная область;2000;116.9;125.9
Чукотский автономный округ;2000;119.7;137.3
Центральный федеральный округ;2001;119.2;0
Белгородская область;2001;119.2;109.6
Брянская область;2001;117.3;115.5
Владимирская область;2001;120.5;111.3
Воронежская область;2001;117.1;113.4
Ивановская область;2001;119.9;110.3
Калужская область;2001;119.6;110.1
Костромская область;2001;119.8;112.5
Курская область;2001;122.9;118.5
Липецкая область;2001;117.1;100.6
Московская область;2001;121.8;108.1
Орловская область;2001;116.7;112.2
Рязанская область;2001;119.2;136.8
Смоленская область;2001;116.6;119.4
Тамбовская область;2001;115.5;116.9
Тверская область;2001;119;112.7
Тульская область;2001;117.2;104.8
Ярославская область;2001;120.8;104
г. Москва;2001;120.4;115
Северо-Западный федеральный округ;2001;118.3;0
Республика Карелия;2001;118.3;108.4
Республика Коми;2001;120.5;101.2
Архангельская область;2001;119.6;89.3
в том числе: ;2001;0;0
Ненецкий автономный округ;2001;120;64.6
Архангельская область без автономного округа;2001;0;0
Вологодская область;2001;115.4;106.5
Калининградская область;2001;121;97.2
Ленинградская область;2001;119.6;110.5
Мурманская область;2001;122.6;102.1
Новгородская область;2001;116.8;116.2
Псковская область;2001;118.4;119
г. Санкт-Петербург;2001;118.1;119.9
Южный             федеральный округ;2001;120.2;0
Республика Адыгея;2001;121.5;105.3
Республика Калмыкия;2001;119.8;132
Республика Крым;2001;0;0
Краснодарский край;2001;122.3;114.3
Астраханская область;2001;121.6;96.4
Волгоградская область;2001;120.5;103.5
Ростовская область;2001;122.3;116
г. Севастополь;2001;0;0
Северо-Кавказский        федеральный округ;2001;0;0
Республика Дагестан;2001;117.4;105.4
Республика Ингушетия;2001;138.7;71.8
Кабардино-Балкарская Республика;2001;122.5;108.3
Карачаево-Черкесская Республика;2001;119.2;112.6
Республика Северная Осетия - Алания;2001;117.5;128.8
Чеченская Республика;2001;0;0
Ставропольский край;2001;119.8;122
Приволжский федеральный округ;2001;118.2;0
Республика Башкортостан;2001;117.4;91.9
Республика Марий Эл;2001;118.2;123.1
Республика Мордовия;2001;119.7;116.7
Республика Татарстан;2001;117.4;89.3
Удмуртская Республика;2001;120.4;102.1
Чувашская Республика;2001;119.1;112.6
Пермский край;2001;122.5;103.4
Кировская область;2001;117.3;112.7
Нижегородская область ;2001;119.7;110.7
Оренбургская область;2001;115.8;108.6
Пензенская область;2001;118.5;113.4
Самарская область;2001;116.7;117.6
Саратовская область;2001;119;114.5
Ульяновская область;2001;128.1;119.6
Уральский         федеральный округ;2001;120.5;0
Курганская область;2001;127.8;110.5
Свердловская область ;2001;120.1;99.5
Тюменская область;2001;119.9;114.7
в том числе:;2001;0;0
Ханты-Мансийский автономный округ - Югра;2001;119.2;107.3
Ямало-Ненецкий автономный округ;2001;122.9;142
Тюменская область  без автономных округов;2001;0;0
Челябинская область;2001;124.8;103.9
Сибирский        федеральный округ;2001;118;0
Республика Алтай;2001;113.7;116.2
Республика Тыва;2001;115;128.3
Республика Хакасия;2001;117.8;142.9
Алтайский край;2001;119.4;115.7
Красноярский край;2001;124.3;112.1
Иркутская область;2001;116.9;138.4
Кемеровская область;2001;118;88.1
Новосибирская область ;2001;114.2;111.1
Омская область;2001;115.4;117.5
Томская область;2001;123.5;120
Дальневосточный федеральный округ;2001;117.8;101.2
Республика Бурятия;2001;120.9;116.9
Республика Саха (Якутия);2001;113.1;0
Забайкальский край;2001;119.3;110.5
Камчатский край;2001;115.4;130.7
Приморский край;2001;119.1;134.7
Хабаровский край ;2001;123.5;108.3
Амурская область;2001;119.7;135
Магаданская область;2001;117.5;126.9
Сахалинская область;2001;119.4;114.2
Еврейская автономная область;2001;119;119.9
Чукотский автономный округ;2001;110.5;117.3
Центральный федеральный округ;2002;115.5;115.5
Белгородская область;2002;116.4;115.4
Брянская область;2002;116.9;117.7
Владимирская область;2002;113.8;112.2
Воронежская область;2002;114.2;114
Ивановская область;2002;115.6;113.4
Калужская область;2002;117.5;125.3
Костромская область;2002;116;117.8
Курская область;2002;116.6;113.5
Липецкая область;2002;113.5;125.5
Московская область;2002;117.8;124.3
Орловская область;2002;115.1;117.7
Рязанская область;2002;112;110
Смоленская область;2002;116.1;121.3
Тамбовская область;2002;114.3;116.3
Тверская область;2002;115;113.1
Тульская область;2002;114.9;115.8
Ярославская область;2002;116.1;101.3
г. Москва;2002;117.2;110.9
Северо-Западный федеральный округ;2002;114.6;117.4
Республика Карелия;2002;115.3;110
Республика Коми;2002;114;118
Архангельская область;2002;116.1;130.5
в том числе: ;2002;0;0
Ненецкий автономный округ;2002;125.5;149.4
Архангельская область без автономного округа;2002;0;0
Вологодская область;2002;113.1;132.7
Калининградская область;2002;109.8;108
Ленинградская область;2002;114.8;105.9
Мурманская область;2002;122.4;128.5
Новгородская область;2002;115.2;110.5
Псковская область;2002;112.6;122
г. Санкт-Петербург;2002;114.7;110.2
Южный             федеральный округ;2002;116.2;111.2
Республика Адыгея;2002;114.5;110.4
Республика Калмыкия;2002;115.2;116.4
Республика Крым;2002;0;0
Краснодарский край;2002;115.9;111.4
Астраханская область;2002;114.5;110.3
Волгоградская область;2002;117;115.2
Ростовская область;2002;118.5;107.6
г. Севастополь;2002;0;0
Северо-Кавказский        федеральный округ;2002;0;110.2
Республика Дагестан;2002;114.7;128.9
Республика Ингушетия;2002;117;153.3
Кабардино-Балкарская Республика;2002;115.6;111.3
Карачаево-Черкесская Республика;2002;119.2;112.5
Республика Северная Осетия - Алания;2002;115.5;103.6
Чеченская Республика;2002;0;0
Ставропольский край;2002;116.2;107.5
Приволжский федеральный округ;2002;115.2;114.7
Республика Башкортостан;2002;114.7;120.7
Республика Марий Эл;2002;114.9;109.4
Республика Мордовия;2002;118.2;112.1
Республика Татарстан;2002;116.4;120.5
Удмуртская Республика;2002;118;115.2
Чувашская Республика;2002;117.3;119.3
Пермский край;2002;116;111.7
Кировская область;2002;113.9;109.3
Нижегородская область ;2002;115.4;109.5
Оренбургская область;2002;113.6;114.7
Пензенская область;2002;115.1;121
Самарская область;2002;117.2;111.4
Саратовская область;2002;111.8;108.6
Ульяновская область;2002;118;113.1
Уральский         федеральный округ;2002;113.7;122.7
Курганская область;2002;113.9;106.9
Свердловская область ;2002;113.7;112.6
Тюменская область;2002;115.5;126.6
в том числе:;2002;0;0
Ханты-Мансийский автономный округ - Югра;2002;117.2;124.4
Ямало-Ненецкий автономный округ;2002;114.8;152.6
Тюменская область  без автономных округов;2002;0;0
Челябинская область;2002;112;123.9
Сибирский        федеральный округ;2002;114.2;118.7
Республика Алтай;2002;116.4;106.9
Республика Тыва;2002;109.6;116.3
Республика Хакасия;2002;114.3;123.7
Алтайский край;2002;113.1;114.9
Красноярский край;2002;116.8;119.7
Иркутская область;2002;113.3;109.2
Кемеровская область;2002;113.9;128.8
Новосибирская область ;2002;115.4;114.1
Омская область;2002;115.2;109.2
Томская область;2002;116.7;115.3
Дальневосточный федеральный округ;2002;115.2;117.3
Республика Бурятия;2002;110.6;118.9
Республика Саха (Якутия);2002;112.1;118.9
Забайкальский край;2002;115.5;110.6
Камчатский край;2002;114.1;134.8
Приморский край;2002;113.6;118.9
Хабаровский край ;2002;117.6;121.4
Амурская область;2002;112.4;125.9
Магаданская область;2002;112.3;130.2
Сахалинская область;2002;117.6;121.6
Еврейская автономная область;2002;119.9;124.2
Чукотский автономный округ;2002;132.7;105.7
Центральный федеральный округ;2003;111.7;118
Белгородская область;2003;112;141.4
Брянская область;2003;112.9;114.8
Владимирская область;2003;115.3;123.2
Воронежская область;2003;111.7;114.9
Ивановская область;2003;114.7;124.1
Калужская область;2003;114.3;115.5
Костромская область;2003;113.5;117
Курская область;2003;116.2;120.6
Липецкая область;2003;113.4;130.8
Московская область;2003;111.7;116.7
Орловская область;2003;112.2;111.8
Рязанская область;2003;114.9;112
Смоленская область;2003;112.9;114.2
Тамбовская область;2003;110.5;107.6
Тверская область;2003;112.8;120.8
Тульская область;2003;116.7;118
Ярославская область;2003;111.9;113.5
г. Москва;2003;110.4;113.5
Северо-Западный федеральный округ;2003;113.2;113.7
Республика Карелия;2003;112.9;104.7
Республика Коми;2003;118;121.7
Архангельская область;2003;112.7;105.9
в том числе: ;2003;0;0
Ненецкий автономный округ;2003;112.7;97.6
Архангельская область без автономного округа;2003;0;0
Вологодская область;2003;113.1;122.4
Калининградская область;2003;117.5;107.6
Ленинградская область;2003;113;108.4
Мурманская область;2003;113.9;126.5
Новгородская область;2003;114.4;112
Псковская область;2003;112.7;116.1
г. Санкт-Петербург;2003;112.2;107.9
Южный             федеральный округ;2003;110.8;111
Республика Адыгея;2003;113.2;116.7
Республика Калмыкия;2003;110.1;104.3
Республика Крым;2003;0;0
Краснодарский край;2003;110.7;111.6
Астраханская область;2003;114.1;113.1
Волгоградская область;2003;110;115.3
Ростовская область;2003;112.2;106.4
г. Севастополь;2003;0;0
Северо-Кавказский        федеральный округ;2003;0;116.7
Республика Дагестан;2003;109.5;111.1
Республика Ингушетия;2003;113.9;76.9
Кабардино-Балкарская Республика;2003;108.9;114.4
Карачаево-Черкесская Республика;2003;109.4;111.3
Республика Северная Осетия - Алания;2003;107.8;105.3
Чеченская Республика;2003;0;0
Ставропольский край;2003;112.9;122
Приволжский федеральный округ;2003;112.2;112.2
Республика Башкортостан;2003;111.1;101.7
Республика Марий Эл;2003;112.1;109.5
Республика Мордовия;2003;109;119.8
Республика Татарстан;2003;112.4;109.9
Удмуртская Республика;2003;112.5;123.6
Чувашская Республика;2003;113.3;115.3
Пермский край;2003;114.6;115.8
Кировская область;2003;113.3;124
Нижегородская область ;2003;115.3;116.5
Оренбургская область;2003;110.1;105.3
Пензенская область;2003;109.9;106.7
Самарская область;2003;112.7;110.5
Саратовская область;2003;110.2;122
Ульяновская область;2003;114.6;121.4
Уральский         федеральный округ;2003;110.3;106.2
Курганская область;2003;111.4;113.6
Свердловская область ;2003;111.2;116.5
Тюменская область;2003;110.7;95.7
в том числе:;2003;0;0
Ханты-Мансийский автономный округ - Югра;2003;114.2;97.7
Ямало-Ненецкий автономный округ;2003;109.3;94.8
Тюменская область  без автономных округов;2003;0;0
Челябинская область;2003;110.6;125.6
Сибирский        федеральный округ;2003;112.8;117.3
Республика Алтай;2003;113.5;121
Республика Тыва;2003;111.6;105.2
Республика Хакасия;2003;111.4;114.1
Алтайский край;2003;112.8;107.2
Красноярский край;2003;118.4;120.3
Иркутская область;2003;113.6;101.5
Кемеровская область;2003;111.8;130.7
Новосибирская область ;2003;111.5;105.2
Омская область;2003;110.9;114.2
Томская область;2003;114.4;112.3
Дальневосточный федеральный округ;2003;112.8;112.5
Республика Бурятия;2003;114.2;107.7
Республика Саха (Якутия);2003;111.8;109.1
Забайкальский край;2003;113.3;106.6
Камчатский край;2003;110.2;97.8
Приморский край;2003;112.8;109.8
Хабаровский край ;2003;115.3;115.5
Амурская область;2003;115.5;119.1
Магаданская область;2003;111.9;110.1
Сахалинская область;2003;111.8;102.1
Еврейская автономная область;2003;114.5;115.1
Чукотский автономный округ;2003;117;109.2
Центральный федеральный округ;2004;112.1;122.7
Белгородская область;2004;111.7;148.4
Брянская область;2004;112.9;113.3
Владимирская область;2004;113.5;113
Воронежская область;2004;113.7;113.8
Ивановская область;2004;112;108.1
Калужская область;2004;114;109.2
Костромская область;2004;112.9;114
Курская область;2004;109.9;127
Липецкая область;2004;112.9;137.5
Московская область;2004;112.3;118.6
Орловская область;2004;111.7;111.5
Рязанская область;2004;111.7;127.9
Смоленская область;2004;113.4;113.3
Тамбовская область;2004;114.4;112.3
Тверская область;2004;111.8;115.3
Тульская область;2004;114.1;132.4
Ярославская область;2004;111.7;108.1
г. Москва;2004;111.5;125
Северо-Западный федеральный округ;2004;112.3;118.9
Республика Карелия;2004;111.1;127.3
Республика Коми;2004;111;103.2
Архангельская область;2004;112.5;116.5
в том числе: ;2004;0;0
Ненецкий автономный округ;2004;117.7;123.7
Архангельская область без автономного округа;2004;0;0
Вологодская область;2004;111.8;139.9
Калининградская область;2004;111.7;109
Ленинградская область;2004;114.9;117.3
Мурманская область;2004;110.8;127.2
Новгородская область;2004;113.1;128.8
Псковская область;2004;111.6;114.2
г. Санкт-Петербург;2004;112.7;109.8
Южный             федеральный округ;2004;112;119.1
Республика Адыгея;2004;113.4;112.2
Республика Калмыкия;2004;114.8;142.8
Республика Крым;2004;0;0
Краснодарский край;2004;112.2;117.5
Астраханская область;2004;111.2;145.9
Волгоградская область;2004;111.1;121.4
Ростовская область;2004;113.8;115.7
г. Севастополь;2004;0;0
Северо-Кавказский        федеральный округ;2004;0;118.5
Республика Дагестан;2004;109.1;110.1
Республика Ингушетия;2004;109.9;146.8
Кабардино-Балкарская Республика;2004;113;106.9
Карачаево-Черкесская Республика;2004;112.1;112.7
Республика Северная Осетия - Алания;2004;112.5;120.4
Чеченская Республика;2004;110.3;0
Ставропольский край;2004;113.9;121.8
Приволжский федеральный округ;2004;112.4;132.3
Республика Башкортостан;2004;114.3;138.4
Республика Марий Эл;2004;111.6;110.3
Республика Мордовия;2004;117;120.2
Республика Татарстан;2004;112.7;132.1
Удмуртская Республика;2004;112.1;112.6
Чувашская Республика;2004;110.7;117
Пермский край;2004;112.6;132.4
Кировская область;2004;111.6;114.6
Нижегородская область ;2004;114.3;116.4
Оренбургская область;2004;110.2;226.3
Пензенская область;2004;114.8;115.5
Самарская область;2004;112.7;121.7
Саратовская область;2004;110.7;127.6
Ульяновская область;2004;114.9;114.2
Уральский         федеральный округ;2004;110.4;154.9
Курганская область;2004;109.6;119.5
Свердловская область ;2004;110.8;132
Тюменская область;2004;109.8;172.7
в том числе:;2004;0;0
Ханты-Мансийский автономный округ - Югра;2004;109.7;164.3
Ямало-Ненецкий автономный округ;2004;112.2;199.8
Тюменская область  без автономных округов;2004;0;0
Челябинская область;2004;111.8;136.4
Сибирский        федеральный округ;2004;111.2;130.4
Республика Алтай;2004;112.1;112.6
Республика Тыва;2004;112;135.6
Республика Хакасия;2004;112.8;106.7
Алтайский край;2004;112.9;122.7
Красноярский край;2004;110.3;123.6
Иркутская область;2004;110.6;150.6
Кемеровская область;2004;111.2;118.6
Новосибирская область ;2004;111.4;122.9
Омская область;2004;109.4;158.4
Томская область;2004;111.8;115.7
Дальневосточный федеральный округ;2004;111.3;116.1
Республика Бурятия;2004;114.7;144.8
Республика Саха (Якутия);2004;110.8;109.7
Забайкальский край;2004;110.4;110.4
Камчатский край;2004;111.3;108.6
Приморский край;2004;110.8;112.7
Хабаровский край ;2004;113.8;109.6
Амурская область;2004;112.6;109.3
Магаданская область;2004;109.4;103.9
Сахалинская область;2004;111.5;110.5
Еврейская автономная область;2004;112.1;112.6
Чукотский автономный округ;2004;111.1;121.9
Центральный федеральный округ;2005;110.5;107.7
Белгородская область;2005;112.6;99.5
Брянская область;2005;111.9;107.6
Владимирская область;2005;110.9;107.8
Воронежская область;2005;109.7;107.4
Ивановская область;2005;108.7;105.8
Калужская область;2005;111.2;110.6
Костромская область;2005;109.2;111.7
Курская область;2005;109.4;112
Липецкая область;2005;110.9;100.4
Московская область;2005;111.3;108.6
Орловская область;2005;109.5;108.9
Рязанская область;2005;110.1;114
Смоленская область;2005;111.9;102.1
Тамбовская область;2005;109.8;108.1
Тверская область;2005;110.9;107.8
Тульская область;2005;110.8;104.4
Ярославская область;2005;112.3;111.2
г. Москва;2005;110.4;109.9
Северо-Западный федеральный округ;2005;111.2;109.3
Республика Карелия;2005;110;107.4
Республика Коми;2005;110.8;127.9
Архангельская область;2005;109.7;109.5
в том числе: ;2005;0;0
Ненецкий автономный округ;2005;112.3;115.4
Архангельская область без автономного округа;2005;0;0
Вологодская область;2005;111.3;100.7
Калининградская область;2005;111.1;111.2
Ленинградская область;2005;112;111.9
Мурманская область;2005;111;109.1
Новгородская область;2005;110.3;113.7
Псковская область;2005;110.5;108.2
г. Санкт-Петербург;2005;112;107.4
Южный             федеральный округ;2005;112.1;110.7
Республика Адыгея;2005;111.7;110.5
Республика Калмыкия;2005;110.9;108.6
Республика Крым;2005;0;0
Краснодарский край;2005;112.3;111.4
Астраханская область;2005;114.3;111.1
Волгоградская область;2005;114.7;113.5
Ростовская область;2005;112.9;107.7
г. Севастополь;2005;0;0
Северо-Кавказский        федеральный округ;2005;0;111.3
Республика Дагестан;2005;110.5;110.3
Республика Ингушетия;2005;115.5;101.8
Кабардино-Балкарская Республика;2005;114.1;112.2
Карачаево-Черкесская Республика;2005;112.4;132
Республика Северная Осетия - Алания;2005;111.4;100.2
Чеченская Республика;2005;109.7;142.6
Ставропольский край;2005;110.5;109.1
Приволжский федеральный округ;2005;110.2;113.5
Республика Башкортостан;2005;110.9;115
Республика Марий Эл;2005;109.2;103
Республика Мордовия;2005;108.9;117
Республика Татарстан;2005;108.8;122.1
Удмуртская Республика;2005;109.3;112.6
Чувашская Республика;2005;107.5;110.9
Пермский край;2005;110.4;112.4
Кировская область;2005;111.3;112.4
Нижегородская область ;2005;111.9;108.6
Оренбургская область;2005;110.5;115.3
Пензенская область;2005;111.3;107.1
Самарская область;2005;111.4;109.6
Саратовская область;2005;108.4;114.2
Ульяновская область;2005;110.8;111.1
Уральский         федеральный округ;2005;111.7;125.2
Курганская область;2005;111.7;107.6
Свердловская область ;2005;111.9;115.4
Тюменская область;2005;111.8;134.4
в том числе:;2005;0;0
Ханты-Мансийский автономный округ - Югра;2005;109.8;137.9
Ямало-Ненецкий автономный округ;2005;117.9;126.8
Тюменская область  без автономных округов;2005;0;0
Челябинская область;2005;111.7;102.8
Сибирский        федеральный округ;2005;110.5;110.6
Республика Алтай;2005;111.1;113.7
Республика Тыва;2005;109.9;112.3
Республика Хакасия;2005;110.2;111.3
Алтайский край;2005;113.6;110.6
Красноярский край;2005;109.3;105
Иркутская область;2005;108;111.7
Кемеровская область;2005;110.5;109.7
Новосибирская область ;2005;110.7;106.9
Омская область;2005;110.7;106.6
Томская область;2005;111.1;109.3
Дальневосточный федеральный округ;2005;113.3;114
Республика Бурятия;2005;115.1;136.9
Республика Саха (Якутия);2005;112.1;111.8
Забайкальский край;2005;110.9;107.9
Камчатский край;2005;121.5;107.8
Приморский край;2005;112.4;106.9
Хабаровский край ;2005;113.6;111.6
Амурская область;2005;113.2;106.2
Магаданская область;2005;112.4;113
Сахалинская область;2005;114.1;133.7
Еврейская автономная область;2005;114.5;113.3
Чукотский автономный округ;2005;115.3;114.9
Центральный федеральный округ;2006;109;112.4
Белгородская область;2006;109.3;125.4
Брянская область;2006;109.8;110.4
Владимирская область;2006;109.4;116.6
Воронежская область;2006;108.6;107.9
Ивановская область;2006;111.5;107.5
Калужская область;2006;109.5;108.4
Костромская область;2006;108.5;112.1
Курская область;2006;111.7;124.3
Липецкая область;2006;109.7;108.6
Московская область;2006;108.3;113.1
Орловская область;2006;107.6;109.6
Рязанская область;2006;108.6;109
Смоленская область;2006;109.5;111.5
Тамбовская область;2006;109.4;111.3
Тверская область;2006;107.7;112.8
Тульская область;2006;108.2;108.8
Ярославская область;2006;110.5;111.3
г. Москва;2006;109;111.5
Северо-Западный федеральный округ;2006;109.5;113.1
Республика Карелия;2006;109.1;117.2
Республика Коми;2006;110;109.1
Архангельская область;2006;109;107.1
в том числе: ;2006;0;0
Ненецкий автономный округ;2006;109.2;97
Архангельская область без автономного округа;2006;0;0
Вологодская область;2006;109.2;113
Калининградская область;2006;107.9;100.5
Ленинградская область;2006;109.9;109.4
Мурманская область;2006;108.8;155.2
Новгородская область;2006;110.3;109.5
Псковская область;2006;108.1;112.4
г. Санкт-Петербург;2006;110;110.9
Южный             федеральный округ;2006;109;111.2
Республика Адыгея;2006;108.5;106.3
Республика Калмыкия;2006;109.8;133.1
Республика Крым;2006;0;0
Краснодарский край;2006;109.5;111
Астраханская область;2006;111.3;119.5
Волгоградская область;2006;108.9;113.1
Ростовская область;2006;109.3;109
г. Севастополь;2006;0;0
Северо-Кавказский        федеральный округ;2006;0;111.7
Республика Дагестан;2006;108.9;113.8
Республика Ингушетия;2006;110.8;128.2
Кабардино-Балкарская Республика;2006;107.4;116.8
Карачаево-Черкесская Республика;2006;110.3;117.2
Республика Северная Осетия - Алания;2006;111.1;118.4
Чеченская Республика;2006;109.8;111.8
Ставропольский край;2006;108.3;108
Приволжский федеральный округ;2006;108.7;109.6
Республика Башкортостан;2006;108.9;114.5
Республика Марий Эл;2006;107.4;107.3
Республика Мордовия;2006;108.1;115.4
Республика Татарстан;2006;107.4;103
Удмуртская Республика;2006;109.3;114.9
Чувашская Республика;2006;108.4;108.6
Пермский край;2006;109;102.2
Кировская область;2006;109.6;116.4
Нижегородская область ;2006;110.6;110.8
Оренбургская область;2006;108.7;119.1
Пензенская область;2006;110.1;111.6
Самарская область;2006;108.7;110.1
Саратовская область;2006;108.3;105.6
Ульяновская область;2006;108.5;108.9
Уральский         федеральный округ;2006;110.2;101.5
Курганская область;2006;111.4;114.9
Свердловская область ;2006;109.2;114.6
Тюменская область;2006;111.5;92.6
в том числе:;2006;0;0
Ханты-Мансийский автономный округ - Югра;2006;111.6;90
Ямало-Ненецкий автономный округ;2006;109.9;107
Тюменская область  без автономных округов;2006;0;0
Челябинская область;2006;109.8;116.7
Сибирский        федеральный округ;2006;108.6;125.7
Республика Алтай;2006;107.9;112.9
Республика Тыва;2006;107.2;100.7
Республика Хакасия;2006;109.3;114.8
Алтайский край;2006;107.7;120.5
Красноярский край;2006;109.6;105.2
Иркутская область;2006;109.1;107.3
Кемеровская область;2006;108.2;174.5
Новосибирская область ;2006;108.4;118.3
Омская область;2006;109.7;105.9
Томская область;2006;107.8;108.9
Дальневосточный федеральный округ;2006;108.8;110.2
Республика Бурятия;2006;107.3;98.6
Республика Саха (Якутия);2006;111.9;108.3
Забайкальский край;2006;109;103
Камчатский край;2006;111.6;112.3
Приморский край;2006;107.1;105.2
Хабаровский край ;2006;108.7;110.7
Амурская область;2006;109.1;112.5
Магаданская область;2006;108.1;134.9
Сахалинская область;2006;110.4;105.1
Еврейская автономная область;2006;105.5;111.9
Чукотский автономный округ;2006;111.2;141
Центральный федеральный округ;2007;112.2;116.9
Белгородская область;2007;112.3;115.8
Брянская область;2007;114.4;118.7
Владимирская область;2007;113.3;120
Воронежская область;2007;114.2;120.6
Ивановская область;2007;114.8;116.5
Калужская область;2007;113.5;114
Костромская область;2007;113.1;124.5
Курская область;2007;115.9;117.3
Липецкая область;2007;113.6;102.4
Московская область;2007;113.3;115.9
Орловская область;2007;111.3;112.9
Рязанская область;2007;116.5;113.3
Смоленская область;2007;114.4;116.2
Тамбовская область;2007;112.4;114.6
Тверская область;2007;112.7;113.8
Тульская область;2007;115.8;117.8
Ярославская область;2007;113.5;113.9
г. Москва;2007;110.2;120
Северо-Западный федеральный округ;2007;112.6;116.5
Республика Карелия;2007;113.1;113.6
Республика Коми;2007;112.3;138.5
Архангельская область;2007;112.9;144
в том числе: ;2007;0;0
Ненецкий автономный округ;2007;107.4;203.7
Архангельская область без автономного округа;2007;0;0
Вологодская область;2007;112.7;106.8
Калининградская область;2007;111.2;115.8
Ленинградская область;2007;112.8;108.2
Мурманская область;2007;112.5;102.8
Новгородская область;2007;111.7;114.6
Псковская область;2007;112.5;114.9
г. Санкт-Петербург;2007;113.2;114
Южный             федеральный округ;2007;112.1;120.7
Республика Адыгея;2007;111.3;116.4
Республика Калмыкия;2007;114.6;100.9
Республика Крым;2007;0;0
Краснодарский край;2007;111.3;118.4
Астраханская область;2007;114.3;123.1
Волгоградская область;2007;111.7;128.8
Ростовская область;2007;112.3;115.9
г. Севастополь;2007;0;0
Северо-Кавказский        федеральный округ;2007;0;113.1
Республика Дагестан;2007;114.5;123.3
Республика Ингушетия;2007;109.8;90.1
Кабардино-Балкарская Республика;2007;112.2;108.1
Карачаево-Черкесская Республика;2007;114.9;122.3
Республика Северная Осетия - Алания;2007;111.8;110.4
Чеченская Республика;2007;115;100.4
Ставропольский край;2007;112.5;112.5
Приволжский федеральный округ;2007;113.1;130.7
Республика Башкортостан;2007;112.6;136.6
Республика Марий Эл;2007;113.3;112.3
Республика Мордовия;2007;112.3;119.9
Республика Татарстан;2007;111.6;150.1
Удмуртская Республика;2007;113.9;130.2
Чувашская Республика;2007;113.5;114.2
Пермский край;2007;116.4;132.3
Кировская область;2007;112.8;118
Нижегородская область ;2007;116.1;121.5
Оренбургская область;2007;111.8;138.9
Пензенская область;2007;113.9;110.9
Самарская область;2007;111.9;117.9
Саратовская область;2007;111.8;129.6
Ульяновская область;2007;113.8;112.1
Уральский         федеральный округ;2007;110.9;126.2
Курганская область;2007;112.3;117
Свердловская область ;2007;112.8;110.7
Тюменская область;2007;108.9;149.4
в том числе:;2007;0;0
Ханты-Мансийский автономный округ - Югра;2007;108;158.7
Ямало-Ненецкий автономный округ;2007;109.3;129.6
Тюменская область  без автономных округов;2007;0;0
Челябинская область;2007;111;107.1
Сибирский        федеральный округ;2007;110.8;119.9
Республика Алтай;2007;111.3;110.3
Республика Тыва;2007;110.8;116.2
Республика Хакасия;2007;111.3;111.3
Алтайский край;2007;112.1;106.9
Красноярский край;2007;109.2;136.7
Иркутская область;2007;112.2;112.9
Кемеровская область;2007;109.8;104.5
Новосибирская область ;2007;111.6;107.9
Омская область;2007;111.5;122.5
Томская область;2007;111.3;114.7
Дальневосточный федеральный округ;2007;109.6;129.4
Республика Бурятия;2007;109.2;156
Республика Саха (Якутия);2007;109;106.9
Забайкальский край;2007;110.9;106.9
Камчатский край;2007;110.1;103.5
Приморский край;2007;109.7;111.7
Хабаровский край ;2007;109.8;109.9
Амурская область;2007;109.6;115.8
Магаданская область;2007;113.3;80.1
Сахалинская область;2007;111.8;104.4
Еврейская автономная область;2007;111.7;116.7
Чукотский автономный округ;2007;107.5;109.1
Центральный федеральный округ;2008;113.3;110.1
Белгородская область;2008;113.6;113.6
Брянская область;2008;115.3;118.6
Владимирская область;2008;114.1;115.1
Воронежская область;2008;114.3;112.2
Ивановская область;2008;114.6;116.9
Калужская область;2008;114.9;114.6
Костромская область;2008;113.3;108
Курская область;2008;117.5;109.6
Липецкая область;2008;116;123.1
Московская область;2008;111.8;113.4
Орловская область;2008;114.3;111.2
Рязанская область;2008;115.4;107.7
Смоленская область;2008;116.8;115.2
Тамбовская область;2008;115.2;112
Тверская область;2008;113.2;110.7
Тульская область;2008;116.4;102.2
Ярославская область;2008;114.8;104.2
г. Москва;2008;112.3;106.8
Северо-Западный федеральный округ;2008;114.1;102.2
Республика Карелия;2008;112.7;102
Республика Коми;2008;113.8;72.3
Архангельская область;2008;114.1;60.8
в том числе: ;2008;0;0
Ненецкий автономный округ;2008;118.4;19.8
Архангельская область без автономного округа;2008;0;0
Вологодская область;2008;114.3;106.7
Калининградская область;2008;115.2;98
Ленинградская область;2008;114.9;116.6
Мурманская область;2008;114.1;110.4
Новгородская область;2008;114;115.8
Псковская область;2008;113;111.2
г. Санкт-Петербург;2008;114.4;117.6
Южный             федеральный округ;2008;114;100.2
Республика Адыгея;2008;115.1;113.7
Республика Калмыкия;2008;116.1;96.9
Республика Крым;2008;0;0
Краснодарский край;2008;113.1;105.1
Астраханская область;2008;113;70.8
Волгоградская область;2008;113.1;84.3
Ростовская область;2008;114.4;112.3
г. Севастополь;2008;0;0
Северо-Кавказский        федеральный округ;2008;0;112.4
Республика Дагестан;2008;115.7;110
Республика Ингушетия;2008;116.9;85.3
Кабардино-Балкарская Республика;2008;116.1;103.9
Карачаево-Черкесская Республика;2008;114.5;114.9
Республика Северная Осетия - Алания;2008;114.3;119.1
Чеченская Республика;2008;120.5;72.8
Ставропольский край;2008;115.1;115.7
Приволжский федеральный округ;2008;113.3;82.1
Республика Башкортостан;2008;112.4;66.7
Республика Марий Эл;2008;113.9;114.8
Республика Мордовия;2008;114.4;106
Республика Татарстан;2008;111.8;73.8
Удмуртская Республика;2008;113.7;75.8
Чувашская Республика;2008;114.2;119
Пермский край;2008;115.3;74.1
Кировская область;2008;114.2;107.6
Нижегородская область ;2008;115.3;95.3
Оренбургская область;2008;112.5;67.5
Пензенская область;2008;115.2;113.1
Самарская область;2008;112.7;93.5
Саратовская область;2008;111.7;99.4
Ульяновская область;2008;114.1;111.6
Уральский         федеральный округ;2008;112.6;88.7
Курганская область;2008;114.5;116.7
Свердловская область ;2008;114.8;112.1
Тюменская область;2008;111.3;73.8
в том числе:;2008;0;0
Ханты-Мансийский автономный округ - Югра;2008;111;61.5
Ямало-Ненецкий автономный округ;2008;110.6;92.1
Тюменская область  без автономных округов;2008;0;0
Челябинская область;2008;112.8;118.6
Сибирский        федеральный округ;2008;112.9;93
Республика Алтай;2008;111.8;115.4
Республика Тыва;2008;114.8;111.4
Республика Хакасия;2008;113;119.7
Алтайский край;2008;114.5;110.1
Красноярский край;2008;111.8;105
Иркутская область;2008;114.9;119.2
Кемеровская область;2008;112.2;74.9
Новосибирская область ;2008;113.1;101.6
Омская область;2008;112.2;112.8
Томская область;2008;112.4;116.7
Дальневосточный федеральный округ;2008;113.6;74.2
Республика Бурятия;2008;112.6;61.6
Республика Саха (Якутия);2008;112.5;116.2
Забайкальский край;2008;112.6;123.2
Камчатский край;2008;114.8;101.7
Приморский край;2008;113.5;112.4
Хабаровский край ;2008;114.1;107.1
Амурская область;2008;114.1;117.8
Магаданская область;2008;119.3;118.3
Сахалинская область;2008;113.1;118.4
Еврейская автономная область;2008;115;114.3
Чукотский автономный округ;2008;109.9;140.9
Центральный федеральный округ;2009;109.4;105.7
Белгородская область;2009;108.9;92.1
Брянская область;2009;110.6;101.9
Владимирская область;2009;108.6;105
Воронежская область;2009;110.9;107.4
Ивановская область;2009;108.8;109.1
Калужская область;2009;110.2;106.7
Костромская область;2009;108.8;103
Курская область;2009;110.9;99.8
Липецкая область;2009;108.7;98.6
Московская область;2009;110.9;100.4
Орловская область;2009;108.6;106.4
Рязанская область;2009;108.3;110.8
Смоленская область;2009;110;109.2
Тамбовская область;2009;108.1;105.5
Тверская область;2009;108.3;105.6
Тульская область;2009;109.5;105.2
Ярославская область;2009;109.5;109.3
г. Москва;2009;109.8;110.1
Северо-Западный федеральный округ;2009;108.5;110.2
Республика Карелия;2009;110;97.1
Республика Коми;2009;108.6;126.4
Архангельская область;2009;108.6;161.8
в том числе: ;2009;0;0
Ненецкий автономный округ;2009;105.9;479.2
Архангельская область без автономного округа;2009;0;0
Вологодская область;2009;107.2;97.9
Калининградская область;2009;108;120.5
Ленинградская область;2009;110.1;100.7
Мурманская область;2009;110.6;115
Новгородская область;2009;108.3;106.3
Псковская область;2009;108.3;105.7
г. Санкт-Петербург;2009;108.5;107.5
Южный             федеральный округ;2009;109.5;106.7
Республика Адыгея;2009;108.5;101.8
Республика Калмыкия;2009;107.2;131.2
Республика Крым;2009;0;0
Краснодарский край;2009;109.8;105.6
Астраханская область;2009;109;142.7
Волгоградская область;2009;108.8;109.9
Ростовская область;2009;109.7;100.9
г. Севастополь;2009;0;0
Северо-Кавказский        федеральный округ;2009;0;111.5
Республика Дагестан;2009;111.9;113.8
Республика Ингушетия;2009;112;128.1
Кабардино-Балкарская Республика;2009;110.1;113.6
Карачаево-Черкесская Республика;2009;110.1;106.2
Республика Северная Осетия - Алания;2009;108.4;100.7
Чеченская Республика;2009;112.1;212.1
Ставропольский край;2009;109;104.8
Приволжский федеральный округ;2009;107.9;117.7
Республика Башкортостан;2009;108.3;137
Республика Марий Эл;2009;108.5;98.5
Республика Мордовия;2009;109.1;92.5
Республика Татарстан;2009;107.5;128.5
Удмуртская Республика;2009;109.6;124.7
Чувашская Республика;2009;106.3;106.2
Пермский край;2009;108.9;110
Кировская область;2009;108.5;101.7
Нижегородская область ;2009;108.4;112.3
Оренбургская область;2009;107.7;128.3
Пензенская область;2009;108.2;107.7
Самарская область;2009;108.1;112.9
Саратовская область;2009;108.5;107.7
Ульяновская область;2009;107.6;106.2
Уральский         федеральный округ;2009;108.8;122.1
Курганская область;2009;109.5;104.4
Свердловская область ;2009;108.9;103.8
Тюменская область;2009;108.8;144.3
в том числе:;2009;0;0
Ханты-Мансийский автономный округ - Югра;2009;110;172
Ямало-Ненецкий автономный округ;2009;107.7;124.1
Тюменская область  без автономных округов;2009;0;0
Челябинская область;2009;108.6;98.4
Сибирский        федеральный округ;2009;108.4;111
Республика Алтай;2009;111.2;118.7
Республика Тыва;2009;108;103.1
Республика Хакасия;2009;111;131.5
Алтайский край;2009;110.1;104.1
Красноярский край;2009;107.7;95.1
Иркутская область;2009;108;107.6
Кемеровская область;2009;107.7;124.1
Новосибирская область ;2009;108.2;106
Омская область;2009;107.2;99.5
Томская область;2009;108.9;102.6
Дальневосточный федеральный округ;2009;109.7;128.3
Республика Бурятия;2009;108;136.6
Республика Саха (Якутия);2009;108.2;110.9
Забайкальский край;2009;111.4;108.2
Камчатский край;2009;110.7;125.9
Приморский край;2009;109.5;109.7
Хабаровский край ;2009;109.5;116.2
Амурская область;2009;109.6;123
Магаданская область;2009;113.4;130.2
Сахалинская область;2009;110.7;104.8
Еврейская автономная область;2009;112.2;110.4
Чукотский автономный округ;2009;117.2;111.3
Центральный федеральный округ;2010;108.9;115.2
Белгородская область;2010;109;128.1
Брянская область;2010;110.6;112
Владимирская область;2010;109.8;115.6
Воронежская область;2010;107.9;121.4
Ивановская область;2010;112.2;111.9
Калужская область;2010;108.5;107.5
Костромская область;2010;110.9;115.6
Курская область;2010;109.5;131.1
Липецкая область;2010;108.1;108.9
Московская область;2010;108;113.8
Орловская область;2010;109;113
Рязанская область;2010;109.9;113.9
Смоленская область;2010;110.9;112.6
Тамбовская область;2010;108.1;111.8
Тверская область;2010;109.7;108.7
Тульская область;2010;110.1;128
Ярославская область;2010;110.5;113.4
г. Москва;2010;109.1;114.3
Северо-Западный федеральный округ;2010;109.2;116
Республика Карелия;2010;109.9;137.5
Республика Коми;2010;108.1;118.8
Архангельская область;2010;109.4;113
в том числе: ;2010;0;0
Ненецкий автономный округ;2010;106.7;109.7
Архангельская область без автономного округа;2010;0;0
Вологодская область;2010;109.2;130.3
Калининградская область;2010;108;105.6
Ленинградская область;2010;111.1;111.7
Мурманская область;2010;108.6;133.6
Новгородская область;2010;109.3;122
Псковская область;2010;108.6;113.4
г. Санкт-Петербург;2010;109.4;108.3
Южный             федеральный округ;2010;109;119
Республика Адыгея;2010;110.1;117.4
Республика Калмыкия;2010;112.6;125.7
Республика Крым;2010;0;0
Краснодарский край;2010;108.5;114
Астраханская область;2010;109.8;137.9
Волгоградская область;2010;109.5;124.6
Ростовская область;2010;109.4;111.8
г. Севастополь;2010;0;0
Северо-Кавказский        федеральный округ;2010;110.6;113.8
Республика Дагестан;2010;113.9;106.7
Республика Ингушетия;2010;106.1;122.2
Кабардино-Балкарская Республика;2010;111.4;119.1
Карачаево-Черкесская Республика;2010;111.7;112.8
Республика Северная Осетия - Алания;2010;110.7;106.2
Чеченская Республика;2010;112.1;131.5
Ставропольский край;2010;110.1;112.7
Приволжский федеральный округ;2010;109.3;116.8
Республика Башкортостан;2010;109.6;124.9
Республика Марий Эл;2010;111.5;114.6
Республика Мордовия;2010;109.5;121.5
Республика Татарстан;2010;108.2;111.9
Удмуртская Республика;2010;110.9;113.3
Чувашская Республика;2010;109.8;106.3
Пермский край;2010;110.2;123.6
Кировская область;2010;110.9;118.6
Нижегородская область ;2010;109.9;118
Оренбургская область;2010;109.2;114.8
Пензенская область;2010;109.8;111.7
Самарская область;2010;107.8;108.7
Саратовская область;2010;108.5;118.7
Ульяновская область;2010;110.6;107.8
Уральский         федеральный округ;2010;109.8;116.2
Курганская область;2010;110.1;108.1
Свердловская область ;2010;110;118.3
Тюменская область;2010;108.4;115.6
в том числе:;2010;0;0
Ханты-Мансийский автономный округ - Югра;2010;107.8;115.8
Ямало-Ненецкий автономный округ;2010;108.2;105.5
Тюменская область  без автономных округов;2010;0;0
Челябинская область;2010;109.6;117.3
Сибирский        федеральный округ;2010;107.9;123.3
Республика Алтай;2010;108.6;118.7
Республика Тыва;2010;108.3;116.2
Республика Хакасия;2010;108.4;125.9
Алтайский край;2010;108.2;137.5
Красноярский край;2010;107.9;129.7
Иркутская область;2010;109.5;115.2
Кемеровская область;2010;107.9;125.3
Новосибирская область ;2010;106.2;122
Омская область;2010;108.5;134
Томская область;2010;107.9;112.5
Дальневосточный федеральный округ;2010;107.7;116.1
Республика Бурятия;2010;109.4;114.9
Республика Саха (Якутия);2010;106;110.4
Забайкальский край;2010;109;103.9
Камчатский край;2010;110.2;119
Приморский край;2010;107;110.5
Хабаровский край ;2010;108.1;109.1
Амурская область;2010;109.4;115.4
Магаданская область;2010;108.5;176.2
Сахалинская область;2010;110;104
Еврейская автономная область;2010;109.5;112.5
Чукотский автономный округ;2010;101.4;128.3
Центральный федеральный округ;2011;106;107.8
Белгородская область;2011;105.5;107.3
Брянская область;2011;105.8;107.5
Владимирская область;2011;105.7;101.3
Воронежская область;2011;104.1;100
Ивановская область;2011;106.4;115.4
Калужская область;2011;106.8;105.3
Костромская область;2011;105.7;114.3
Курская область;2011;105.5;100.8
Липецкая область;2011;104.7;108.3
Московская область;2011;105.8;109.2
Орловская область;2011;105.8;103.6
Рязанская область;2011;105.8;107.2
Смоленская область;2011;106.4;104.3
Тамбовская область;2011;105.5;104.2
Тверская область;2011;105.3;100.9
Тульская область;2011;105.7;110.7
Ярославская область;2011;106;108.7
г. Москва;2011;106.4;108.9
Северо-Западный федеральный округ;2011;105.8;110.1
Республика Карелия;2011;105.3;108.8
Республика Коми;2011;106.3;123.8
Архангельская область;2011;105.4;116.8
в том числе: ;2011;0;0
Ненецкий автономный округ;2011;104.5;126.3
Архангельская область без автономного округа;2011;0;0
Вологодская область;2011;105.7;108.6
Калининградская область;2011;105.7;117.4
Ленинградская область;2011;106.4;106.3
Мурманская область;2011;106;105.4
Новгородская область;2011;104.9;108.1
Псковская область;2011;105.6;108.8
г. Санкт-Петербург;2011;105.9;106.8
Южный             федеральный округ;2011;106.1;109.9
Республика Адыгея;2011;106.2;102.9
Республика Калмыкия;2011;107.2;119.9
Республика Крым;2011;0;0
Краснодарский край;2011;106.6;108
Астраханская область;2011;105.2;119.6
Волгоградская область;2011;105.3;112.7
Ростовская область;2011;106.1;106.7
г. Севастополь;2011;0;0
Северо-Кавказский        федеральный округ;2011;105.2;108.7
Республика Дагестан;2011;106.5;98.2
Республика Ингушетия;2011;103.8;125.1
Кабардино-Балкарская Республика;2011;106.7;112
Карачаево-Черкесская Республика;2011;105.1;112.3
Республика Северная Осетия - Алания;2011;105.6;98.5
Чеченская Республика;2011;107.6;114.2
Ставропольский край;2011;104;110.6
Приволжский федеральный округ;2011;106.2;112.9
Республика Башкортостан;2011;106.4;110.3
Республика Марий Эл;2011;106;111.4
Республика Мордовия;2011;105.1;106.5
Республика Татарстан;2011;105.9;116.5
Удмуртская Республика;2011;106.7;113
Чувашская Республика;2011;106.2;107.1
Пермский край;2011;106.7;116.6
Кировская область;2011;106.7;113
Нижегородская область ;2011;106.7;109.2
Оренбургская область;2011;105.7;122.3
Пензенская область;2011;105.6;104.6
Самарская область;2011;105.7;111.8
Саратовская область;2011;105.3;103
Ульяновская область;2011;106.7;110.2
Уральский         федеральный округ;2011;106.4;116.7
Курганская область;2011;107;106.1
Свердловская область ;2011;106.4;107.8
Тюменская область;2011;104.9;121.4
в том числе:;2011;0;0
Ханты-Мансийский автономный округ - Югра;2011;105.3;125.2
Ямало-Ненецкий автономный округ;2011;103.1;116.7
Тюменская область  без автономных округов;2011;0;0
Челябинская область;2011;108.3;107.4
Сибирский        федеральный округ;2011;106.3;109.2
Республика Алтай;2011;106.4;107.6
Республика Тыва;2011;107.3;106.8
Республика Хакасия;2011;107.6;105.2
Алтайский край;2011;104.8;93.8
Красноярский край;2011;106.1;100.1
Иркутская область;2011;107.4;117.9
Кемеровская область;2011;106.5;102.1
Новосибирская область ;2011;106.2;106.9
Омская область;2011;105;117.2
Томская область;2011;106.1;109.6
Дальневосточный федеральный округ;2011;106.8;112.7
Республика Бурятия;2011;107.5;116.7
Республика Саха (Якутия);2011;107;117.7
Забайкальский край;2011;107.8;107.9
Камчатский край;2011;105.8;106.5
Приморский край;2011;105.6;107.1
Хабаровский край ;2011;107.9;110.9
Амурская область;2011;107.6;114.1
Магаданская область;2011;109.2;114.6
Сахалинская область;2011;106.4;132.8
Еврейская автономная область;2011;108.9;111.1
Чукотский автономный округ;2011;105.4;124.9
Центральный федеральный округ;2012;106.9;102.5
Белгородская область;2012;106.2;101.9
Брянская область;2012;107.5;102.4
Владимирская область;2012;106.7;108.9
Воронежская область;2012;107.3;105.2
Ивановская область;2012;107.1;105.6
Калужская область;2012;107.6;103.1
Костромская область;2012;107.5;103.4
Курская область;2012;105.8;101.9
Липецкая область;2012;106.6;95.2
Московская область;2012;105.6;96
Орловская область;2012;106.8;106.4
Рязанская область;2012;107;127.4
Смоленская область;2012;106.5;105.5
Тамбовская область;2012;107;106.1
Тверская область;2012;106.7;106.3
Тульская область;2012;107.3;105.1
Ярославская область;2012;107.8;105.2
г. Москва;2012;107.3;103.5
Северо-Западный федеральный округ;2012;106.1;103.1
Республика Карелия;2012;106.1;95
Республика Коми;2012;106;103.5
Архангельская область;2012;105.9;105.7
в том числе: ;2012;0;0
Ненецкий автономный округ;2012;105.7;101.9
Архангельская область без автономного округа;2012;0;0
Вологодская область;2012;106;93.7
Калининградская область;2012;105.6;96.6
Ленинградская область;2012;106.5;105.1
Мурманская область;2012;105.6;102.3
Новгородская область;2012;106.7;105.7
Псковская область;2012;107.3;103.9
г. Санкт-Петербург;2012;106.1;105.9
Южный             федеральный округ;2012;106.6;102.9
Республика Адыгея;2012;106.6;111.2
Республика Калмыкия;2012;107.6;99.5
Республика Крым;2012;0;0
Краснодарский край;2012;106.7;105
Астраханская область;2012;106.1;96.7
Волгоградская область;2012;106.6;100.9
Ростовская область;2012;106.7;103.7
г. Севастополь;2012;0;0
Северо-Кавказский        федеральный округ;2012;106.6;107.3
Республика Дагестан;2012;107.4;103.1
Республика Ингушетия;2012;105.2;99.7
Кабардино-Балкарская Республика;2012;108.8;102.6
Карачаево-Черкесская Республика;2012;106.2;104.7
Республика Северная Осетия - Алания;2012;106.4;107.2
Чеченская Республика;2012;106.1;108.1
Ставропольский край;2012;106;109.2
Приволжский федеральный округ;2012;106.4;103.6
Республика Башкортостан;2012;106.2;103.6
Республика Марий Эл;2012;106.3;101.7
Республика Мордовия;2012;106;100.6
Республика Татарстан;2012;106.4;102.6
Удмуртская Республика;2012;107.2;105.8
Чувашская Республика;2012;105.8;104.9
Пермский край;2012;107.3;103.9
Кировская область;2012;106.9;98.8
Нижегородская область ;2012;106.9;104
Оренбургская область;2012;106.3;101.2
Пензенская область;2012;105.8;104.5
Самарская область;2012;105.8;104.8
Саратовская область;2012;106;103.4
Ульяновская область;2012;106.5;106
Уральский         федеральный округ;2012;106.4;110.3
Курганская область;2012;107.3;107.2
Свердловская область ;2012;107.3;100
Тюменская область;2012;105.5;115
в том числе:;2012;0;0
Ханты-Мансийский автономный округ - Югра;2012;104.8;109.9
Ямало-Ненецкий автономный округ;2012;104;149
Тюменская область  без автономных округов;2012;0;0
Челябинская область;2012;106.3;100.8
Сибирский        федеральный округ;2012;106.7;101.7
Республика Алтай;2012;107;106.9
Республика Тыва;2012;107.5;105.5
Республика Хакасия;2012;106;109.6
Алтайский край;2012;107.2;106.3
Красноярский край;2012;106.8;102
Иркутская область;2012;106.9;98.3
Кемеровская область;2012;107.5;105.5
Новосибирская область ;2012;105.4;108.1
Омская область;2012;106.9;88.6
Томская область;2012;107.4;106.3
Дальневосточный федеральный округ;2012;105.9;106.4
Республика Бурятия;2012;106.8;101
Республика Саха (Якутия);2012;105.4;108.8
Забайкальский край;2012;105.6;109.4
Камчатский край;2012;105.6;104.1
Приморский край;2012;106;107.3
Хабаровский край ;2012;105.4;103.5
Амурская область;2012;107.2;102.2
Магаданская область;2012;108.7;104.1
Сахалинская область;2012;106;112.7
Еврейская автономная область;2012;106.5;111.9
Чукотский автономный округ;2012;106;102.6
Центральный федеральный округ;2013;106.7;103.6
Белгородская область;2013;106.2;99.2
Брянская область;2013;107.2;106.7
Владимирская область;2013;107.5;102.1
Воронежская область;2013;107.1;104.5
Ивановская область;2013;107.4;104.9
Калужская область;2013;107.6;103.4
Костромская область;2013;107.4;102.5
Курская область;2013;105.9;108.7
Липецкая область;2013;106.3;101.8
Московская область;2013;107.4;104.1
Орловская область;2013;107.4;102.6
Рязанская область;2013;108.1;104.5
Смоленская область;2013;106.2;104.4
Тамбовская область;2013;107.2;101.4
Тверская область;2013;107.2;102.5
Тульская область;2013;107.2;103.2
Ярославская область;2013;107;102.7
г. Москва;2013;106.2;104.1
Северо-Западный федеральный округ;2013;106.6;104.2
Республика Карелия;2013;106.5;112.6
Республика Коми;2013;106.6;104.6
Архангельская область;2013;106.7;104.3
в том числе: ;2013;0;0
Ненецкий автономный округ;2013;105.6;112.9
Архангельская область без автономного округа;2013;106.8;102.1
Вологодская область;2013;107.2;102.1
Калининградская область;2013;107;101.4
Ленинградская область;2013;106;102.9
Мурманская область;2013;106.5;110.7
Новгородская область;2013;106.7;103.7
Псковская область;2013;107.2;101
г. Санкт-Петербург;2013;106.7;104.4
Южный             федеральный округ;2013;106.6;105.1
Республика Адыгея;2013;106.9;99.8
Республика Калмыкия;2013;107.8;113.3
Республика Крым;2013;0;0
Краснодарский край;2013;107.2;103.7
Астраханская область;2013;106.4;121.2
Волгоградская область;2013;105.4;104.7
Ростовская область;2013;106.6;104
г. Севастополь;2013;0;0
Северо-Кавказский        федеральный округ;2013;106.1;102.6
Республика Дагестан;2013;104.4;105.7
Республика Ингушетия;2013;104.5;100.9
Кабардино-Балкарская Республика;2013;107.5;101.5
Карачаево-Черкесская Республика;2013;107.4;102.8
Республика Северная Осетия - Алания;2013;106.1;100.4
Чеченская Республика;2013;106.2;101.5
Ставропольский край;2013;106.7;102.5
Приволжский федеральный округ;2013;106.3;104.7
Республика Башкортостан;2013;106;107.3
Республика Марий Эл;2013;106.5;103.2
Республика Мордовия;2013;106.3;102.5
Республика Татарстан;2013;106.3;104
Удмуртская Республика;2013;106.5;108.5
Чувашская Республика;2013;106.3;101.8
Пермский край;2013;106.5;101.3
Кировская область;2013;107.3;105.8
Нижегородская область ;2013;106.9;105.6
Оренбургская область;2013;106;107.3
Пензенская область;2013;106.2;102.8
Самарская область;2013;105.6;105
Саратовская область;2013;106.2;103.2
Ульяновская область;2013;106.4;103.6
Уральский         федеральный округ;2013;106.2;101.9
Курганская область;2013;105.9;104.2
Свердловская область ;2013;107;96.4
Тюменская область;2013;105.9;103.8
в том числе:;2013;0;0
Ханты-Мансийский автономный округ - Югра;2013;106.2;106.5
Ямало-Ненецкий автономный округ;2013;106.8;105.3
Тюменская область  без автономных округов;2013;105.4;89.9
Челябинская область;2013;105.4;99.1
Сибирский        федеральный округ;2013;106.1;101.4
Республика Алтай;2013;106.4;104.9
Республика Тыва;2013;105.4;107.1
Республика Хакасия;2013;105.4;107.9
Алтайский край;2013;107;97.2
Красноярский край;2013;104.8;98.2
Иркутская область;2013;105.1;92.8
Кемеровская область;2013;106.7;99.3
Новосибирская область ;2013;105.8;101.6
Омская область;2013;106.1;98
Томская область;2013;106.6;102.8
Дальневосточный федеральный округ;2013;106.6;102.6
Республика Бурятия;2013;107.5;118.8
Республика Саха (Якутия);2013;106;101.5
Забайкальский край;2013;108.3;102.9
Камчатский край;2013;106.3;97.6
Приморский край;2013;106.3;105.8
Хабаровский край ;2013;106.3;104.5
Амурская область;2013;107.7;93.2
Магаданская область;2013;109;94.3
Сахалинская область;2013;106.5;112
Еврейская автономная область;2013;108.5;106.6
Чукотский автономный округ;2013;105.2;82.3
Центральный федеральный округ;2014;112;106.6
Белгородская область;2014;110.5;111.7
Брянская область;2014;113.3;102.9
Владимирская область;2014;113.3;110
Воронежская область;2014;112;111
Ивановская область;2014;112.2;104.4
Калужская область;2014;113.2;109
Костромская область;2014;111;101.3
Курская область;2014;110.9;98.4
Липецкая область;2014;111.9;114.8
Московская область;2014;112.2;109.1
Орловская область;2014;112.7;109.3
Рязанская область;2014;113.5;105.8
Смоленская область;2014;114.2;104.7
Тамбовская область;2014;112.2;114.5
Тверская область;2014;113.6;105.8
Тульская область;2014;112.4;107.8
Ярославская область;2014;113.5;104
г. Москва;2014;111.7;104.3
Северо-Западный федеральный округ;2014;112.5;110
Республика Карелия;2014;110.9;96.5
Республика Коми;2014;110.9;99.4
Архангельская область;2014;113;103
в том числе: ;2014;0;0
Ненецкий автономный округ;2014;109.7;96.4
Архангельская область без автономного округа;2014;113;104.6
Вологодская область;2014;112;109.7
Калининградская область;2014;115.6;129.3
Ленинградская область;2014;111.5;108.1
Мурманская область;2014;110.3;110.7
Новгородская область;2014;111;111.9
Псковская область;2014;112;115.6
г. Санкт-Петербург;2014;113.3;109.9
Южный             федеральный округ;2014;111.9;106.1
Республика Адыгея;2014;111.4;109.2
Республика Калмыкия;2014;111.1;101.9
Республика Крым;2014;142.5;0
Краснодарский край;2014;112.2;106.6
Астраханская область;2014;110.7;118.6
Волгоградская область;2014;112;102.1
Ростовская область;2014;111.8;106.8
г. Севастополь;2014;136.1;0
Северо-Кавказский        федеральный округ;2014;109.6;105.3
Республика Дагестан;2014;110.5;101.3
Республика Ингушетия;2014;108.1;102.3
Кабардино-Балкарская Республика;2014;108.5;102.6
Карачаево-Черкесская Республика;2014;110.4;107.6
Республика Северная Осетия - Алания;2014;110.2;110.3
Чеченская Республика;2014;111.1;97.9
Ставропольский край;2014;108.6;106.5
Приволжский федеральный округ;2014;110.9;104.5
Республика Башкортостан;2014;111.2;104
Республика Марий Эл;2014;111.6;106.4
Республика Мордовия;2014;111.6;105.2
Республика Татарстан;2014;109.7;104
Удмуртская Республика;2014;109.6;102.5
Чувашская Республика;2014;110.9;103.5
Пермский край;2014;110.4;101.2
Кировская область;2014;111;113.1
Нижегородская область ;2014;111.4;103.5
Оренбургская область;2014;110.9;105.8
Пензенская область;2014;110.9;110.4
Самарская область;2014;111.8;105.5
Саратовская область;2014;110.9;108.9
Ульяновская область;2014;111.4;105.5
Уральский         федеральный округ;2014;109.9;105.5
Курганская область;2014;112;104.6
Свердловская область ;2014;110.6;106.6
Тюменская область;2014;108.7;103
в том числе:;2014;0;0
Ханты-Мансийский автономный округ - Югра;2014;108.2;93.6
Ямало-Ненецкий автономный округ;2014;107.5;112.7
Тюменская область  без автономных округов;2014;110;114.6
Челябинская область;2014;109.9;114.6
Сибирский        федеральный округ;2014;110.8;110.9
Республика Алтай;2014;110.1;108.9
Республика Тыва;2014;109.5;111.3
Республика Хакасия;2014;110.5;104.7
Алтайский край;2014;111.2;133.4
Красноярский край;2014;109.5;114.4
Иркутская область;2014;110.8;110.7
Кемеровская область;2014;111.9;117.1
Новосибирская область ;2014;110.2;120.2
Омская область;2014;111.4;111.3
Томская область;2014;110.7;107.2
Дальневосточный федеральный округ;2014;110.7;99
Республика Бурятия;2014;111.8;100.8
Республика Саха (Якутия);2014;110.3;110.4
Забайкальский край;2014;111.2;109.6
Камчатский край;2014;107.8;111.1
Приморский край;2014;112;108.4
Хабаровский край ;2014;111.8;107.6
Амурская область;2014;110.5;116.1
Магаданская область;2014;107.8;108.7
Сахалинская область;2014;108.6;119.1
Еврейская автономная область;2014;111.8;105.5
Чукотский автономный округ;2014;104;110.6
Центральный федеральный округ;2015;113.7;114.4
Белгородская область;2015;111.4;109.9
Брянская область;2015;113.2;112.6
Владимирская область;2015;112.5;114.1
Воронежская область;2015;113.6;109.6
Ивановская область;2015;113.8;108
Калужская область;2015;114.5;112.3
Костромская область;2015;112.9;109.7
Курская область;2015;113.9;116.4
Липецкая область;2015;112.1;109.2
Московская область;2015;113.9;111.8
Орловская область;2015;112.8;115.2
Рязанская область;2015;112.3;112.4
Смоленская область;2015;111.9;108.5
Тамбовская область;2015;112.7;112.6
Тверская область;2015;112.1;107.9
Тульская область;2015;112.9;113.5
Ярославская область;2015;113.9;111.3
г. Москва;2015;114.2;117.3
Северо-Западный федеральный округ;2015;113.1;113.1
Республика Карелия;2015;112.3;112.4
Республика Коми;2015;113.2;109.3
Архангельская область;2015;113;119.9
в том числе: ;2015;0;0
Ненецкий автономный округ;2015;115.4;111.8
Архангельская область без автономного округа;2015;113;121.1
Вологодская область;2015;112;112.3
Калининградская область;2015;111.7;107.2
Ленинградская область;2015;113.3;111.2
Мурманская область;2015;113.4;125.6
Новгородская область;2015;112.6;111.9
Псковская область;2015;114.2;106.6
г. Санкт-Петербург;2015;113.2;114
Южный             федеральный округ;2015;112.6;111.2
Республика Адыгея;2015;112.6;115.2
Республика Калмыкия;2015;111.4;100.1
Республика Крым;2015;127.6;130.1
Краснодарский край;2015;112.7;116.6
Астраханская область;2015;112.6;98.1
Волгоградская область;2015;113.2;109.6
Ростовская область;2015;112.1;110.7
г. Севастополь;2015;121;126.8
Северо-Кавказский        федеральный округ;2015;114.7;110.5
Республика Дагестан;2015;114;108.3
Республика Ингушетия;2015;117.5;103.5
Кабардино-Балкарская Республика;2015;115.3;115.9
Карачаево-Черкесская Республика;2015;114.9;106.1
Республика Северная Осетия - Алания;2015;113.6;111.4
Чеченская Республика;2015;114.8;105.4
Ставропольский край;2015;114.9;112
Приволжский федеральный округ;2015;111.6;111.7
Республика Башкортостан;2015;110.9;111.2
Республика Марий Эл;2015;112.5;110.1
Республика Мордовия;2015;111.1;108.9
Республика Татарстан;2015;110.7;113
Удмуртская Республика;2015;111.3;107
Чувашская Республика;2015;111.5;111.9
Пермский край;2015;112.6;111.6
Кировская область;2015;111.1;104.5
Нижегородская область ;2015;112.2;111.7
Оренбургская область;2015;110.4;120.4
Пензенская область;2015;111.3;106.2
Самарская область;2015;112.7;109.5
Саратовская область;2015;111.7;112.1
Ульяновская область;2015;113.8;114.2
Уральский         федеральный округ;2015;113;106.7
Курганская область;2015;114;107
Свердловская область ;2015;114;113.5
Тюменская область;2015;112.6;103.3
в том числе:;2015;0;0
Ханты-Мансийский автономный округ - Югра;2015;113.4;112.7
Ямало-Ненецкий автономный округ;2015;110.5;106.3
Тюменская область  без автономных округов;2015;113.5;86
Челябинская область;2015;112;110.5
Сибирский        федеральный округ;2015;111.6;108.6
Республика Алтай;2015;112.5;112
Республика Тыва;2015;111.4;108.2
Республика Хакасия;2015;110.3;105.6
Алтайский край;2015;112.4;106.9
Красноярский край;2015;110.6;109.7
Иркутская область;2015;112.2;108.3
Кемеровская область;2015;111.5;108.8
Новосибирская область ;2015;111.4;110.8
Омская область;2015;110.9;106.8
Томская область;2015;112.4;110.7
Дальневосточный федеральный округ;2015;112;106.8
Республика Бурятия;2015;110.7;109.6
Республика Саха (Якутия);2015;110.5;116.5
Забайкальский край;2015;114.3;116.2
Камчатский край;2015;112.6;127
Приморский край;2015;111.9;114.7
Хабаровский край ;2015;113.1;110.4
Амурская область;2015;112.8;115.8
Магаданская область;2015;113.1;148.4
Сахалинская область;2015;110.6;108.5
Еврейская автономная область;2015;111.1;105.6
Чукотский автономный округ;2015;111.1;118
Центральный федеральный округ;2016;105.9;106.6
Белгородская область;2016;104.4;102.6
Брянская область;2016;106.1;103.7
Владимирская область;2016;105;106.5
Воронежская область;2016;105.5;102.5
Ивановская область;2016;106;106.8
Калужская область;2016;105.7;108.5
Костромская область;2016;106.1;108.6
Курская область;2016;105.8;108.6
Липецкая область;2016;104.6;115.5
Московская область;2016;106.2;106.2
Орловская область;2016;106.3;105.1
Рязанская область;2016;105.5;109.9
Смоленская область;2016;104.7;105.3
Тамбовская область;2016;105.2;99.7
Тверская область;2016;104.8;104.1
Тульская область;2016;105.6;111.9
Ярославская область;2016;105.7;107.6
г. Москва;2016;106.2;106.3
Северо-Западный федеральный округ;2016;105.1;112.1
Республика Карелия;2016;104.3;118.3
Республика Коми;2016;104.8;109.7
Архангельская область;2016;104.7;104.4
в том числе: ;2016;0;0
Ненецкий автономный округ;2016;104.7;100.9
Архангельская область без автономного округа;2016;104.8;105.6
Вологодская область;2016;105;123.9
Калининградская область;2016;104.7;108.9
Ленинградская область;2016;105.7;104.2
Мурманская область;2016;105.6;101.5
Новгородская область;2016;105.2;105.9
Псковская область;2016;105.1;104.1
г. Санкт-Петербург;2016;105.2;115.6
Южный             федеральный округ;2016;105.7;105.8
Республика Адыгея;2016;105.2;107.8
Республика Калмыкия;2016;105.4;93.1
Республика Крым;2016;107.2;113.7
Краснодарский край;2016;106;104
Астраханская область;2016;104.7;107.2
Волгоградская область;2016;105.1;107.4
Ростовская область;2016;105.2;105.8
г. Севастополь;2016;106.5;114
Северо-Кавказский        федеральный округ;2016;105.2;105.3
Республика Дагестан;2016;104.4;103.5
Республика Ингушетия;2016;102.6;105.8
Кабардино-Балкарская Республика;2016;106.1;107.5
Карачаево-Черкесская Республика;2016;105.4;108
Республика Северная Осетия - Алания;2016;104.8;103.2
Чеченская Республика;2016;105.3;103.5
Ставропольский край;2016;105.6;105
Приволжский федеральный округ;2016;104.6;104.9
Республика Башкортостан;2016;104.9;103.6
Республика Марий Эл;2016;105.4;105.7
Республика Мордовия;2016;103.8;105.1
Республика Татарстан;2016;103.9;104.4
Удмуртская Республика;2016;103.7;110.8
Чувашская Республика;2016;104.1;106.2
Пермский край;2016;105.4;103.7
Кировская область;2016;104.6;105.3
Нижегородская область ;2016;105.4;105.7
Оренбургская область;2016;103.5;102.2
Пензенская область;2016;104.2;104
Самарская область;2016;105.2;105.6
Саратовская область;2016;103.9;102.7
Ульяновская область;2016;105.5;110.1
Уральский         федеральный округ;2016;105.7;107
Курганская область;2016;105.6;107.2
Свердловская область ;2016;105.8;108.6
Тюменская область;2016;106.9;104
в том числе:;2016;0;0
Ханты-Мансийский автономный округ - Югра;2016;108.5;107.2
Ямало-Ненецкий автономный округ;2016;105.1;90.8
Тюменская область  без автономных округов;2016;105.1;104.1
Челябинская область;2016;104.9;113.3
Сибирский        федеральный округ;2016;105;112.6
Республика Алтай;2016;103.8;107.6
Республика Тыва;2016;104.3;107.4
Республика Хакасия;2016;104.4;108.7
Алтайский край;2016;105.8;106.1
Красноярский край;2016;104.7;111.4
Иркутская область;2016;106.7;106.4
Кемеровская область;2016;104.5;109.2
Новосибирская область ;2016;104.4;104.4
Омская область;2016;104.5;134.2
Томская область;2016;105.3;105.8
Дальневосточный федеральный округ;2016;105.4;110.5
Республика Бурятия;2016;104.2;107.7
Республика Саха (Якутия);2016;106;109.2
Забайкальский край;2016;105;109.2
Камчатский край;2016;105.7;116.4
Приморский край;2016;104.9;107.4
Хабаровский край ;2016;106.1;103.6
Амурская область;2016;105;107.3
Магаданская область;2016;103.7;115.6
Сахалинская область;2016;104.8;118.1
Еврейская автономная область;2016;106.7;101.4
Чукотский автономный округ;2016;105.9;107.4
Центральный федеральный округ;2017;103.2;102.2
Белгородская область;2017;101.5;97.7
Брянская область;2017;102.8;103.2
Владимирская область;2017;102.3;100.5
Воронежская область;2017;101.5;104.3
Ивановская область;2017;102.9;106.1
Калужская область;2017;103.4;102.5
Костромская область;2017;102.1;102.2
Курская область;2017;102.1;105.9
Липецкая область;2017;102.3;99.3
Московская область;2017;103.2;102.3
Орловская область;2017;102;101.2
Рязанская область;2017;103.3;102.1
Смоленская область;2017;102.4;102.2
Тамбовская область;2017;102;101.4
Тверская область;2017;102;101.9
Тульская область;2017;102.6;101.5
Ярославская область;2017;102.7;100.5
г. Москва;2017;103.8;102.2
Северо-Западный федеральный округ;2017;103.1;103.2
Республика Карелия;2017;102.8;111.9
Республика Коми;2017;102.4;105.1
Архангельская область;2017;101.6;106
в том числе: ;2017;0;0
Ненецкий автономный округ;2017;101.7;108.2
Архангельская область без автономного округа;2017;101.5;104.6
Вологодская область;2017;102.2;101.8
Калининградская область;2017;102.8;102.3
Ленинградская область;2017;102.7;99.5
Мурманская область;2017;103.1;112.1
Новгородская область;2017;102.4;102.6
Псковская область;2017;102.4;101.2
г. Санкт-Петербург;2017;103.7;101
Южный             федеральный округ;2017;102.1;104.3
Республика Адыгея;2017;101.7;97.9
Республика Калмыкия;2017;103.3;115.2
Республика Крым;2017;101.4;0
Краснодарский край;2017;102.2;101.2
Астраханская область;2017;102.1;104.4
Волгоградская область;2017;102.4;103.9
Ростовская область;2017;101.6;103.5
г. Севастополь;2017;103.8;0
Северо-Кавказский        федеральный округ;2017;102.2;102.3
Республика Дагестан;2017;101.1;104.5
Республика Ингушетия;2017;104;109.4
Кабардино-Балкарская Республика;2017;102.5;102.1
Карачаево-Черкесская Республика;2017;101.9;102.6
Республика Северная Осетия - Алания;2017;102.3;103
Чеченская Республика;2017;102;98.1
Ставропольский край;2017;102.9;102.2
Приволжский федеральный округ;2017;101.9;103.2
Республика Башкортостан;2017;101.6;105.7
Республика Марий Эл;2017;102.5;102
Республика Мордовия;2017;101.1;104.7
Республика Татарстан;2017;102.2;102.6
Удмуртская Республика;2017;101.4;107.4
Чувашская Республика;2017;101.4;104.2
Пермский край;2017;101.4;99.9
Кировская область;2017;102;105.3
Нижегородская область ;2017;103.1;107
Оренбургская область;2017;101.9;102.2
Пензенская область;2017;101.6;102.3
Самарская область;2017;101.5;103.6
Саратовская область;2017;101.2;101.2
Ульяновская область;2017;102.5;103.7
Уральский         федеральный округ;2017;102.4;103.2
Курганская область;2017;102.5;105.7
Свердловская область ;2017;102.2;100.7
Тюменская область;2017;102.7;102.8
в том числе:;2017;0;0
Ханты-Мансийский автономный округ - Югра;2017;103.1;106.7
Ямало-Ненецкий автономный округ;2017;101.5;103.4
Тюменская область  без автономных округов;2017;103.4;93.8
Челябинская область;2017;102.3;96.9
Сибирский        федеральный округ;2017;102;101.1
Республика Алтай;2017;101.6;104.8
Республика Тыва;2017;102.7;94.6
Республика Хакасия;2017;102;94.3
Алтайский край;2017;101.8;97
Красноярский край;2017;101.6;99.5
Иркутская область;2017;102.7;100.2
Кемеровская область;2017;102.1;97.4
Новосибирская область ;2017;101.5;101.9
Омская область;2017;101.4;101.9
Томская область;2017;102.8;112.5
Дальневосточный федеральный округ;2017;102.1;107.4
Республика Бурятия;2017;102.1;107.1
Республика Саха (Якутия);2017;104.4;99.5
Забайкальский край;2017;102.5;94.1
Камчатский край;2017;102.1;91.7
Приморский край;2017;101.8;105.9
Хабаровский край ;2017;102.6;106.3
Амурская область;2017;101.7;91.2
Магаданская область;2017;103.1;106.8
Сахалинская область;2017;102.2;120.5
Еврейская автономная область;2017;102.5;108.4
Чукотский автономный округ;2017;102.8;109.9
Центральный федеральный округ;2018;104.7;109.3
Белгородская область;2018;104.4;112.3
Брянская область;2018;104.9;108.7
Владимирская область;2018;105.2;111.1
Воронежская область;2018;104.6;108.8
Ивановская область;2018;105.1;108.4
Калужская область;2018;104.6;107.7
Костромская область;2018;104.6;101.4
Курская область;2018;105.7;101.4
Липецкая область;2018;105.3;118.2
Московская область;2018;105.3;109.2
Орловская область;2018;104;113.7
Рязанская область;2018;106;106.5
Смоленская область;2018;104.9;107.3
Тамбовская область;2018;105;116.7
Тверская область;2018;104.4;106.7
Тульская область;2018;104.7;110
Ярославская область;2018;105.1;102.3
г. Москва;2018;104.3;106.3
Северо-Западный федеральный округ;2018;104.1;106.6
Республика Карелия;2018;104.3;96.1
Республика Коми;2018;105.1;98.8
Архангельская область;2018;103.8;102.4
в том числе: ;2018;0;0
Ненецкий автономный округ;2018;101.8;95.9
Архангельская область без автономного округа;2018;104;103.6
Вологодская область;2018;103.9;111.2
Калининградская область;2018;104.8;127.8
Ленинградская область;2018;104;106.2
Мурманская область;2018;104.4;112
Новгородская область;2018;104.9;111.6
Псковская область;2018;104.9;118.3
г. Санкт-Петербург;2018;103.9;108.1
Южный             федеральный округ;2018;104.5;107.5
Республика Адыгея;2018;104.2;110
Республика Калмыкия;2018;104.3;100.8
Республика Крым;2018;105.5;0
Краснодарский край;2018;104.3;108.8
Астраханская область;2018;104;123.7
Волгоградская область;2018;104.3;102.3
Ростовская область;2018;104.5;106.8
г. Севастополь;2018;105.1;0
Северо-Кавказский        федеральный округ;2018;103.7;109.4
Республика Дагестан;2018;102.8;101.9
Республика Ингушетия;2018;101.9;100.6
Кабардино-Балкарская Республика;2018;103.5;102.8
Карачаево-Черкесская Республика;2018;103.7;109.6
Республика Северная Осетия - Алания;2018;103.4;112.5
Чеченская Республика;2018;103.5;105.7
Ставропольский край;2018;104.5;111.3
Приволжский федеральный округ;2018;104.2;105
Республика Башкортостан;2018;104.3;104.3
Республика Марий Эл;2018;105.4;106.3
Республика Мордовия;2018;103.4;110.6
Республика Татарстан;2018;103.7;104.7
Удмуртская Республика;2018;103.8;102.1
Чувашская Республика;2018;104.7;106.5
Пермский край;2018;103.8;100.5
Кировская область;2018;104.3;110.7
Нижегородская область ;2018;104.7;104.2
Оренбургская область;2018;104.3;108.4
Пензенская область;2018;104.2;113.7
Самарская область;2018;104.5;105.8
Саратовская область;2018;104.2;112.5
Ульяновская область;2018;104.5;106.9
Уральский         федеральный округ;2018;103.3;104.1
Курганская область;2018;104.4;106.1
Свердловская область ;2018;103.9;108.5
Тюменская область;2018;102.4;101.4
в том числе:;2018;0;0
Ханты-Мансийский автономный округ - Югра;2018;102;93.4
Ямало-Ненецкий автономный округ;2018;102.9;116.5
Тюменская область  без автономных округов;2018;102.9;106.9
Челябинская область;2018;103.5;115.7
Сибирский        федеральный округ;2018;104.3;113.3
Республика Алтай;2018;102.9;109
Республика Тыва;2018;103.8;110
Республика Хакасия;2018;105.2;136.9
Алтайский край;2018;104.1;116.2
Красноярский край;2018;104.3;122.1
Иркутская область;2018;105;106.8
Кемеровская область;2018;104.6;107.1
Новосибирская область ;2018;103.5;107
Омская область;2018;103.9;101.9
Томская область;2018;104.5;102.3
Дальневосточный федеральный округ;2018;103.8;109.8
Республика Бурятия;2018;105;113.8
Республика Саха (Якутия);2018;102.7;109.4
Забайкальский край;2018;104;116.6
Камчатский край;2018;103.4;110.7
Приморский край;2018;104.2;110
Хабаровский край ;2018;104;109.8
Амурская область;2018;104.6;120.2
Магаданская область;2018;104.7;109.6
Сахалинская область;2018;102.8;107.4
Еврейская автономная область;2018;104.6;104.3
Чукотский автономный округ;2018;104.9;103.7
Центральный федеральный округ;2019;103;111.7
Белгородская область;2019;102.8;108.3
Брянская область;2019;103.6;111.9
Владимирская область;2019;102.2;113.5
Воронежская область;2019;102.6;111.3
Ивановская область;2019;102.9;110.4
Калужская область;2019;102.7;109.9
Костромская область;2019;103.7;109.9
Курская область;2019;103.2;115
Липецкая область;2019;102.9;110.3
Московская область;2019;102.6;112.5
Орловская область;2019;103.4;114.2
Рязанская область;2019;102.9;112.7
Смоленская область;2019;102.2;107.3
Тамбовская область;2019;104;112
Тверская область;2019;102.1;108.6
Тульская область;2019;102.1;113.9
Ярославская область;2019;103.8;112.4
г. Москва;2019;103.4;115.8
Северо-Западный федеральный округ;2019;103;115
Республика Карелия;2019;102.8;112.2
Республика Коми;2019;103;110.6
Архангельская область;2019;103.3;119.2
в том числе: ;2019;0;0
Ненецкий автономный округ;2019;104.1;111.8
Архангельская область без автономного округа;2019;103.1;120.5
Вологодская область;2019;102.9;112
Калининградская область;2019;102.8;110.2
Ленинградская область;2019;102.9;111
Мурманская область;2019;103.5;123.5
Новгородская область;2019;102.5;114.8
Псковская область;2019;102.3;105.5
г. Санкт-Петербург;2019;103;116.8
Южный             федеральный округ;2019;102.7;112.7
Республика Адыгея;2019;102.2;119.9
Республика Калмыкия;2019;103.3;101.4
Республика Крым;2019;102.6;122.3
Краснодарский край;2019;102.6;118.5
Астраханская область;2019;102.6;98.4
Волгоградская область;2019;103;110.3
Ростовская область;2019;102.7;111.5
г. Севастополь;2019;102.5;117.3
Северо-Кавказский        федеральный округ;2019;103.2;112.3
Республика Дагестан;2019;103.8;108.5
Республика Ингушетия;2019;103.4;100.3
Кабардино-Балкарская Республика;2019;103.7;114.6
Карачаево-Черкесская Республика;2019;103;104.2
Республика Северная Осетия - Алания;2019;101.9;111
Чеченская Республика;2019;103;103.1
Ставропольский край;2019;103.1;109.6
Приволжский федеральный округ;2019;102.7;112.1
Республика Башкортостан;2019;102.9;112.5
Республика Марий Эл;2019;102.5;107.2
Республика Мордовия;2019;102;108.6
Республика Татарстан;2019;102.9;112.4
Удмуртская Республика;2019;102.4;107.6
Чувашская Республика;2019;102;113.5
Пермский край;2019;103.1;114.8
Кировская область;2019;102.7;108.6
Нижегородская область ;2019;103;111.3
Оренбургская область;2019;102.4;120
Пензенская область;2019;102.5;106.8
Самарская область;2019;103;110.8
Саратовская область;2019;102.5;111.7
Ульяновская область;2019;102.9;114.7
Уральский         федеральный округ;2019;103.1;111.1
Курганская область;2019;103.2;106
Свердловская область ;2019;103.7;120.1
Тюменская область;2019;102.5;107.2
в том числе:;2019;0;0
Ханты-Мансийский автономный округ - Югра;2019;102.3;112.7
Ямало-Ненецкий автономный округ;2019;101.6;103
Тюменская область  без автономных округов;2019;103.1;94.8
Челябинская область;2019;103.1;112.4
Сибирский        федеральный округ;2019;103.6;108.8
Республика Алтай;2019;102;113.1
Республика Тыва;2019;103.3;116.2
Республика Хакасия;2019;103.4;106.9
Алтайский край;2019;103.3;110.1
Красноярский край;2019;103.8;104.9
Иркутская область;2019;104.1;113.1
Кемеровская область;2019;103.9;109.1
Новосибирская область ;2019;102.9;112.4
Омская область;2019;103.6;109
Томская область;2019;103.8;109.9
Дальневосточный федеральный округ;2019;103.9;110.1
Республика Бурятия;2019;104.1;109
Республика Саха (Якутия);2019;104.2;114.7
Забайкальский край;2019;103.9;104.9
Камчатский край;2019;102.5;134.9
Приморский край;2019;103.2;113.4
Хабаровский край ;2019;104.2;109.6
Амурская область;2019;104.8;117.3
Магаданская область;2019;102.6;105.7
Сахалинская область;2019;103.5;102.9
Еврейская автономная область;2019;104.7;104.4
Чукотский автономный округ;2019;103.8;90.3
Центральный федеральный округ;2020;104.7;105
Белгородская область;2020;104.9;105.3
Брянская область;2020;105.2;104.6
Владимирская область;2020;105.6;106.3
Воронежская область;2020;106.9;100.8
Ивановская область;2020;105.8;108.8
Калужская область;2020;105.7;103.6
Костромская область;2020;105.2;108.5
Курская область;2020;105.8;109.1
Липецкая область;2020;106.1;115.9
Московская область;2020;104.7;104.6
Орловская область;2020;105.2;104.6
Рязанская область;2020;106;107.5
Смоленская область;2020;105.4;105.1
Тамбовская область;2020;105.7;100.5
Тверская область;2020;105.2;103.2
Тульская область;2020;106.1;105.9
Ярославская область;2020;105.5;106.1
г. Москва;2020;103.8;104.2
Северо-Западный федеральный округ;2020;104.8;108.7
Республика Карелия;2020;106.1;119.8
Республика Коми;2020;106.6;113
Архангельская область;2020;104.6;107.4
в том числе: ;2020;0;0
Ненецкий автономный округ;2020;103.4;110.9
Архангельская область без автономного округа;2020;104.7;106.6
Вологодская область;2020;105.3;124.4
Калининградская область;2020;105.1;103.7
Ленинградская область;2020;104.1;102.9
Мурманская область;2020;104.1;102.6
Новгородская область;2020;105.6;105.5
Псковская область;2020;104.9;106.7
г. Санкт-Петербург;2020;104.7;106.4
Южный             федеральный округ;2020;105.2;106
Республика Адыгея;2020;105.8;107
Республика Калмыкия;2020;106.3;95.8
Республика Крым;2020;105.2;108.4
Краснодарский край;2020;105.1;104.4
Астраханская область;2020;104.9;105
Волгоградская область;2020;104.9;107.9
Ростовская область;2020;105.2;106
г. Севастополь;2020;105.7;111.1
Северо-Кавказский        федеральный округ;2020;106.1;104.3
Республика Дагестан;2020;107.3;104.5
Республика Ингушетия;2020;105.8;107
Кабардино-Балкарская Республика;2020;105.4;114.2
Карачаево-Черкесская Республика;2020;105.2;109.4
Республика Северная Осетия - Алания;2020;105.1;102.7
Чеченская Республика;2020;105;103
Ставропольский край;2020;105.7;102.4
Приволжский федеральный округ;2020;105.3;105
Республика Башкортостан;2020;105;103.7
Республика Марий Эл;2020;105.1;107.3
Республика Мордовия;2020;104.5;105.8
Республика Татарстан;2020;104.8;104.9
Удмуртская Республика;2020;105.2;109.5
Чувашская Республика;2020;105.2;107.6
Пермский край;2020;104.5;102.6
Кировская область;2020;105.3;106.9
Нижегородская область ;2020;105.8;105.6
Оренбургская область;2020;104.8;100
Пензенская область;2020;106.1;104.9
Самарская область;2020;105.6;107.2
Саратовская область;2020;106.7;103.6
Ульяновская область;2020;105.7;107.9
Уральский         федеральный округ;2020;104.2;107.5
Курганская область;2020;105.9;112.9
Свердловская область ;2020;104.2;107.9
Тюменская область;2020;103.6;104.4
в том числе:;2020;0;0
Ханты-Мансийский автономный округ - Югра;2020;103.9;106.9
Ямало-Ненецкий автономный округ;2020;103.4;89.8
Тюменская область  без автономных округов;2020;104.2;104.2
Челябинская область;2020;104.6;114.9
Сибирский        федеральный округ;2020;104.7;113.2
Республика Алтай;2020;104.2;103.8
Республика Тыва;2020;105.1;118.8
Республика Хакасия;2020;106;104.4
Алтайский край;2020;105.4;113.3
Красноярский край;2020;104.7;110
Иркутская область;2020;105.1;104.7
Кемеровская область;2020;104.6;137.4
Новосибирская область ;2020;104.4;105.5
Омская область;2020;104.9;108.9
Томская область;2020;104.3;111.1
Дальневосточный федеральный округ;2020;105;117.2
Республика Бурятия;2020;106;118.7
Республика Саха (Якутия);2020;104;108.5
Забайкальский край;2020;105.3;106.7
Камчатский край;2020;103.3;105.3
Приморский край;2020;105;108
Хабаровский край ;2020;104.9;108.3
Амурская область;2020;107.2;107.8
Магаданская область;2020;105;107.1
Сахалинская область;2020;105;138.1
Еврейская автономная область;2020;106.1;100.8
Чукотский автономный округ;2020;101.9;119.9
Центральный федеральный округ;2021;108.3;103.8
Белгородская область;2021;109.1;99.9
Брянская область;2021;109.3;102.7
Владимирская область;2021;109.2;105.3
Воронежская область;2021;109.3;97.8
Ивановская область;2021;109.9;104.3
Калужская область;2021;108.9;101.8
Костромская область;2021;108.5;103
Курская область;2021;109.8;100.4
Липецкая область;2021;109.1;98.4
Московская область;2021;109.8;98.4
Орловская область;2021;109.1;101.1
Рязанская область;2021;109.2;104.2
Смоленская область;2021;108.1;105.5
Тамбовская область;2021;109.9;93.8
Тверская область;2021;109.1;103.4
Тульская область;2021;108.7;107.6
Ярославская область;2021;109.3;105.6
г. Москва;2021;107.1;107.5
Северо-Западный федеральный округ;2021;108.5;104.5
Республика Карелия;2021;109.4;100.8
Республика Коми;2021;107.5;114.3
Архангельская область;2021;109.3;115.1
в том числе: ;2021;0;0
Ненецкий автономный округ;2021;103.7;133.5
Архангельская область без автономного округа;2021;109.6;109.8
Вологодская область;2021;109.3;101.1
Калининградская область;2021;109.5;105.4
Ленинградская область;2021;108;106.4
Мурманская область;2021;107.2;98.2
Новгородская область;2021;107.4;99.4
Псковская область;2021;108.1;100.6
г. Санкт-Петербург;2021;108.7;100.7
Южный             федеральный округ;2021;108.8;104
Республика Адыгея;2021;108.9;98.4
Республика Калмыкия;2021;111.5;115.1
Республика Крым;2021;108.7;110.2
Краснодарский край;2021;109.3;99.2
Астраханская область;2021;108.5;104.4
Волгоградская область;2021;107.8;113.5
Ростовская область;2021;108.6;100.1
г. Севастополь;2021;110.1;100.6
Северо-Кавказский        федеральный округ;2021;109.8;96.5
Республика Дагестан;2021;111.8;105.2
Республика Ингушетия;2021;108.9;114.4
Кабардино-Балкарская Республика;2021;108.2;92.9
Карачаево-Черкесская Республика;2021;107.5;101.7
Республика Северная Осетия - Алания;2021;109.2;115.1
Чеченская Республика;2021;107.6;116
Ставропольский край;2021;109;93
Приволжский федеральный округ;2021;108.6;108.9
Республика Башкортостан;2021;108.7;108.4
Республика Марий Эл;2021;107.8;100.3
Республика Мордовия;2021;107.8;96.8
Республика Татарстан;2021;108.7;111.3
Удмуртская Республика;2021;108.7;105.7
Чувашская Республика;2021;108.9;103.6
Пермский край;2021;108.9;118.2
Кировская область;2021;109.2;104.9
Нижегородская область ;2021;108.1;108.6
Оренбургская область;2021;108.6;106.3
Пензенская область;2021;108.3;99.7
Самарская область;2021;108.8;110.3
Саратовская область;2021;108.7;103.6
Ульяновская область;2021;108.8;104.4
Уральский         федеральный округ;2021;107;116.3
Курганская область;2021;109;105
Свердловская область ;2021;108.1;101.2
Тюменская область;2021;106;126.8
в том числе:;2021;0;0
Ханты-Мансийский автономный округ - Югра;2021;105.5;138.6
Ямало-Ненецкий автономный округ;2021;106.5;117.5
Тюменская область  без автономных округов;2021;106.8;104
Челябинская область;2021;106.7;107.1
Сибирский        федеральный округ;2021;109.1;110.8
Республика Алтай;2021;108.3;99.6
Республика Тыва;2021;107.8;103.4
Республика Хакасия;2021;110.2;109.7
Алтайский край;2021;110.2;101
Красноярский край;2021;109;117.6
Иркутская область;2021;108.9;118
Кемеровская область;2021;109.2;104.4
Новосибирская область ;2021;109.2;104.3
Омская область;2021;109.4;110.3
Томская область;2021;107.5;119.3
Дальневосточный федеральный округ;2021;107.2;103.1
Республика Бурятия;2021;109.4;92.9
Республика Саха (Якутия);2021;106.2;94.4
Забайкальский край;2021;109.4;103
Камчатский край;2021;106.7;99.6
Приморский край;2021;107.4;102
Хабаровский край ;2021;106.2;101.3
Амурская область;2021;106.3;98.9
Магаданская область;2021;108.6;103.4
Сахалинская область;2021;106.2;104.5
Еврейская автономная область;2021;108.5;101.8
Чукотский автономный округ;2021;105.8;128.1
